timestamp,theta0,theta1,theta2,g1,g2,g3,g_min,g_max,encirclement_valid,same_semicircle,encirclement_generation0,encirclement_generation1,encirclement_generation2,hypothesis0,hypothesis1,hypothesis2
1789734190.17,-2.71496516046,3.14159265359,2.71496516046,5.42993032093,0.426627493127,0.426627493127,0.426627493127,5.42993032093,0,1,0,0,0,0,0,0
1789734190.27,-2.71496516046,3.14159265359,2.71496516046,5.42993032093,0.426627493127,0.426627493127,0.426627493127,5.42993032093,0,1,0,0,0,0,0,0
1789734190.37,-2.71496516046,3.14159265359,2.71496516046,5.42993032093,0.426627493127,0.426627493127,0.426627493127,5.42993032093,0,1,0,0,0,0,0,0
1789734190.47,-2.71496516046,3.14159265359,2.71496516046,5.42993032093,0.426627493127,0.426627493127,0.426627493127,5.42993032093,0,1,0,0,0,0,0,0
1789734190.57,-2.71496516046,3.14159265359,2.71496516046,5.42993032093,0.426627493127,0.426627493127,0.426627493127,5.42993032093,0,1,0,0,0,0,0,0
1789734190.67,-2.71496516046,3.14159265359,2.71496516046,5.42993032093,0.426627493127,0.426627493127,0.426627493127,5.42993032093,0,1,0,0,0,0,0,0
1789734190.77,-2.71496516046,3.14159265359,2.71496516046,5.42993032093,0.426627493127,0.426627493127,0.426627493127,5.42993032093,0,1,0,0,0,0,0,0
1789734190.87,-2.71496516046,3.14159265359,2.71496516046,5.42993032093,0.426627493127,0.426627493127,0.426627493127,5.42993032093,0,1,0,0,0,0,0,0
1789734190.97,-2.71496516046,3.14159265359,2.71496516046,5.42993032093,0.426627493127,0.426627493127,0.426627493127,5.42993032093,0,1,0,0,0,0,0,0
1789734191.07,-2.71496516046,3.14159265359,2.71496516046,5.42993032093,0.426627493127,0.426627493127,0.426627493127,5.42993032093,0,1,0,0,0,0,0,0
1789734191.17,-2.71496516046,3.14159265359,2.71496516046,5.42993032093,0.426627493127,0.426627493127,0.426627493127,5.42993032093,0,1,0,0,0,0,0,0
1789734191.27,-2.71496516046,3.14159265359,2.71496516046,5.42993032093,0.426627493127,0.426627493127,0.426627493127,5.42993032093,0,1,0,0,0,0,0,0
1789734191.37,-2.71496516046,3.14159265359,2.71496516046,5.42993032093,0.426627493127,0.426627493127,0.426627493127,5.42993032093,0,1,0,0,0,0,0,0
1789734191.47,-2.71496516046,3.14159265359,2.71496516046,5.42993032093,0.426627493127,0.426627493127,0.426627493127,5.42993032093,0,1,0,0,0,0,0,0
1789734191.57,-2.71496516046,3.14159265359,2.71496516046,5.42993032093,0.426627493127,0.426627493127,0.426627493127,5.42993032093,0,1,0,0,0,0,0,0
1789734191.67,-2.71496516046,3.14159265359,2.71496516046,5.42993032093,0.426627493127,0.426627493127,0.426627493127,5.42993032093,0,1,0,0,0,0,0,0
1789734191.77,-2.71496516046,3.14159265359,2.71496516046,5.42993032093,0.426627493127,0.426627493127,0.426627493127,5.42993032093,0,1,0,0,0,0,0,0
1789734191.87,-2.71496516046,3.14159265359,2.71496516046,5.42993032093,0.426627493127,0.426627493127,0.426627493127,5.42993032093,0,1,0,0,0,0,0,0
1789734191.97,-2.71496516046,3.14159265359,2.71496516046,5.42993032093,0.426627493127,0.426627493127,0.426627493127,5.42993032093,0,1,0,0,0,0,0,0
1789734192.07,-2.71496516046,3.14159265359,2.71496516046,5.42993032093,0.426627493127,0.426627493127,0.426627493127,5.42993032093,0,1,0,0,0,0,0,0
1789734192.17,-2.71496516046,3.14159265359,2.71496516046,5.42993032093,0.426627493127,0.426627493127,0.426627493127,5.42993032093,0,1,0,0,0,0,0,0
1789734192.27,-2.71496516046,3.14159265359,2.71496516046,5.42993032093,0.426627493127,0.426627493127,0.426627493127,5.42993032093,0,1,0,0,0,0,0,0
1789734192.37,-2.71496516046,3.14159265359,2.71496516046,5.42993032093,0.426627493127,0.426627493127,0.426627493127,5.42993032093,0,1,0,0,0,0,0,0
1789734192.47,-2.71496516046,3.14159265359,2.71496516046,5.42993032093,0.426627493127,0.426627493127,0.426627493127,5.42993032093,0,1,0,0,0,0,0,0
1789734192.57,-2.71496516046,3.14159265359,2.71496516046,5.42993032093,0.426627493127,0.426627493127,0.426627493127,5.42993032093,0,1,0,0,0,0,0,0
1789734192.67,-2.71496516046,3.14159265359,2.71496516046,5.42993032093,0.426627493127,0.426627493127,0.426627493127,5.42993032093,0,1,0,0,0,0,0,0
1789734192.77,-2.71496516046,3.14159265359,2.71496516046,5.42993032093,0.426627493127,0.426627493127,0.426627493127,5.42993032093,0,1,0,0,0,0,0,0
1789734192.87,-2.71496516046,3.14159265359,2.71496516046,5.42993032093,0.426627493127,0.426627493127,0.426627493127,5.42993032093,0,1,0,0,0,0,0,0
1789734192.97,-2.71496516046,3.14159265359,2.71496516046,5.42993032093,0.426627493127,0.426627493127,0.426627493127,5.42993032093,0,1,0,0,0,0,0,0
1789734193.07,-2.71496516046,3.14159265359,2.71496516046,5.42993032093,0.426627493127,0.426627493127,0.426627493127,5.42993032093,0,1,0,0,0,0,0,0
1789734193.17,-2.71496516046,3.14159265359,2.71496516046,5.42993032093,0.426627493127,0.426627493127,0.426627493127,5.42993032093,0,1,0,0,0,0,0,0
1789734193.27,-2.71496516046,3.14159265359,2.71496516046,5.42993032093,0.426627493127,0.426627493127,0.426627493127,5.42993032093,0,1,0,0,0,0,0,0
1789734193.37,-2.71496516046,3.14159265359,2.71496516046,5.42993032093,0.426627493127,0.426627493127,0.426627493127,5.42993032093,0,1,0,0,0,0,0,0
1789734193.47,-2.71496516046,3.14159265359,2.71496516046,5.42993032093,0.426627493127,0.426627493127,0.426627493127,5.42993032093,0,1,0,0,0,0,0,0
1789734193.57,-2.71496516046,3.14159265359,2.71496516046,5.42993032093,0.426627493127,0.426627493127,0.426627493127,5.42993032093,0,1,0,0,0,0,0,0
1789734193.67,-2.71496516046,3.14159265359,2.71496516046,5.42993032093,0.426627493127,0.426627493127,0.426627493127,5.42993032093,0,1,0,0,0,0,0,0
1789734193.77,-2.71496516046,3.14159265359,2.71496516046,5.42993032093,0.426627493127,0.426627493127,0.426627493127,5.42993032093,0,1,0,0,0,0,0,0
1789734193.87,-2.71496516046,3.14159265359,2.71496516046,5.42993032093,0.426627493127,0.426627493127,0.426627493127,5.42993032093,0,1,0,0,0,0,0,0
1789734193.97,-2.71496516046,3.14159265359,2.71496516046,5.42993032093,0.426627493127,0.426627493127,0.426627493127,5.42993032093,0,1,0,0,0,0,0,0
1789734194.07,-2.71496516046,3.14159265359,2.71496516046,5.42993032093,0.426627493127,0.426627493127,0.426627493127,5.42993032093,0,1,0,0,0,0,0,0
1789734194.17,-2.71496516046,3.14159265359,2.71496516046,5.42993032093,0.426627493127,0.426627493127,0.426627493127,5.42993032093,0,1,0,0,0,0,0,0
1789734194.27,-2.71496516046,3.14159265359,2.71496516046,5.42993032093,0.426627493127,0.426627493127,0.426627493127,5.42993032093,0,1,0,0,0,0,0,0
1789734194.37,-2.71496516046,3.14159265359,2.71496516046,5.42993032093,0.426627493127,0.426627493127,0.426627493127,5.42993032093,0,1,0,0,0,0,0,0
1789734194.47,-2.71496516046,3.14159265359,2.71496516046,5.42993032093,0.426627493127,0.426627493127,0.426627493127,5.42993032093,0,1,0,0,0,0,0,0
1789734194.57,-2.71496516046,3.14159265359,2.71496516046,5.42993032093,0.426627493127,0.426627493127,0.426627493127,5.42993032093,0,1,0,0,0,0,0,0
1789734194.67,-2.71496516046,3.14159265359,2.71496516046,5.42993032093,0.426627493127,0.426627493127,0.426627493127,5.42993032093,0,1,0,0,0,0,0,0
1789734194.77,-2.71496516046,3.14159265359,2.71496516046,5.42993032093,0.426627493127,0.426627493127,0.426627493127,5.42993032093,0,1,0,0,0,0,0,0
1789734194.87,-2.71496516046,3.14159265359,2.71496516046,5.42993032093,0.426627493127,0.426627493127,0.426627493127,5.42993032093,0,1,0,0,0,0,0,0
1789734194.97,-2.71496516046,3.14159265359,2.71496516046,5.42993032093,0.426627493127,0.426627493127,0.426627493127,5.42993032093,0,1,0,0,0,0,0,0
1789734195.07,-2.71496516046,3.14159265359,2.71496516046,5.42993032093,0.426627493127,0.426627493127,0.426627493127,5.42993032093,0,1,0,0,0,0,0,0
1789734195.17,-2.71496516046,3.14159265359,2.71496516046,5.42993032093,0.426627493127,0.426627493127,0.426627493127,5.42993032093,0,1,0,0,0,0,0,0
1789734195.27,-2.71496516046,3.14159265359,2.71496516046,5.42993032093,0.426627493127,0.426627493127,0.426627493127,5.42993032093,0,1,0,0,0,0,0,0
1789734195.37,-2.71496516046,3.14159265359,2.71496516046,5.42993032093,0.426627493127,0.426627493127,0.426627493127,5.42993032093,0,1,0,0,0,0,0,0
1789734195.47,-2.71496516046,3.14159265359,2.71496516046,5.42993032093,0.426627493127,0.426627493127,0.426627493127,5.42993032093,0,1,0,0,0,0,0,0
1789734195.57,-2.71496516046,3.14159265359,2.71496516046,5.42993032093,0.426627493127,0.426627493127,0.426627493127,5.42993032093,0,1,0,0,0,0,0,0
1789734195.67,-2.71496516046,3.14159265359,2.71496516046,5.42993032093,0.426627493127,0.426627493127,0.426627493127,5.42993032093,0,1,0,0,0,0,0,0
1789734195.77,-2.71496516046,3.14159265359,2.71496516046,5.42993032093,0.426627493127,0.426627493127,0.426627493127,5.42993032093,0,1,0,0,0,0,0,0
1789734195.87,-2.71496516046,3.14159265359,2.71496516046,5.42993032093,0.426627493127,0.426627493127,0.426627493127,5.42993032093,0,1,0,0,0,0,0,0
1789734195.97,-2.71496516046,3.14159265359,2.71496516046,5.42993032093,0.426627493127,0.426627493127,0.426627493127,5.42993032093,0,1,0,0,0,0,0,0
1789734196.07,-2.71496516046,-3.14159265359,2.71496516046,0.426627493129,5.42993032092,0.426627493127,0.426627493127,5.42993032092,0,1,4,4,0,0,0,0
1789734196.17,-2.71495996782,-3.14159265359,2.71495168881,0.426632685766,5.42991165663,0.426640964781,0.426632685766,5.42991165663,0,1,4,4,4,0,0,1
1789734196.27,-2.71483133607,-3.14159265355,2.7136836757,0.426761317484,5.42851501177,0.427908977925,0.426761317484,5.42851501177,0,1,4,4,4,0,0,1
1789734196.37,-2.71422202937,-3.1415926534,2.70428158615,0.427370624032,5.41850361552,0.437311067623,0.427370624032,5.41850361552,0,1,4,4,4,0,0,1
1789734196.47,-2.71377206498,3.1412151154,2.68028748533,5.39405955031,0.460927630068,0.428198126803,0.428198126803,5.39405955031,0,1,4,4,4,0,0,1
1789734196.57,-2.73452197292,3.13211474892,2.65070659286,5.38522856579,0.48140815606,0.416548585333,0.416548585333,5.38522856579,0,1,4,4,4,0,0,1
1789734196.67,-2.75370336696,3.12351107487,2.60670842316,5.36041179013,0.516802651705,0.405970865348,0.405970865348,5.36041179013,0,1,4,4,4,0,0,1
1789734196.77,-2.77184513622,3.1153055553,2.55440469616,5.32624983238,0.56090085914,0.396034615658,0.396034615658,5.32624983238,0,1,4,4,4,0,0,1
1789734196.87,-2.78940822944,3.10745969227,2.49913876643,5.28854699587,0.608320925841,0.386317385465,0.386317385465,5.28854699587,0,1,4,5,4,0,1,1
1789734196.97,-2.80620732045,3.09985665061,2.43718683712,5.24339415758,0.662669813491,0.377121336114,0.377121336114,5.24339415758,0,1,5,5,5,1,1,2
1789734197.07,-2.82165148617,3.09368185752,2.37219011363,5.19384159979,0.721491743898,0.367851963488,0.367851963488,5.19384159979,0,1,5,5,5,1,1,2
1789734197.17,-2.83461867345,3.09128544692,2.3146700918,5.14928876526,0.776615355121,0.357281186803,0.357281186803,5.14928876526,0,1,5,5,5,1,1,0
1789734197.27,-2.84201623825,3.09408682404,2.266297245,5.10831348326,0.827789579037,0.347082244884,0.347082244884,5.10831348326,0,1,5,5,5,1,1,0
1789734197.37,-2.84405869527,3.10306320716,2.2307653127,5.07482400797,0.872297894462,0.336063404752,0.336063404752,5.07482400797,0,1,5,5,5,1,1,0
1789734197.47,-2.8386234287,3.11899622123,2.20193891628,5.04056234498,0.91705730495,0.325565657245,0.325565657245,5.04056234498,0,1,5,5,5,0,0,0
1789734197.57,-2.82586841588,3.1383830623,2.18477184743,5.01064026331,0.953611214873,0.318933828999,0.318933828999,5.01064026331,0,1,5,5,5,0,0,0
1789734197.67,-2.80617616602,-3.12047734035,2.17217535225,0.314301174328,4.97835151826,0.990532614588,0.314301174328,4.97835151826,0,1,5,5,5,0,0,0
1789734197.77,-2.77604644127,-3.0933934401,2.15973377656,0.317346998825,4.93578021784,1.03005809052,0.317346998825,4.93578021784,0,1,6,6,6,2,0,2
1789734197.87,-2.73870228336,-3.07085661579,2.15011710391,0.332154332435,4.88881938727,1.06221158747,0.332154332435,4.88881938727,0,1,6,6,6,2,0,2
1789734197.97,-2.69287611819,-3.05262416381,2.14200870589,0.359748045626,4.83488482408,1.08855243747,0.359748045626,4.83488482408,0,1,6,6,6,2,0,0
1789734198.07,-2.64728208012,-3.0412883271,2.13214692559,0.394006246985,4.7794290057,1.10975005449,0.394006246985,4.7794290057,0,1,6,6,6,0,0,0
1789734198.17,-2.60231126564,-3.03827014881,2.12227288661,0.435958883164,4.72458415225,1.12264227177,0.435958883164,4.72458415225,0,1,6,6,6,0,0,0
1789734198.27,-2.56102890546,-3.03943130067,2.11422660899,0.47840239521,4.67525551444,1.12952739753,0.47840239521,4.67525551444,0,1,7,7,6,2,0,0
1789734198.37,-2.52428433997,-3.04449027589,2.11129426738,0.520205935917,4.63557860735,1.12740076391,0.520205935917,4.63557860735,0,1,7,7,7,2,0,0
1789734198.47,-2.49380836992,-3.05102601075,2.11211645507,0.55721764083,4.605924825,1.12004284135,0.55721764083,4.605924825,0,1,7,7,7,2,0,0
1789734198.57,-2.45951328274,-3.05612168372,2.11787386383,0.596608400986,4.57738714657,1.10918975962,0.596608400986,4.57738714657,0,1,7,7,7,0,0,0
1789734198.67,-2.41820561937,-3.0585714541,2.12779321647,0.640365834733,4.54599883584,1.09682063661,0.640365834733,4.54599883584,0,1,7,7,7,0,0,0
1789734198.77,-2.37493273316,-3.05825029885,2.13978539826,0.683317565692,4.51471813143,1.08514961006,0.683317565692,4.51471813143,0,1,7,7,7,0,0,0
1789734198.87,-2.32974327348,-3.05168953133,2.15001488095,0.72194625785,4.47975815444,1.08148089489,0.72194625785,4.47975815444,0,1,7,7,8,0,0,0
1789734198.97,-2.28932649005,-3.03155642505,2.15747842436,0.742229935008,4.44680491441,1.09415045777,0.742229935008,4.44680491441,0,1,8,8,8,0,2,0
1789734199.07,-2.25140464017,-3.00243984191,2.16227233281,0.751035201746,4.41367697298,1.11847313245,0.751035201746,4.41367697298,0,1,8,8,8,0,0,0
1789734199.17,-2.22825712414,-2.97586117404,2.16734394609,0.747604049895,4.39560107023,1.13998018705,0.747604049895,4.39560107023,0,1,8,8,8,0,0,0
1789734199.27,-2.20452283118,-2.95576412012,2.17360690305,0.751241288935,4.37812973424,1.15381428401,0.751241288935,4.37812973424,0,1,8,8,8,0,0,0
1789734199.37,-2.18312872341,-2.94215276826,2.18052966958,0.759024044854,4.36365839299,1.16050286934,0.759024044854,4.36365839299,0,1,8,8,9,0,0,1
1789734199.47,-2.16704202623,-2.93942407795,2.18889669063,0.772382051727,4.35593871685,1.1548645386,0.772382051727,4.35593871685,0,1,9,9,9,0,0,1
1789734199.57,-2.14788457327,-2.95052085175,2.19786711907,0.802636278478,4.34575169235,1.13479733636,0.802636278478,4.34575169235,0,1,9,9,9,0,0,1
1789734199.67,-2.13429202327,-2.9714502334,2.20230076167,0.837158210126,4.33659278495,1.10943431211,0.837158210126,4.33659278495,0,1,9,9,9,0,0,0
1789734199.77,-2.12245756446,-2.99710797979,2.20184820276,0.874650415334,4.32430576722,1.08422912463,0.874650415334,4.32430576722,0,1,9,9,9,0,0,0
1789734199.87,-2.11173557444,-3.02281631996,2.20065073227,0.911080745516,4.31238630671,1.05971825495,0.911080745516,4.31238630671,0,1,9,9,9,0,0,0
1789734199.97,-2.09719234821,-3.04590702175,2.20213580131,0.948714673539,4.29932814952,1.03514248412,0.948714673539,4.29932814952,0,1,9,10,10,0,0,0
1789734200.07,-2.08214029533,-3.06321953984,2.2063080922,0.98107924451,4.28844838753,1.01365767514,0.98107924451,4.28844838753,0,1,10,10,10,0,0,0
1789734200.17,-2.06640974895,-3.07446228508,2.21478990643,1.00805253613,4.28119965538,0.993933115674,0.993933115674,4.28119965538,0,1,10,10,10,0,0,0
1789734200.27,-2.05027073682,-3.07800083775,2.22718915238,1.02773010093,4.2774598892,0.977995317046,0.977995317046,4.2774598892,0,1,10,10,10,0,0,0
1789734200.37,-2.03452324222,-3.07540165668,2.24197340438,1.04087841446,4.27649664661,0.965810246113,0.965810246113,4.27649664661,0,1,10,10,10,0,0,0
1789734200.47,-2.02079214591,-3.0680466249,2.2566721164,1.04725447898,4.27746426232,0.958466565879,0.958466565879,4.27746426232,0,1,10,10,10,0,0,0
1789734200.57,-2.00820017083,-3.05851738675,2.26908201233,1.05031721592,4.27728218316,0.955585908096,0.955585908096,4.27728218316,0,1,10,11,11,0,0,0
1789734200.67,-1.99131564471,-3.04282956523,2.27683487495,1.05151392052,4.26815051966,0.963520866997,0.963520866997,4.26815051966,0,1,11,11,11,0,0,0
1789734200.77,-1.97585596425,-3.0275300179,2.27435769457,1.05167405366,4.25021365882,0.981297594706,0.981297594706,4.25021365882,0,1,11,11,11,0,0,0
1789734200.87,-1.95725096037,-3.0110633631,2.25227682651,1.05381240273,4.20952778688,1.01984511757,1.01984511757,4.20952778688,0,1,11,11,11,0,0,0
1789734200.97,-1.94240544998,-2.99420057588,2.21469851442,1.0517951259,4.1571039644,1.07428621688,1.0517951259,4.1571039644,0,1,11,11,11,0,0,0
1789734201.07,-1.92503992892,-2.97522046462,2.15169406034,1.0501805357,4.07673398926,1.15627078222,1.0501805357,4.07673398926,0,1,11,12,12,0,2,1
1789734201.17,-1.9079400034,-2.95691000589,2.06135979904,1.04897000248,3.96929980244,1.26491550225,1.04897000248,3.96929980244,0,1,12,12,12,0,2,1
1789734201.27,-1.8877666526,-2.94333355896,1.9454426365,1.05556690636,3.83320928911,1.39440911172,1.05556690636,3.83320928911,0,1,12,12,12,0,0,1
1789734201.37,-1.87042074101,-2.94107870454,1.81647997138,1.07065796353,3.68690071239,1.52562663125,1.07065796353,3.68690071239,0,1,12,12,12,0,0,1
1789734201.47,-1.85195395867,-2.94814121545,1.69967833089,1.09618725677,3.55163228956,1.63536576084,1.09618725677,3.55163228956,0,1,12,12,12,0,0,1
1789734201.57,-1.83380655779,-2.95972964572,1.61660383474,1.12592308793,3.45041039253,1.70685182672,1.12592308793,3.45041039253,0,1,12,12,12,0,0,1
1789734201.67,-1.81432892466,-2.97323736612,1.58658304822,1.15890844146,3.40091197288,1.72336489284,1.15890844146,3.40091197288,0,1,12,12,12,0,0,1
1789734201.77,-1.79722729275,-2.98693146642,1.60423097971,1.18970417366,3.40145827246,1.69202286106,1.18970417366,3.40145827246,0,1,12,12,12,0,0,1
1789734201.87,-1.78523171114,-2.99934188514,1.68714626987,1.214110174,3.472377981,1.59669715217,1.214110174,3.472377981,0,1,12,12,12,0,0,1
1789734201.97,-1.7732622703,-3.00917517073,1.80516974239,1.23591290043,3.57843201268,1.46884039407,1.23591290043,3.57843201268,0,1,12,12,12,0,0,1
1789734202.07,-1.76667887866,-3.01507712517,1.94786290993,1.24839824651,3.71454178858,1.32024527209,1.24839824651,3.71454178858,0,1,12,12,12,0,0,1
1789734202.17,-1.76044901707,-3.01684198157,2.10371055223,1.2563929645,3.8641595693,1.16263277338,1.16263277338,3.8641595693,0,1,12,12,12,0,0,1
1789734202.27,-1.75066120392,-3.01078494778,2.23086829301,1.26012374386,3.98152949693,1.04153206639,1.04153206639,3.98152949693,0,1,12,12,12,0,0,1
1789734202.37,-1.74464374027,-2.99778245618,2.33825955656,1.25313871591,4.08290329683,0.947143294439,0.947143294439,4.08290329683,0,1,12,12,12,0,0,0
1789734202.47,-1.73572639563,-2.97536809472,2.42111781731,1.23964169909,4.15684421294,0.886699395146,0.886699395146,4.15684421294,0,1,12,12,12,0,0,0
1789734202.57,-1.72922685166,-2.94233485337,2.49831475581,1.21310800171,4.22754160747,0.842535697997,0.842535697997,4.22754160747,0,1,12,12,12,0,0,0
1789734202.67,-1.7237007446,-2.90062178104,2.57583748722,1.17692103644,4.29953823182,0.806726038923,0.806726038923,4.29953823182,0,1,12,12,12,0,0,0
1789734202.77,-1.71856976997,-2.84265942576,2.65623820241,1.12408965579,4.37480797237,0.784287679017,0.784287679017,4.37480797237,0,1,12,12,12,0,0,0
1789734202.87,-1.71363004833,-2.78670146674,2.73905926687,1.07307141841,4.4526893152,0.757424573573,0.757424573573,4.4526893152,0,1,12,12,12,0,0,0
1789734202.97,-1.71229966525,-2.72543880564,2.81502307775,1.01313914039,4.52732274299,0.742723423797,0.742723423797,4.52732274299,0,1,12,12,13,0,0,2
1789734203.07,-1.71057784284,-2.66560799003,2.8878717975,0.955030147193,4.59844964034,0.729705519646,0.729705519646,4.59844964034,0,1,12,12,13,0,0,2
1789734203.17,-1.71075360804,-2.61196975576,2.94815517462,0.901216147724,4.65890878265,0.723060376801,0.723060376801,4.65890878265,0,1,12,12,13,0,0,2
1789734203.27,-1.71111190799,-2.56099113826,2.99459315924,0.849879230273,4.70570506723,0.72760100968,0.72760100968,4.70570506723,0,1,12,12,13,0,0,2
1789734203.37,-1.71424776467,-2.52240983122,3.03025052223,0.808162066546,4.74449828691,0.730524953727,0.730524953727,4.74449828691,0,1,12,12,13,0,0,2
1789734203.47,-1.7197851695,-2.48955014539,3.0568457675,0.769764975889,4.776630937,0.73678939429,0.73678939429,4.776630937,0,1,13,12,13,0,0,2
1789734203.57,-1.72794479181,-2.46317063592,3.07800197182,0.735225844114,4.80594676363,0.742012699438,0.735225844114,4.80594676363,0,1,13,13,13,0,0,0
1789734203.67,-1.73631704848,-2.43846602593,3.0977219587,0.702148977445,4.83403900718,0.746997322555,0.702148977445,4.83403900718,0,1,13,13,13,0,0,0
1789734203.77,-1.74475964433,-2.416101139,3.12273957958,0.671341494673,4.86749922391,0.7443445886,0.671341494673,4.86749922391,0,1,13,13,13,0,0,0
1789734203.87,-1.74943656177,-2.39037330391,-3.11678595344,0.726412649522,0.640936742145,4.91583591551,0.640936742145,4.91583591551,0,1,13,13,13,0,0,0
1789734203.97,-1.74610665449,-2.36194174469,-3.04213317741,0.680191432727,0.615835090199,4.98715878425,0.615835090199,4.98715878425,0,1,13,14,14,0,0,0
1789734204.07,-1.73887157952,-2.32851633193,-2.93655450587,0.608038173946,0.589644752404,5.08550238083,0.589644752404,5.08550238083,0,1,14,14,14,0,0,0
1789734204.17,-1.72689824063,-2.29061077453,-2.79175247575,0.501141701223,0.563712533902,5.21833107205,0.501141701223,5.21833107205,0,1,14,14,14,0,0,0
1789734204.27,-1.70874898155,-2.2559732762,-2.64700367356,0.391030397367,0.547224294644,5.34493061517,0.391030397367,5.34493061517,0,1,14,14,14,0,0,0
1789734204.37,-1.68424420343,-2.21608407479,-2.46902454612,0.252940471326,0.531839871361,5.49840496449,0.252940471326,5.49840496449,0,1,14,14,14,0,0,0
1789734204.47,-1.65479151808,-2.1776113582,-2.28348376339,0.105872405198,0.522819840119,5.65449306186,0.105872405198,5.65449306186,0,1,14,14,15,0,0,0
1789734204.57,-1.62417530877,-2.13955505125,-2.12484476599,0.014710285259,0.500669457224,5.7678055647,0.014710285259,5.7678055647,0,1,15,14,15,0,0,0
1789734204.67,-1.59450478754,-2.10274305276,-2.00595873582,0.096784316946,0.411453948277,5.77494704196,0.096784316946,5.77494704196,0,1,15,15,15,0,0,0
1789734204.77,-1.56857020763,-2.07096678699,-1.90887803732,0.162088749671,0.340307829684,5.78078872782,0.162088749671,5.78078872782,0,1,15,15,15,0,0,0
1789734204.87,-1.5426492904,-2.04242621866,-1.83674773495,0.205678483705,0.294098444548,5.78340837893,0.205678483705,5.78340837893,0,1,15,15,15,0,0,0
1789734204.97,-1.51843913474,-2.02010258015,-1.77435706867,0.245745511473,0.255917933934,5.78152186177,0.245745511473,5.78152186177,0,1,15,15,15,0,0,0
1789734205.07,-1.49544450536,-2.00615709257,-1.7145847925,0.291572300071,0.21914028714,5.77247271997,0.21914028714,5.77247271997,0,1,15,15,15,0,0,0
1789734205.17,-1.4763218616,-1.99477948785,-1.67051276941,0.324266718443,0.194190907806,5.76472768093,0.194190907806,5.76472768093,0,1,16,15,16,2,0,2
1789734205.27,-1.46026977397,-1.98205634723,-1.62390024025,0.358156106979,0.163630466287,5.76139873391,0.163630466287,5.76139873391,0,1,16,16,16,2,1,0
1789734205.37,-1.447452539,-1.97445003577,-1.5679079588,0.406542076975,0.120455419805,5.7561878104,0.120455419805,5.7561878104,0,1,16,16,16,2,1,0
1789734205.47,-1.4351153826,-1.96365415728,-1.51228471547,0.451369441804,0.0771693328768,5.7546465325,0.0771693328768,5.7546465325,0,1,16,16,16,0,1,0
1789734205.57,-1.42518655772,-1.96254878827,-1.45785976611,0.504689022163,0.0326732083901,5.74582307663,0.0326732083901,5.74582307663,0,1,16,16,16,0,1,0
1789734205.67,-1.4192750711,-1.97169585387,-1.42751547478,0.544180379093,0.00824040368182,5.7307645244,0.00824040368182,5.7307645244,0,1,16,16,16,0,1,0
1789734205.77,-1.41597346553,-1.99485067385,-1.40047672154,0.578877208312,0.0154967439916,5.68881135488,0.0154967439916,5.68881135488,0,1,16,16,16,0,1,0
1789734205.87,-1.41499347752,-2.033470659,-1.36471168252,0.618477181483,0.0502817950019,5.61442633069,0.0502817950019,5.61442633069,0,1,16,16,16,0,1,0
1789734205.97,-1.42120201382,-2.08602956322,-1.32659154642,0.664827549403,0.0946104673978,5.52374729038,0.0946104673978,5.52374729038,0,1,16,16,16,0,1,0
1789734206.07,-1.43274143343,-2.15387721782,-1.28566422065,0.721135784393,0.147077212776,5.41497231001,0.147077212776,5.41497231001,0,1,16,16,16,0,1,0
1789734206.17,-1.44833479944,-2.23451443464,-1.23791109596,0.786179635192,0.210423703487,5.2865819685,0.210423703487,5.2865819685,0,1,16,16,16,0,1,0
1789734206.27,-1.46978747634,-2.32792777262,-1.18729563881,0.858140296282,0.282491837531,5.14255317337,0.282491837531,5.14255317337,0,1,16,16,16,0,0,0
1789734206.37,-1.49711215309,-2.42849140242,-1.12279442159,0.931379249326,0.374317731498,4.97748832636,0.374317731498,4.97748832636,0,1,16,16,16,0,0,0
1789734206.47,-1.53042641921,-2.53036002565,-1.05836437477,0.999933606439,0.47206204444,4.8111896563,0.47206204444,4.8111896563,0,1,16,16,16,0,0,0
1789734206.57,-1.56954941889,-2.61696302826,-1.00105218705,1.04741360937,0.568497231833,4.66727446597,0.568497231833,4.66727446597,0,1,16,16,16,0,0,0
1789734206.67,-1.61381103548,-2.68979143181,-0.948000092638,1.07598039633,0.665810942847,4.54139396801,0.665810942847,4.54139396801,0,1,16,16,17,0,0,2
1789734206.77,-1.66357433968,-2.73789112816,-0.903232076677,1.07431678847,0.760342263008,4.4485262557,0.760342263008,4.4485262557,0,1,16,17,17,0,0,2
1789734206.87,-1.71727711477,-2.7630691855,-0.858400700783,1.04579207073,0.858876413987,4.37851682246,0.858876413987,4.37851682246,0,1,16,17,17,0,0,0
1789734206.97,-1.77351342242,-2.77230672337,-0.826309585647,0.998793300946,0.947203836775,4.33718816946,0.947203836775,4.33718816946,0,1,16,17,17,0,0,0
1789734207.07,-1.82908154816,-2.77264920104,-0.798325606538,0.943567652882,1.03075594162,4.30886171267,0.943567652882,4.30886171267,0,1,16,17,17,0,0,0
1789734207.17,-1.8818251176,-2.76828485248,-0.775586812599,0.886459734878,1.106238305,4.2904872673,0.886459734878,4.2904872673,0,1,16,17,17,0,0,0
1789734207.27,-1.9271904834,-2.76104052476,-0.756620418486,0.833850041359,1.17057006491,4.27876520091,0.833850041359,4.27876520091,0,1,16,17,17,0,0,0
1789734207.37,-1.96453872236,-2.75372338678,-0.742532670952,0.78918466442,1.22200605141,4.27199459135,0.78918466442,4.27199459135,0,1,16,17,17,0,0,0
1789734207.47,-1.99034992046,-2.74908069151,-0.731773039073,0.758730771056,1.25857688138,4.26587765474,0.758730771056,4.26587765474,0,1,16,17,17,0,0,0
1789734207.57,-2.00806060983,-2.73787316612,-0.723019924813,0.729812556287,1.28504068502,4.26833206587,0.729812556287,4.26833206587,0,1,16,17,17,0,0,0
1789734207.67,-2.01477938129,-2.72612598285,-0.715196201749,0.711346601555,1.29958317954,4.27225552608,0.711346601555,4.27225552608,0,1,16,17,17,0,0,0
1789734207.77,-2.02094218871,-2.70981129602,-0.708601744496,0.68886910731,1.31234044422,4.28197575565,0.68886910731,4.28197575565,0,1,16,17,17,0,0,0
1789734207.87,-2.01048586617,-2.68948427468,-0.703301790605,0.678998408507,1.30718407557,4.29700282311,0.678998408507,4.29700282311,0,1,16,17,17,0,0,0
1789734207.97,-2.00902570713,-2.6644525415,-0.705858520871,0.655426834361,1.30316718626,4.32459128656,0.655426834361,4.32459128656,0,1,16,17,17,0,0,0
1789734208.07,-2.01030968643,-2.63889331595,-0.703752266502,0.628583629518,1.30655741993,4.34804425773,0.628583629518,4.34804425773,0,1,16,17,18,0,0,1
1789734208.17,-1.99602991165,-2.62493071045,-0.70046907553,0.628900798792,1.29556083612,4.35872367226,0.628900798792,4.35872367226,0,1,16,17,18,0,0,1
1789734208.27,-1.98005556191,-2.5988161531,-0.692319302972,0.618760591185,1.28773625894,4.37668845705,0.618760591185,4.37668845705,0,1,16,17,18,0,0,1
1789734208.37,-1.97079499805,-2.60181980431,-0.679071092829,0.631024806257,1.29172390522,4.3604365957,0.631024806257,4.3604365957,0,1,16,18,18,0,0,1
1789734208.47,-1.96116601352,-2.60605091268,-0.655938596752,0.644884899154,1.30522741677,4.33307299125,0.644884899154,4.33307299125,0,1,16,18,18,0,0,1
1789734208.57,-1.95337430036,-2.63040260002,-0.621698517267,0.677028299664,1.33167578309,4.27448122442,0.677028299664,4.27448122442,0,1,16,18,18,0,0,1
1789734208.67,-1.94917619481,-2.67430605284,-0.571051401783,0.725129858034,1.37812479303,4.17993065612,0.725129858034,4.17993065612,0,1,16,18,18,0,0,1
1789734208.77,-1.95748064641,-2.74051997803,-0.51254020832,0.783039331622,1.44494043809,4.05520553747,0.783039331622,4.05520553747,0,1,16,18,18,0,0,1
1789734208.87,-1.95478874606,-2.80828430915,-0.450461942765,0.853495563092,1.50432680329,3.92536294079,0.853495563092,3.92536294079,0,1,16,18,18,0,0,1
1789734208.97,-1.97411454632,-2.87624598894,-0.390513436955,0.902131442617,1.58360110937,3.7974527552,0.902131442617,3.7974527552,0,1,16,18,18,0,0,1
1789734209.07,-2.01917597398,-2.93377866994,-0.323815472177,0.914602695963,1.6953605018,3.67322210941,0.914602695963,3.67322210941,0,1,16,18,18,0,0,1
1789734209.17,-2.08817126435,-2.97978000802,-0.267078817463,0.891608743674,1.82109244689,3.57048411662,0.891608743674,3.57048411662,0,1,16,18,18,0,0,1
1789734209.27,-2.16281511755,-3.0153374241,-0.208581279394,0.852522306545,1.95423383816,3.47642916248,0.852522306545,3.47642916248,0,1,18,18,18,0,0,1
1789734209.37,-2.23603241277,-3.04214836002,-0.16602055599,0.806115947246,2.07001185678,3.40705750315,0.806115947246,3.40705750315,0,1,18,18,18,0,0,0
1789734209.47,-2.29675465756,-3.06196271704,-0.120816173783,0.765208059478,2.17593848378,3.34203876392,0.765208059478,3.34203876392,0,1,18,18,18,0,0,0
1789734209.57,-2.34426651004,-3.07682120562,-0.0820154294632,0.732554695574,2.26225108058,3.28837953103,0.732554695574,3.28837953103,0,1,18,18,18,0,0,0
1789734209.67,-2.38103788529,-3.08782503475,-0.0388193781288,0.706787149462,2.34221850716,3.23417965056,0.706787149462,3.23417965056,0,1,18,18,19,0,0,2
1789734209.77,-2.40606217261,-3.09608710074,0.00526092165219,0.690024928128,2.41132309426,3.18183728479,0.690024928128,3.18183728479,0,1,19,19,19,0,0,2
1789734209.87,-2.42142268253,-3.10225238389,0.0534838460515,0.680829701357,2.47490652858,3.12744907724,0.680829701357,3.12744907724,0,0,19,19,19,0,0,0
1789734209.97,-2.43079896632,-3.10688227659,0.105838455316,0.676083310277,2.53663742163,3.07046457527,0.676083310277,3.07046457527,0,0,19,19,19,0,0,0
1789734210.07,-2.42836102896,-3.11043459541,0.169798274398,0.682073566455,2.59815930336,3.00295243737,0.682073566455,3.00295243737,0,0,19,19,19,0,0,0
1789734210.17,-2.41914452921,-3.11299728559,0.239668223895,0.69385275638,2.65881275311,2.93051979769,0.69385275638,2.93051979769,1,0,19,19,19,0,0,0
1789734210.27,-2.40545580058,-3.11519983669,0.333895786765,0.709744036113,2.73935158735,2.83408968372,0.709744036113,2.83408968372,1,0,19,19,19,0,0,0
1789734210.37,-2.37982981249,-3.11675111637,0.44206778243,0.736921303888,2.82189759492,2.72436640838,0.736921303888,2.82189759492,1,0,19,20,19,0,0,0
1789734210.47,-2.349799829,-3.11806277212,0.555356684317,0.768262943121,2.90515651331,2.60976585075,0.768262943121,2.90515651331,1,0,19,20,19,0,0,0
1789734210.57,-2.32224033269,-3.11914811134,0.661183556542,0.79690777865,2.98342388923,2.5028536393,0.79690777865,2.98342388923,0,0,19,20,20,0,0,2
1789734210.67,-2.2963469933,-3.11987478509,0.752914115795,0.823527791787,3.04926110909,2.4103964063,0.823527791787,3.04926110909,0,0,19,20,20,0,0,2
1789734210.77,-2.2655512894,-3.12060757184,0.81808202085,0.855056282437,3.08363331025,2.34449571449,0.855056282437,3.08363331025,0,0,19,20,20,0,0,2
1789734210.87,-2.22997488571,-3.11428716962,0.853202729889,0.884312283907,3.0831776156,2.31569540767,0.884312283907,3.0831776156,0,0,19,20,20,0,0,2
1789734210.97,-2.19926122221,-3.10328932401,0.862311548714,0.904028101801,3.06157277092,2.31758443445,0.904028101801,3.06157277092,0,0,20,20,20,0,0,2
1789734211.07,-2.16684336536,-3.09243439456,0.845532464235,0.9255910292,3.0123758296,2.34521844838,0.9255910292,3.0123758296,0,0,20,20,20,0,0,2
1789734211.17,-2.13451977817,-3.08187337462,0.803170626866,0.947353596455,2.93769040503,2.39814130569,0.947353596455,2.93769040503,1,0,20,20,20,0,0,2
1789734211.27,-2.10075232866,-3.0710219715,0.737211776777,0.970269642838,2.83796410544,2.47495155891,0.970269642838,2.83796410544,1,0,20,20,20,0,0,0
1789734211.37,-2.07793543375,-3.06052544408,0.658592501366,0.982590010329,2.73652793511,2.56406736174,0.982590010329,2.73652793511,1,0,20,20,20,0,0,0
1789734211.47,-2.03759955426,-3.04978903954,0.544922625596,1.01218948528,2.58252217986,2.68847364204,1.01218948528,2.68847364204,1,0,20,20,20,0,0,0
1789734211.57,-2.00201763766,-3.03953016257,0.442971576895,1.03751252491,2.44498921455,2.80068356771,1.03751252491,2.80068356771,1,0,20,20,21,0,0,2
1789734211.67,-1.96246283253,-3.03028669987,0.350485492856,1.06782386733,2.31294832539,2.90241311446,1.06782386733,2.90241311446,1,0,20,21,21,0,2,2
1789734211.77,-1.92156678292,-3.02264153804,0.286967423414,1.10107475512,2.20853420633,2.97357634573,1.10107475512,2.97357634573,0,0,21,21,21,2,2,2
1789734211.87,-1.88760200091,-3.01708260148,0.258575686282,1.12948060057,2.14617768719,3.00752701942,1.12948060057,3.00752701942,0,0,21,21,21,2,2,0
1789734211.97,-1.85960552343,-3.01427894241,0.251155357702,1.15467341898,2.11076088113,3.01775100707,1.15467341898,3.01775100707,0,0,21,22,21,0,0,0
1789734212.07,-1.82996926765,-3.01411553523,0.250648653431,1.18414626758,2.08061792108,3.01842111851,1.18414626758,3.01842111851,0,0,21,22,21,0,0,0
1789734212.17,-1.81429496359,-3.01766428033,0.245626835364,1.20336931673,2.05992179896,3.01989419149,1.20336931673,3.01989419149,0,0,21,22,22,0,0,2
1789734212.27,-1.79142277706,-3.02786670231,0.232708240976,1.23644392525,2.02413101803,3.0226103639,1.23644392525,3.0226103639,0,0,22,22,22,2,0,2
1789734212.37,-1.76532419197,-3.04693679257,0.212059841274,1.2816126006,1.97738403325,3.02418867333,1.2816126006,3.02418867333,0,0,22,22,22,2,0,0
1789734212.47,-1.73918600219,-3.07550494277,0.188806692545,1.33631894057,1.92799269474,3.01887367187,1.33631894057,3.01887367187,0,0,22,22,22,0,0,0
1789734212.57,-1.71631760364,-3.11914585541,0.161213845123,1.40282825176,1.87753144877,3.00282560665,1.40282825176,3.00282560665,0,0,22,22,22,0,0,0
1789734212.67,-1.69999430443,3.11110891718,0.140966995945,1.84096130037,2.97014192123,1.47208208557,1.47208208557,2.97014192123,0,0,22,22,22,0,0,0
1789734212.77,-1.68299608371,3.03865188323,0.115711668153,1.79870775186,2.92294021508,1.56153734024,1.56153734024,2.92294021508,1,0,23,22,22,0,0,0
1789734212.87,-1.66976422799,2.9414920535,0.0925539195432,1.76231814753,2.84893813396,1.67192902569,1.67192902569,2.84893813396,1,0,23,22,22,0,0,0
1789734212.97,-1.65908127874,2.81690970874,0.0720676244334,1.73114890317,2.74484208431,1.8071943197,1.73114890317,2.74484208431,1,0,23,23,23,0,1,1
1789734213.07,-1.65017451564,2.69768668456,0.053872871068,1.70404738671,2.6438138135,1.93532410698,1.70404738671,2.6438138135,1,0,23,23,23,0,0,1
1789734213.17,-1.6410614725,2.57085469531,0.0386358659518,1.67969733845,2.53221882936,2.07126913937,1.67969733845,2.53221882936,1,0,23,23,23,0,0,0
1789734213.27,-1.63014312301,2.4736091896,0.0258767322559,1.65601985527,2.44773245735,2.17943299456,1.65601985527,2.44773245735,1,0,23,23,23,0,0,0
1789734213.37,-1.61859355477,2.40130225277,0.0158653576379,1.63445891241,2.38543689513,2.26328949964,1.63445891241,2.38543689513,1,0,23,23,23,0,0,0
1789734213.47,-1.60400263209,2.35209758174,0.00744098737437,1.61144361946,2.34465659436,2.32708509335,1.61144361946,2.34465659436,1,0,23,24,24,0,1,2
1789734213.57,-1.58673640745,2.32534494855,2.97229103863e-05,1.58676613037,2.32531522564,2.37110395118,1.58676613037,2.37110395118,1,0,24,24,24,2,1,2
1789734213.67,-1.56974191577,2.31584494882,-0.00616451304462,1.56357740273,2.32200946186,2.39759844259,1.56357740273,2.39759844259,1,0,24,24,24,2,0,2
1789734213.77,-1.55406762012,2.33594716012,-0.00981032168083,1.54425729844,2.3457574818,2.39317052694,1.54425729844,2.39317052694,1,0,24,24,24,2,0,0
1789734213.87,-1.53897909483,2.37218272195,-0.0108807402949,1.52809835453,2.38306346225,2.3720234904,1.52809835453,2.38306346225,1,0,24,24,24,0,0,0
1789734213.97,-1.52060433247,2.41596871477,-0.00980111406567,1.5108032184,2.42576982884,2.34661225994,1.5108032184,2.42576982884,1,0,24,24,24,0,0,0
1789734214.07,-1.50342997123,2.47213182724,-0.00874114238206,1.49468882885,2.48087296962,2.30762350871,1.49468882885,2.48087296962,1,0,24,24,24,0,0,0
1789734214.17,-1.48643715942,2.54247546881,-0.00833742136709,1.47809973805,2.55081289018,2.25427267895,1.47809973805,2.55081289018,1,0,25,25,24,0,0,0
1789734214.27,-1.47097384959,2.62280869663,-0.00902761714771,1.46194623245,2.63183631378,2.18940276096,1.46194623245,2.63183631378,1,0,25,25,25,0,0,0
1789734214.37,-1.45791281185,2.714181231,-0.0110306349705,1.44688217688,2.72521186597,2.11109126433,1.44688217688,2.72521186597,1,0,25,25,25,0,0,0
1789734214.47,-1.44381702992,2.79500631467,-0.0137167843467,1.43010024557,2.80872309902,2.04436196259,1.43010024557,2.80872309902,1,0,25,25,25,0,0,0
1789734214.57,-1.42963250844,2.86836764281,-0.0169294757387,1.4127030327,2.88529711855,1.98518515594,1.4127030327,2.88529711855,1,0,25,25,26,0,0,2
1789734214.67,-1.41500404417,2.92629975338,-0.0203240573304,1.39467998684,2.94662381071,1.94188150964,1.39467998684,2.94662381071,1,0,25,25,26,0,0,2
1789734214.77,-1.40039308657,2.97363999763,-0.0234822708054,1.37691081577,2.99712226844,1.90915222297,1.37691081577,2.99712226844,0,0,26,26,26,0,0,2
1789734214.87,-1.38576090928,3.00827576692,-0.0256184943145,1.36014241497,3.03389426123,1.88914863098,1.36014241497,3.03389426123,0,0,26,26,26,0,0,0
1789734214.97,-1.37199109968,3.03374235537,-0.0265592878283,1.34543181185,3.0603016432,1.87745185213,1.34543181185,3.0603016432,0,0,26,26,26,0,0,0
1789734215.07,-1.35629156232,3.05046767479,-0.0248820018421,1.33140956048,3.07534967663,1.87642607007,1.33140956048,3.07534967663,0,0,26,26,26,0,0,0
1789734215.17,-1.34155878263,3.0619651826,-0.0178406034334,1.3237181792,3.07980578603,1.87966134195,1.3237181792,3.07980578603,0,0,26,26,27,0,0,1
1789734215.27,-1.32715333648,3.06767753746,-0.00503235986522,1.32212097661,3.07270989732,1.88835443324,1.32212097661,3.07270989732,0,0,27,27,27,0,0,1
1789734215.37,-1.30692911394,3.07138450368,0.0114553784414,1.31838449238,3.05992912524,1.90487168957,1.31838449238,3.05992912524,0,0,27,27,27,0,0,1
1789734215.47,-1.28980893538,3.07079824623,0.0330299555214,1.3228388909,3.03776829071,1.92257812557,1.3228388909,3.03776829071,0,0,27,27,27,0,0,1
1789734215.57,-1.27907716666,3.0710804882,0.0568956220448,1.33597278871,3.01418486615,1.93302765232,1.33597278871,3.01418486615,0,0,27,27,27,0,0,1
1789734215.67,-1.26482500758,3.06613988518,0.0816542110834,1.34647921866,2.9844856741,1.95222041442,1.34647921866,2.9844856741,0,0,27,27,27,0,0,1
1789734215.77,-1.25085526914,3.06081892062,0.106356655826,1.35721192497,2.9544622648,1.97151111741,1.35721192497,2.9544622648,1,0,27,27,27,0,0,1
1789734215.87,-1.23829303356,3.05314129192,0.13042072803,1.36871376159,2.92272056389,1.99175098169,1.36871376159,2.92272056389,1,0,27,27,27,0,0,1
1789734215.97,-1.22307069418,3.03897451219,0.151936633689,1.37500732787,2.8870378785,2.02114010081,1.37500732787,2.8870378785,1,0,27,27,27,0,0,1
1789734216.07,-1.20881383912,3.02689124769,0.170848084795,1.37966192392,2.8560431629,2.04748022036,1.37966192392,2.8560431629,1,0,27,27,27,0,0,1
1789734216.17,-1.19552404749,3.01181158933,0.184944685663,1.38046873316,2.82686690367,2.07584967036,1.38046873316,2.82686690367,1,0,27,27,27,0,0,1
1789734216.27,-1.18023902227,2.99415924877,0.195712015073,1.37595103734,2.7984472337,2.10878703614,1.37595103734,2.7984472337,1,0,27,27,27,0,0,1
1789734216.37,-1.16456770082,2.9770680406,0.201561081813,1.36612878263,2.77550695879,2.14154956576,1.36612878263,2.77550695879,1,0,27,27,27,0,0,1
1789734216.47,-1.14988305286,2.95950627905,0.202915993861,1.35279904672,2.75659028519,2.17379597527,1.35279904672,2.75659028519,1,0,27,27,27,0,0,1
1789734216.57,-1.13033360733,2.93504059405,0.199836808758,1.33017041609,2.7352037853,2.21781110579,1.33017041609,2.7352037853,1,0,27,27,27,0,0,1
1789734216.67,-1.11453680939,2.91315634853,0.192714535555,1.30725134494,2.72044181297,2.25549214926,1.30725134494,2.72044181297,1,0,27,27,28,0,0,2
1789734216.77,-1.09934959133,2.89233074721,0.182383338233,1.28173292956,2.70994740898,2.29150496864,1.28173292956,2.70994740898,1,0,27,27,28,0,0,2
1789734216.87,-1.0832778832,2.86719147158,0.170258693238,1.25353657644,2.69693277834,2.3327159524,1.25353657644,2.69693277834,1,0,27,27,28,0,0,2
1789734216.97,-1.0704023593,2.84681510956,0.157932798984,1.22833515829,2.68888231058,2.36596783831,1.22833515829,2.68888231058,1,0,27,28,28,0,2,2
1789734217.07,-1.05747185413,2.82400389154,0.146055507418,1.20352736155,2.67794838413,2.4017095615,1.20352736155,2.67794838413,1,0,27,28,28,0,2,2
1789734217.17,-1.04550236031,2.80063956286,0.135369514372,1.18087187468,2.66527004849,2.43704338401,1.18087187468,2.66527004849,1,0,27,28,28,0,2,2
1789734217.27,-1.03482731518,2.77396075729,0.125874929666,1.16070224485,2.64808582762,2.47439723471,1.16070224485,2.64808582762,1,0,27,28,28,0,2,2
1789734217.37,-1.02778320944,2.74125766084,0.118577867684,1.14636107712,2.62267979316,2.5141444369,1.14636107712,2.62267979316,1,0,27,28,28,0,2,0
1789734217.47,-1.01762925421,2.70263526263,0.113373620626,1.13100287483,2.589261642,2.56292079035,1.13100287483,2.589261642,1,0,27,28,28,0,2,0
1789734217.57,-1.0090527023,2.6688437655,0.109834818743,1.11888752104,2.55900894676,2.60528883938,1.11888752104,2.60528883938,1,0,27,28,28,0,2,0
1789734217.67,-1.00156462903,2.62321715521,0.105441817551,1.10700644658,2.51777533766,2.65840352295,1.10700644658,2.65840352295,1,0,27,28,28,0,2,0
1789734217.77,-0.995274265984,2.57633593154,0.0986437369113,1.0939180029,2.47769219463,2.71157510965,1.0939180029,2.71157510965,1,0,28,28,28,0,2,0
1789734217.87,-0.989613417433,2.5255503286,0.0896259156888,1.07923933312,2.43592441291,2.76802156115,1.07923933312,2.76802156115,1,0,28,28,28,0,2,0
1789734217.97,-0.985957740809,2.47782783142,0.078475837457,1.06443357827,2.39935199396,2.81939973495,1.06443357827,2.81939973495,1,0,28,28,28,0,2,0
1789734218.07,-0.984573680468,2.43439047545,0.0657755631516,1.05034924362,2.3686149123,2.86422115126,1.05034924362,2.86422115126,1,0,28,28,28,0,2,0
1789734218.17,-0.986792567585,2.39292024009,0.0519114098457,1.03870397743,2.34100883024,2.9034724995,1.03870397743,2.9034724995,1,0,28,28,28,0,2,0
1789734218.27,-0.991687772716,2.35754522896,0.0368168796563,1.02850465237,2.32072834931,2.9339523055,1.02850465237,2.9339523055,1,0,28,29,28,0,0,0
1789734218.37,-0.99959322822,2.33724754997,0.0215192710053,1.02111249923,2.31572827896,2.94634452899,1.02111249923,2.94634452899,1,0,28,29,28,0,0,0
1789734218.47,-1.0106691154,2.31036143621,0.00672466078187,1.01739377618,2.30363677543,2.96215475557,1.01739377618,2.96215475557,1,0,28,29,29,0,0,1
1789734218.57,-1.02247393323,2.27363330398,-0.00739104810704,1.01508288512,2.28102435208,2.98707806997,1.01508288512,2.98707806997,0,0,29,29,29,1,0,1
1789734218.67,-1.03603018948,2.22157146322,-0.0187309283192,1.01729926116,2.24030239154,3.02558365448,1.01729926116,3.02558365448,0,0,29,29,29,1,0,1
1789734218.77,-1.05093288645,2.17632742144,-0.0252026484144,1.02573023803,2.20153006985,3.0559249993,1.02573023803,3.0559249993,0,0,29,29,29,1,0,0
1789734218.87,-1.06581199559,2.12724753923,-0.0263490914847,1.0394629041,2.15359663071,3.09012577237,1.0394629041,3.09012577237,0,0,29,29,29,1,0,0
1789734218.97,-1.07803616868,2.05167843882,-0.0214324804985,1.05660368818,2.07311091932,3.15347069968,1.05660368818,3.15347069968,0,1,29,29,29,0,0,0
1789734219.07,-1.09131552942,1.98011470237,-0.00978097023681,1.08153455918,1.98989567261,3.21175507539,1.08153455918,3.21175507539,0,1,29,29,29,0,0,0
1789734219.17,-1.1026970997,1.92418443092,0.00805972310005,1.1107568228,1.91612470782,3.25630377656,1.1107568228,3.25630377656,0,1,29,29,29,0,0,0
1789734219.27,-1.1107068001,1.86595108111,0.0314165172681,1.14212331736,1.83453456384,3.30652742598,1.14212331736,3.30652742598,0,1,29,29,29,0,0,0
1789734219.37,-1.11810887603,1.81261211466,0.0581213009874,1.17623017702,1.75449081367,3.35246431649,1.17623017702,3.35246431649,0,1,30,29,30,1,0,1
1789734219.47,-1.12382796743,1.77213257726,0.0872496789998,1.21107764643,1.68488289826,3.38722476249,1.21107764643,3.38722476249,0,1,30,29,30,1,0,1
1789734219.57,-1.12489222457,1.73350811511,0.120339751948,1.24523197652,1.61316836316,3.42478496749,1.24523197652,3.42478496749,0,1,30,29,30,1,0,1
1789734219.67,-1.12716391217,1.70531298375,0.149389515434,1.2765534276,1.55592346832,3.45070841126,1.2765534276,3.45070841126,0,1,30,29,30,1,0,0
1789734219.77,-1.12965431101,1.68274811582,0.174198086525,1.30385239754,1.5085500293,3.47078288035,1.30385239754,3.47078288035,0,1,30,29,30,1,0,0
1789734219.87,-1.13291689452,1.66550323786,0.19357397493,1.32649086945,1.47192926294,3.48476517479,1.32649086945,3.48476517479,0,1,30,29,30,1,0,0
1789734219.97,-1.13481481245,1.65822243327,0.206151665436,1.34096647789,1.45207076784,3.49014806145,1.34096647789,3.49014806145,0,1,30,29,30,1,0,0
1789734220.07,-1.13714671858,1.65647154052,0.213990039737,1.35113675832,1.44248150079,3.48956704808,1.35113675832,3.48956704808,0,1,30,29,30,1,0,0
1789734220.17,-1.13943805688,1.65404044029,0.218518236746,1.35795629363,1.43552220354,3.48970681001,1.35795629363,3.48970681001,0,1,30,29,30,1,0,0
1789734220.27,-1.14278318978,1.65523253375,0.220366200296,1.36314939007,1.43486633345,3.48516958365,1.36314939007,3.48516958365,0,1,30,29,30,1,0,0
1789734220.37,-1.14639964555,1.66188557309,0.220552059556,1.36695170511,1.44133351354,3.47490008853,1.36695170511,3.47490008853,0,1,30,29,30,1,0,0
1789734220.47,-1.1483571642,1.67194747401,0.219643788455,1.36800095266,1.45230368555,3.46288066897,1.36800095266,3.46288066897,0,1,30,29,30,1,0,0
1789734220.57,-1.14997656253,1.68890337994,0.218109701046,1.36808626358,1.4707936789,3.44430536471,1.36808626358,3.44430536471,0,1,30,29,30,1,0,0
1789734220.67,-1.15409179378,1.70473403894,0.216030075947,1.37012186973,1.48870396299,3.42435947446,1.37012186973,3.42435947446,0,1,30,29,30,1,0,0
1789734220.77,-1.1522402981,1.73052788447,0.213032900698,1.3652731988,1.51749498377,3.40041712461,1.3652731988,3.40041712461,0,1,30,29,30,1,0,0
1789734220.87,-1.15019836734,1.76456761639,0.209638413793,1.35983678113,1.5549292026,3.36841932345,1.35983678113,3.36841932345,0,1,31,29,31,1,0,1
1789734220.97,-1.14621502326,1.8101534988,0.205838950299,1.35205397356,1.6043145485,3.32681678512,1.35205397356,3.32681678512,0,1,31,29,31,1,0,1
1789734221.07,-1.13777320989,1.86842680895,0.19856350777,1.33633671766,1.66986330118,3.27698528834,1.33633671766,3.27698528834,0,1,31,31,31,1,0,1
1789734221.17,-1.126948507,1.94767389941,0.18680979663,1.31375830363,1.76086410278,3.20856290077,1.31375830363,3.20856290077,0,1,31,31,31,1,0,1
1789734221.27,-1.11297808182,2.05155818437,0.168425013616,1.28140309544,1.88313317075,3.11864904099,1.28140309544,3.11864904099,0,0,31,31,31,1,0,1
1789734221.37,-1.08293273281,2.18723807716,0.145967327091,1.2289000599,2.04127075007,3.01301449721,1.2289000599,3.01301449721,0,0,31,31,31,1,0,1
1789734221.47,-1.05236456917,2.36494164824,0.121058562063,1.17342313124,2.24388308618,2.86587908976,1.17342313124,2.86587908976,1,0,31,31,31,1,0,1
1789734221.57,-1.01479417484,2.57257794758,0.096660583705,1.11145475855,2.47591736388,2.69581318475,1.11145475855,2.69581318475,1,0,31,31,31,1,0,0
1789734221.67,-0.979697538091,2.78958408328,0.0713082356558,1.05100577375,2.71827584763,2.51390368581,1.05100577375,2.71827584763,1,0,31,31,31,1,0,0
1789734221.77,-0.943837441202,2.98571132198,0.0481756986908,0.992013139893,2.93753562329,2.353636544,0.992013139893,2.93753562329,1,0,31,31,31,1,0,0
1789734221.87,-0.910031586193,-3.13118699014,0.0284997537031,2.22115540395,0.938531339896,3.12349856333,0.938531339896,3.12349856333,0,0,31,31,31,0,0,0
1789734221.97,-0.880558799165,-2.98072672423,0.0126162226683,2.10016792507,0.893175021833,3.28984236028,0.893175021833,3.28984236028,0,1,31,31,31,0,0,0
1789734222.07,-0.849600102067,-2.83243735386,0.000757762025943,1.98283725179,0.850357864093,3.44999019129,0.850357864093,3.44999019129,0,1,31,31,31,0,0,0
1789734222.17,-0.814875878026,-2.6828188533,-0.00562640697402,1.86794297528,0.809249471052,3.60599286085,0.809249471052,3.60599286085,0,1,31,31,32,0,0,1
1789734222.27,-0.773488092347,-2.50818790257,-0.00484459207502,1.73469981022,0.768643500272,3.77984199668,0.768643500272,3.77984199668,0,1,32,32,32,0,0,1
1789734222.37,-0.72168974585,-2.32344776619,0.00858347154747,1.60175802034,0.730273217397,3.95115406944,0.730273217397,3.95115406944,0,1,32,32,32,0,0,0
1789734222.47,-0.664291793918,-2.13170956212,0.0390871672261,1.4674177682,0.703378961144,4.11238857783,0.703378961144,4.11238857783,0,1,32,32,32,0,0,0
1789734222.57,-0.609484599809,-1.98110672594,0.0818922523291,1.37162212614,0.691376852138,4.22018632891,0.691376852138,4.22018632891,0,1,32,32,32,0,0,0
1789734222.67,-0.551751378432,-1.85633105002,0.12868952167,1.30457967159,0.680440900102,4.29816473548,0.680440900102,4.29816473548,0,1,32,32,32,0,0,0
1789734222.77,-0.487045078541,-1.74243920594,0.177755821304,1.2553941274,0.664800899845,4.36299027993,0.664800899845,4.36299027993,0,1,32,33,32,0,0,0
1789734222.87,-0.420133696865,-1.64451960384,0.22143376299,1.22438590697,0.641567459855,4.41723194035,0.641567459855,4.41723194035,0,1,33,33,32,0,0,0
1789734222.97,-0.35993608546,-1.56331412044,0.256213219347,1.20337803498,0.616149304808,4.4636579674,0.616149304808,4.4636579674,0,1,33,33,33,0,0,1
1789734223.07,-0.308140437639,-1.49539080799,0.284242408702,1.18725037035,0.592382846341,4.50355209049,0.592382846341,4.50355209049,0,1,33,33,33,0,0,1
1789734223.17,-0.280973878964,-1.46387449142,0.305524918032,1.18290061246,0.586498796996,4.51378589773,0.586498796996,4.51378589773,0,1,33,33,33,0,0,0
1789734223.27,-0.279684488485,-1.41349883983,0.321724776768,1.13381435134,0.601409265253,4.54796169058,0.601409265253,4.54796169058,0,1,33,33,33,0,0,0
1789734223.37,-0.297641187813,-1.37666393513,0.332848876251,1.07902274731,0.630490064064,4.5736724958,0.630490064064,4.5736724958,0,1,33,33,33,0,0,0
1789734223.47,-0.327699362535,-1.34290922108,0.339979223389,1.01520985855,0.667678585924,4.60029686271,0.667678585924,4.60029686271,0,1,33,33,34,0,0,2
1789734223.57,-0.358314340673,-1.32218316165,0.343739037281,0.963868820974,0.702053377954,4.61726310825,0.702053377954,4.61726310825,0,1,34,33,34,1,0,2
1789734223.67,-0.381972011358,-1.29792889765,0.34489271517,0.915956886288,0.726864726528,4.64036369436,0.726864726528,4.64036369436,0,1,34,33,34,1,0,2
1789734223.77,-0.400321566019,-1.28537908335,0.345973473171,0.885057517336,0.746295039189,4.65183275065,0.746295039189,4.65183275065,0,1,34,33,34,1,0,0
1789734223.87,-0.413186409693,-1.27872935365,0.347154648943,0.865542943961,0.760341058636,4.65730130458,0.760341058636,4.65730130458,0,1,34,33,34,0,0,0
1789734223.97,-0.419808631549,-1.26326356361,0.348290990904,0.843454932065,0.768099622453,4.67163075266,0.768099622453,4.67163075266,0,1,34,33,34,0,0,0
1789734224.07,-0.418695901049,-1.25312637888,0.350011747969,0.834430477832,0.768707649018,4.68004718033,0.768707649018,4.68004718033,0,1,34,33,34,0,0,0
1789734224.17,-0.409886019643,-1.24836094976,0.351455091828,0.838474930113,0.761341111471,4.6833692656,0.761341111471,4.6833692656,0,1,34,34,34,0,0,0
1789734224.27,-0.392421022155,-1.24763549091,0.351988966978,0.855214468751,0.744409989133,4.6835608493,0.744409989133,4.6835608493,0,1,34,34,34,0,0,0
1789734224.37,-0.368344008401,-1.23596699503,0.351316825151,0.867622986633,0.719660833552,4.69590148699,0.719660833552,4.69590148699,0,1,35,34,34,2,0,0
1789734224.47,-0.336671051095,-1.2248182745,0.34900436671,0.888147223403,0.685675417805,4.70936266597,0.685675417805,4.70936266597,0,1,35,35,34,2,0,0
1789734224.57,-0.302693252271,-1.21361646608,0.344544726151,0.910923213806,0.647237978422,4.72502411495,0.647237978422,4.72502411495,0,1,35,35,35,2,0,0
1789734224.67,-0.267114059139,-1.19222174471,0.337662314837,0.925107685569,0.604776373976,4.75330124763,0.604776373976,4.75330124763,0,1,35,35,35,0,0,0
1789734224.77,-0.230978686621,-1.16092636784,0.327925946709,0.929947681217,0.55890463333,4.79433299263,0.55890463333,4.79433299263,0,1,35,35,35,0,0,0
1789734224.87,-0.195851648713,-1.12451430388,0.316249812731,0.928662655163,0.512101461444,4.84242119057,0.512101461444,4.84242119057,0,1,35,35,35,0,0,0
1789734224.97,-0.163507956965,-1.07714299432,0.301608911804,0.913635037359,0.465116868769,4.90443340105,0.465116868769,4.90443340105,0,1,36,36,35,1,0,0
1789734225.07,-0.13326713662,-1.00256563724,0.284853309965,0.869298500623,0.418120446585,4.99576635997,0.418120446585,4.99576635997,0,1,36,36,35,1,0,0
1789734225.17,-0.106043312466,-0.949351503592,0.266256779571,0.843308191127,0.372300092036,5.06757702402,0.372300092036,5.06757702402,0,1,36,36,36,1,0,0
1789734225.27,-0.0833340314056,-0.828838853215,0.246930185273,0.745504821809,0.330264216678,5.20741626869,0.330264216678,5.20741626869,0,1,36,36,36,0,0,0
1789734225.37,-0.0659933907993,-0.683697047901,0.226779797776,0.617703657101,0.292773188576,5.3727084615,0.292773188576,5.3727084615,0,1,36,36,36,0,0,0
1789734225.47,-0.0510693929732,-0.504104062424,0.206119710293,0.453034669451,0.257189103266,5.57296153446,0.257189103266,5.57296153446,0,1,36,36,36,0,0,0
1789734225.57,-0.0361942450089,-0.305686815327,0.184420081003,0.269492570318,0.220614326012,5.79307841085,0.220614326012,5.79307841085,0,1,37,36,36,0,0,0
1789734225.67,-0.0210238680922,-0.103741576176,0.161430464808,0.0827177080837,0.1824543329,6.0180132662,0.0827177080837,6.0180132662,0,1,37,36,36,0,0,0
1789734225.77,-0.00487096293853,0.0931723225452,0.138315424351,0.0980432854837,0.0451431018058,6.13999891989,0.0451431018058,6.13999891989,0,1,37,36,37,0,0,0
1789734225.87,0.0124325396956,0.265378841388,0.115059480599,0.102626940903,0.150319360789,6.03023900549,0.102626940903,6.03023900549,0,1,37,36,37,0,0,0
1789734225.97,0.0299997694198,0.40728568311,0.0939595216703,0.0639597522505,0.31332616144,5.90589939349,0.0639597522505,5.90589939349,0,1,37,36,37,0,0,0
1789734226.07,0.0477870974504,0.52547719154,0.0755342437208,0.0277471462703,0.449942947819,5.80549521309,0.0277471462703,5.80549521309,0,1,37,37,37,0,0,0
1789734226.17,0.0641032247463,0.623551880759,0.0615158368168,0.00258738792949,0.559448656012,5.72114926324,0.00258738792949,5.72114926324,0,1,37,37,37,0,0,0
1789734226.27,0.0802392690919,0.704910966601,0.05009740151,0.0301418675818,0.624671697509,5.62837174209,0.0301418675818,5.62837174209,0,1,37,37,37,0,0,0
1789734226.37,0.0949630382137,0.769927394174,0.0421133397473,0.0528496984664,0.67496435596,5.55537125275,0.0528496984664,5.55537125275,0,1,38,38,37,2,0,0
1789734226.47,0.107280560889,0.818462411286,0.0368092933939,0.0704712674946,0.711181850397,5.50153218929,0.0704712674946,5.50153218929,0,1,38,38,38,2,0,1
1789734226.57,0.112969345544,0.852240555582,0.0333220952295,0.0796472503146,0.739271210038,5.46426684683,0.0796472503146,5.46426684683,0,1,38,38,38,2,0,1
1789734226.67,0.108306890977,0.876172549094,0.0319084186952,0.0763984722816,0.767865658117,5.43892117678,0.0763984722816,5.43892117678,0,1,38,38,38,2,0,1
1789734226.77,0.0921821622855,0.893465740052,0.033641831698,0.0585403305874,0.801283577766,5.42336139883,0.0585403305874,5.42336139883,0,1,38,38,38,2,0,0
1789734226.87,0.065723832894,0.904471657748,0.0386333149142,0.0270905179799,0.838747824854,5.41734696435,0.0270905179799,5.41734696435,0,1,38,38,38,0,0,0
1789734226.97,0.0268991482469,0.910586460618,0.0444043272222,0.0175051789753,0.866182133396,5.39949799481,0.0175051789753,5.39949799481,0,1,38,38,38,0,0,0
1789734227.07,-0.0185695731603,0.911638051473,0.0522543362094,0.0708239093697,0.859383715263,5.35297768255,0.0708239093697,5.35297768255,0,1,38,38,38,0,0,0
1789734227.17,-0.0700711368864,0.909481662056,0.0602805954354,0.130351732322,0.849201066621,5.30363250824,0.130351732322,5.30363250824,0,1,39,38,38,2,0,0
1789734227.27,-0.123721599543,0.903901125585,0.0680083316322,0.191729931175,0.835892793952,5.25556258205,0.191729931175,5.25556258205,0,1,39,38,38,2,0,0
1789734227.37,-0.175315722299,0.899116931792,0.075040103633,0.250355825932,0.824076828159,5.20875265309,0.250355825932,5.20875265309,0,1,39,38,39,2,0,0
1789734227.47,-0.22099207567,0.892131743878,0.0811056246587,0.302097700329,0.81102611922,5.17006148763,0.302097700329,5.17006148763,0,1,39,38,39,2,0,0
1789734227.57,-0.258232465958,0.886217985596,0.0864826266973,0.344715092655,0.799735358898,5.13873485563,0.344715092655,5.13873485563,0,1,39,38,39,2,0,0
1789734227.67,-0.285274913392,0.881225264956,0.0909964562414,0.376271369634,0.790228808715,5.11668512883,0.376271369634,5.11668512883,0,1,39,38,39,2,0,0
1789734227.77,-0.302386352305,0.878552840836,0.0947472996241,0.397133651929,0.783805541212,5.10224611404,0.397133651929,5.10224611404,0,1,39,38,39,2,0,0
1789734227.87,-0.309909789047,0.877198935574,0.0977845010718,0.407694290119,0.779414434502,5.09607658256,0.407694290119,5.09607658256,0,1,39,38,39,2,0,0
1789734227.97,-0.309411604073,0.878260861506,0.100188052337,0.40959965641,0.77807280917,5.0955128416,0.40959965641,5.0955128416,0,1,39,38,39,2,0,0
1789734228.07,-0.302302134654,0.883592484914,0.102051115636,0.40435325029,0.781541369278,5.09729068761,0.40435325029,5.09729068761,0,1,39,38,39,2,0,0
1789734228.17,-0.290251286225,0.889887259913,0.103498126577,0.393749412802,0.786389133336,5.10304676104,0.393749412802,5.10304676104,0,1,39,38,39,2,0,0
1789734228.27,-0.274824435231,0.896470774713,0.10468438021,0.379508815441,0.791786394504,5.11189009723,0.379508815441,5.11189009723,0,1,39,38,39,0,0,0
1789734228.37,-0.258324280198,0.900449079965,0.105641195964,0.363965476162,0.794807884002,5.12441194702,0.363965476162,5.12441194702,0,1,39,38,39,0,0,0
1789734228.47,-0.239378754055,0.904445604757,0.106413843644,0.345792597699,0.798031761113,5.13936094837,0.345792597699,5.13936094837,0,1,39,38,39,0,0,0
1789734228.57,-0.215116819063,0.906797573706,0.10704875867,0.322165577734,0.799748815036,5.16127091441,0.322165577734,5.16127091441,0,1,39,40,39,0,2,0
1789734228.67,-0.186167952903,0.90664426264,0.107575326074,0.293743278977,0.799068936566,5.19037309164,0.293743278977,5.19037309164,0,1,39,40,40,0,2,0
1789734228.77,-0.162140483676,0.902663390623,0.108016535703,0.270157019379,0.79464685492,5.21838143288,0.270157019379,5.21838143288,0,1,39,40,40,0,2,0
1789734228.87,-0.147892664262,0.8985685071,0.108390904315,0.256283568577,0.790177602784,5.23672413582,0.256283568577,5.23672413582,0,1,40,40,40,1,2,0
1789734228.97,-0.144312550743,0.887991768305,0.108704616121,0.253017166864,0.779287152185,5.25088098813,0.253017166864,5.25088098813,0,1,40,40,40,1,2,0
1789734229.07,-0.15022016154,0.876468125717,0.108965479784,0.259185641325,0.767502645932,5.25649701992,0.259185641325,5.25649701992,0,1,40,40,40,1,2,0
1789734229.17,-0.16179687725,0.860728184162,0.109225183995,0.271022061245,0.751503000168,5.26066024577,0.271022061245,5.26066024577,0,1,40,40,40,1,2,0
1789734229.27,-0.17870066458,0.841679677937,0.109405859843,0.288106524424,0.732273818093,5.26280496466,0.288106524424,5.26280496466,0,1,40,40,40,1,2,0
1789734229.37,-0.198835457915,0.819572945011,0.109577827797,0.308413285712,0.709995117214,5.26477690425,0.308413285712,5.26477690425,0,1,40,40,40,1,2,0
1789734229.47,-0.22167441281,0.796353627457,0.109735745458,0.331410158268,0.686617882,5.26515726691,0.331410158268,5.26515726691,0,1,40,40,40,1,2,0
1789734229.57,-0.24603350071,0.771580046135,0.10991522538,0.355948726089,0.661664820755,5.26557176034,0.355948726089,5.26557176034,0,1,40,40,40,1,2,0
1789734229.67,-0.270785165638,0.746548416677,0.110055444391,0.380840610029,0.636492972286,5.26585172486,0.380840610029,5.26585172486,0,1,40,40,40,1,2,0
1789734229.77,-0.295421337066,0.722456018591,0.11021164462,0.405632981685,0.612244373972,5.26530795152,0.405632981685,5.26530795152,0,1,40,40,40,1,2,0
1789734229.87,-0.320135752269,0.701980689019,0.110407371723,0.430543123992,0.591573317296,5.26106886589,0.430543123992,5.26106886589,0,1,40,40,40,1,2,0
1789734229.97,-0.343439475146,0.685260163851,0.110568636689,0.454008111835,0.574691527162,5.25448566818,0.454008111835,5.25448566818,0,1,40,40,40,0,2,0
1789734230.07,-0.364843188201,0.675668381763,0.110744591487,0.475587779688,0.564923790276,5.24267373722,0.475587779688,5.24267373722,0,1,40,40,40,0,2,0
1789734230.17,-0.38494014825,0.678501192926,0.110967491847,0.495907640097,0.567533701079,5.219743966,0.495907640097,5.219743966,0,1,40,40,40,0,2,0
1789734230.27,-0.406774152851,0.693131740628,0.111191906615,0.517966059466,0.581939834012,5.1832794137,0.517966059466,5.1832794137,0,1,41,40,40,2,2,0
1789734230.37,-0.431078684231,0.724345630069,0.111415293519,0.54249397775,0.61293033655,5.12776099288,0.54249397775,5.12776099288,0,1,41,40,41,2,2,0
1789734230.47,-0.457158185141,0.776161790301,0.111640163554,0.568798348695,0.664521626747,5.04986533174,0.568798348695,5.04986533174,0,1,41,40,41,0,2,0
1789734230.57,-0.481873578033,0.853863208809,0.112450066981,0.594323645013,0.741413141828,4.94744852034,0.594323645013,4.94744852034,0,1,41,40,41,0,2,0
1789734230.67,-0.505339574104,0.955984100204,0.113651788266,0.61899136237,0.842332311937,4.82186163287,0.61899136237,4.82186163287,0,1,41,41,41,0,0,0
1789734230.77,-0.530258532942,1.07747469445,0.11489125567,0.645149788612,0.962583438782,4.67545207979,0.645149788612,4.67545207979,0,1,41,41,41,0,0,0
1789734230.87,-0.557716248563,1.20316004062,0.116099304223,0.673815552786,1.0870607364,4.52230901799,0.673815552786,4.52230901799,0,1,41,41,41,0,0,0
1789734230.97,-0.586926205842,1.30582461729,0.117300862195,0.704227068038,1.1885237551,4.39043448405,0.704227068038,4.39043448405,0,1,41,42,42,0,0,0
1789734231.07,-0.616767871012,1.37181660762,0.118488989969,0.735256860982,1.25332761765,4.29460082855,0.735256860982,4.29460082855,0,1,42,42,42,2,0,0
1789734231.17,-0.645474354174,1.4052676993,0.119621402793,0.765095756967,1.2856462965,4.23244325371,0.765095756967,4.23244325371,0,1,42,42,42,2,0,0
1789734231.27,-0.671620169215,1.41032419222,0.120595174547,0.792215343762,1.28972901768,4.20124094574,0.792215343762,4.20124094574,0,1,42,42,42,2,0,0
1789734231.37,-0.694663594498,1.39906134716,0.121436038884,0.816099633382,1.27762530827,4.18946036552,0.816099633382,4.18946036552,0,1,42,42,42,2,0,0
1789734231.47,-0.714764377659,1.3801999707,0.122053504011,0.83681788167,1.25814646669,4.18822095882,0.83681788167,4.18822095882,0,1,42,42,42,2,0,0
1789734231.57,-0.731511070057,1.35866770089,0.122407214052,0.853918284108,1.23626048684,4.19300653623,0.853918284108,4.19300653623,0,1,42,42,42,2,0,0
1789734231.67,-0.745251567841,1.33708720068,0.122479404196,0.867730972037,1.21460779648,4.20084653866,0.867730972037,4.20084653866,0,1,42,42,42,2,0,0
1789734231.77,-0.756328649421,1.32113600236,0.122223236261,0.878551885681,1.1989127661,4.2057206554,0.878551885681,4.2057206554,0,1,42,42,42,2,0,0
1789734231.87,-0.765034587927,1.29680927693,0.121622896468,0.886657484395,1.17518638047,4.22134144232,0.886657484395,4.22134144232,0,1,42,42,42,0,0,0
1789734231.97,-0.771811392955,1.27972759274,0.120969244174,0.892780637129,1.15875834856,4.23164632149,0.892780637129,4.23164632149,0,1,42,42,42,0,0,0
1789734232.07,-0.776357356799,1.26144179758,0.11976418473,0.896121541529,1.14167761285,4.2453861528,0.896121541529,4.2453861528,0,1,42,42,42,0,0,0
1789734232.17,-0.779363646337,1.24282777797,0.118251334543,0.89761498088,1.12457644343,4.26099388287,0.89761498088,4.26099388287,0,1,43,42,42,0,0,0
1789734232.27,-0.780570780704,1.2299641812,0.11656535208,0.897136132784,1.11339882912,4.27265034527,0.897136132784,4.27265034527,0,1,43,42,42,0,0,0
1789734232.37,-0.777430172293,1.21065978318,0.114844741826,0.892274914118,1.09581504135,4.29509535171,0.892274914118,4.29509535171,0,1,43,43,43,0,0,0
1789734232.47,-0.770449368787,1.18931660726,0.11303620904,0.883485577828,1.07628039821,4.32341933114,0.883485577828,4.32341933114,0,1,43,43,43,0,0,0
1789734232.57,-0.759736360921,1.17374852359,0.111194422608,0.870930783529,1.06255410098,4.34970042267,0.870930783529,4.34970042267,0,1,43,43,43,0,0,0
1789734232.67,-0.745056949161,1.15721805485,0.109533997314,0.854590946476,1.04768405753,4.38091030317,0.854590946476,4.38091030317,0,1,43,43,44,0,0,0
1789734232.77,-0.727072596813,1.14222626105,0.108002510217,0.83507510703,1.03422375083,4.41388644931,0.83507510703,4.41388644931,0,1,44,43,44,2,0,0
1789734232.87,-0.704540100115,1.12198993132,0.10648470633,0.811024806445,1.01550522499,4.45665527574,0.811024806445,4.45665527574,0,1,44,44,44,2,0,0
1789734232.97,-0.679036106013,1.10119076054,0.105303969968,0.784340075981,0.995886790569,4.50295844063,0.784340075981,4.50295844063,0,1,44,44,44,0,0,0
1789734233.07,-0.651107369665,1.08016082698,0.104078975617,0.755186345282,0.976081851362,4.55191711054,0.755186345282,4.55191711054,0,1,44,44,44,0,0,0
1789734233.17,-0.624653174115,1.06494133548,0.10315793462,0.727811108734,0.961783400858,4.59359079759,0.727811108734,4.59359079759,0,1,44,44,44,0,0,0
1789734233.27,-0.60488925177,1.04841641377,0.102218617251,0.70710786902,0.94619779652,4.62987964164,0.70710786902,4.62987964164,0,1,45,44,44,2,0,0
1789734233.37,-0.595001782924,1.03087593681,0.101526986016,0.696528768939,0.929348950793,4.65730758745,0.696528768939,4.65730758745,0,1,45,45,44,2,2,0
1789734233.47,-0.596030371095,1.01360783272,0.100890306234,0.696920677328,0.912717526489,4.67354710336,0.696920677328,4.67354710336,0,1,45,45,45,2,2,0
1789734233.57,-0.608197657092,0.994619880293,0.100471984889,0.708669641981,0.894147895405,4.68036776979,0.708669641981,4.68036776979,0,1,45,45,45,0,2,0
1789734233.67,-0.627855167769,0.978536653493,0.100083813822,0.727938981591,0.878452839671,4.67679348592,0.727938981591,4.67679348592,0,1,45,45,45,0,0,0
1789734233.77,-0.647852469648,0.965848845991,0.0997994743857,0.747651944034,0.866049371605,4.66948399154,0.747651944034,4.66948399154,0,1,45,45,45,0,0,0
1789734233.87,-0.664161207494,0.95607755765,0.0996115718923,0.763772779386,0.856465985758,4.66294654204,0.763772779386,4.66294654204,0,1,45,45,45,0,0,0
1789734233.97,-0.677051623384,0.946346839665,0.0995334466692,0.776585070053,0.846813392996,4.65978684413,0.776585070053,4.65978684413,0,1,45,46,45,0,0,0
1789734234.07,-0.686320742393,0.938093869023,0.0995098013427,0.785830543736,0.83858406768,4.65877069576,0.785830543736,4.65877069576,0,1,46,46,46,0,0,0
1789734234.17,-0.692292119647,0.93151527133,0.0995547819687,0.791846901616,0.831960489361,4.6593779162,0.791846901616,4.6593779162,0,1,46,46,46,0,0,0
1789734234.27,-0.696233366538,0.924020589579,0.0996644732078,0.795897839746,0.824356116371,4.66293135106,0.795897839746,4.66293135106,0,1,46,46,46,0,0,0
1789734234.37,-0.698744117759,0.916347807989,0.0999005200118,0.798644637771,0.816447287977,4.66809338143,0.798644637771,4.66809338143,0,1,46,46,46,0,0,0
1789734234.47,-0.69965080734,0.906924547997,0.100203179674,0.799853987014,0.806721368323,4.67660995184,0.799853987014,4.67660995184,0,1,46,46,46,0,0,0
1789734234.57,-0.699855179839,0.89706604267,0.100465969523,0.800321149362,0.796600073147,4.68626408467,0.796600073147,4.68626408467,0,1,46,47,47,0,2,0
1789734234.67,-0.700403779196,0.886409766221,0.100800307381,0.801204086577,0.785609458841,4.69637176176,0.785609458841,4.69637176176,0,1,47,47,47,0,2,0
1789734234.77,-0.700097621641,0.875598787682,0.10114315517,0.801240776811,0.774455632512,4.70748889786,0.774455632512,4.70748889786,0,1,47,47,47,0,0,0
1789734234.87,-0.700189083484,0.867583628876,0.101539719533,0.801728803016,0.766043909344,4.71541259482,0.766043909344,4.71541259482,0,1,47,47,47,0,0,0
1789734234.97,-0.700565339686,0.861484521245,0.102035153727,0.802600493413,0.759449367518,4.72113544625,0.759449367518,4.72113544625,0,1,47,47,47,0,0,0
1789734235.07,-0.700936153175,0.854953940792,0.102549538034,0.803485691209,0.752404402758,4.72729521321,0.752404402758,4.72729521321,0,1,47,48,47,0,2,0
1789734235.17,-0.701940176623,0.8491854672,0.103149336787,0.805089513409,0.746036130414,4.73205966336,0.746036130414,4.73205966336,0,1,48,48,48,0,2,0
1789734235.27,-0.702048345323,0.843516091549,0.103822091014,0.805870436337,0.739694000535,4.73762087031,0.739694000535,4.73762087031,0,1,48,48,48,0,2,0
1789734235.37,-0.701732159401,0.839379545497,0.104641737384,0.806373896785,0.734737808113,4.74207360228,0.734737808113,4.74207360228,0,1,48,48,48,0,2,0
1789734235.47,-0.701397339897,0.836357197986,0.105601858328,0.806999198225,0.730755339658,4.7454307693,0.730755339658,4.7454307693,0,1,48,48,48,0,2,0
1789734235.57,-0.700181482019,0.835103194689,0.106662883787,0.806844365806,0.728440310902,4.74790063047,0.728440310902,4.74790063047,0,1,48,48,48,0,0,0
1789734235.67,-0.698039604138,0.835110583906,0.107919467196,0.805959071334,0.72719111671,4.75003511914,0.72719111671,4.75003511914,0,1,48,48,48,0,0,0
1789734235.77,-0.694298600482,0.835031801874,0.109321931006,0.803620531487,0.725709870868,4.75385490482,0.725709870868,4.75385490482,0,1,48,48,48,0,0,0
1789734235.87,-0.689983821172,0.832829696299,0.110865974313,0.800849795485,0.721963721986,4.76037178971,0.721963721986,4.76037178971,0,1,48,48,48,0,0,0
1789734235.97,-0.683944516796,0.827787112171,0.11255549762,0.796500014416,0.715231614552,4.77145367821,0.715231614552,4.77145367821,0,1,48,48,49,0,0,2
1789734236.07,-0.679096125953,0.818757153667,0.114350098863,0.793446224816,0.704407054803,4.78533202756,0.704407054803,4.78533202756,0,1,49,48,49,0,0,2
1789734236.17,-0.674818404767,0.805168215724,0.115783899056,0.790602303823,0.689384316668,4.80319868669,0.689384316668,4.80319868669,0,1,49,48,49,0,0,2
1789734236.27,-0.672535829989,0.786772039545,0.116016839803,0.788552669791,0.670755199742,4.82387743765,0.670755199742,4.82387743765,0,1,49,48,49,0,0,0
1789734236.37,-0.672636627999,0.76364547025,0.114559003733,0.787195631731,0.649086466518,4.84690320893,0.649086466518,4.84690320893,0,1,49,48,49,0,0,0
1789734236.47,-0.675204150963,0.734157723294,0.111471705748,0.786675856711,0.622686017546,4.87382343292,0.622686017546,4.87382343292,0,1,49,49,49,0,0,0
1789734236.57,-0.680554806572,0.703328818313,0.10731553532,0.787870341892,0.596013282993,4.89930168229,0.596013282993,4.89930168229,0,1,49,49,49,0,0,0
1789734236.67,-0.687150765337,0.667610736718,0.103077176615,0.790227941952,0.564533560103,4.92842380512,0.564533560103,4.92842380512,0,1,49,49,49,0,0,0
1789734236.77,-0.695929061682,0.635939996303,0.101100692558,0.797029754239,0.534839303745,4.9513162492,0.534839303745,4.9513162492,0,1,49,50,49,0,0,0
1789734236.87,-0.706763151949,0.603431766153,0.102947306772,0.809710458721,0.500484459382,4.97299038908,0.500484459382,4.97299038908,0,1,49,50,50,0,0,1
1789734236.97,-0.719345298484,0.572974512688,0.109112084796,0.82845738328,0.463862427892,4.99086549601,0.463862427892,4.99086549601,0,1,50,50,50,0,0,1
1789734237.07,-0.733551253369,0.53668923387,0.119120446143,0.852671699512,0.417568787727,5.01294481994,0.417568787727,5.01294481994,0,1,50,50,50,0,0,0
1789734237.17,-0.74759917263,0.505733187326,0.13195620672,0.87955537935,0.373776980606,5.02985294722,0.373776980606,5.02985294722,0,1,50,50,50,0,0,0
1789734237.27,-0.763009480516,0.487171788836,0.146040491093,0.909049971609,0.341131297742,5.03300403783,0.341131297742,5.03300403783,0,1,50,50,50,0,0,0
1789734237.37,-0.779372050647,0.486240486629,0.159509660773,0.93888171142,0.326730825856,5.0175727699,0.326730825856,5.0175727699,0,1,50,50,51,0,0,1
1789734237.47,-0.796544540181,0.501099290956,0.171882756317,0.968427296498,0.329216534639,4.98554147604,0.329216534639,4.98554147604,0,1,51,50,51,0,0,1
1789734237.57,-0.814496871054,0.526388193779,0.181900880607,0.996397751661,0.344487313172,4.94230024235,0.344487313172,4.94230024235,0,1,51,51,51,0,2,1
1789734237.67,-0.833318435907,0.555418760324,0.187938767281,1.02125720319,0.367479993043,4.89444811095,0.367479993043,4.89444811095,0,1,51,51,51,0,2,0
1789734237.77,-0.851296600293,0.58112064818,0.190085762316,1.04138236261,0.391034885864,4.85076805871,0.391034885864,4.85076805871,0,1,51,51,51,0,0,0
1789734237.87,-0.867962300028,0.600330121699,0.187916900039,1.05587920007,0.41241322166,4.81489288545,0.41241322166,4.81489288545,0,1,51,51,51,0,0,0
1789734237.97,-0.882848681488,0.614245962534,0.182311338181,1.06516001967,0.431934624353,4.78609066316,0.431934624353,4.78609066316,0,1,51,51,51,0,0,0
1789734238.07,-0.89461992919,0.625165709,0.174611292435,1.06923122162,0.450554416565,4.76339966899,0.450554416565,4.76339966899,0,1,51,52,51,0,0,0
1789734238.17,-0.903323587083,0.633180217752,0.165989019936,1.06931260702,0.467191197816,4.74668150234,0.467191197816,4.74668150234,0,1,51,52,51,0,0,0
1789734238.27,-0.907788991295,0.639067479388,0.157356902116,1.06514589341,0.481710577271,4.7363288365,0.481710577271,4.7363288365,0,1,52,52,52,0,0,0
1789734238.37,-0.909314005572,0.643415742679,0.149248122882,1.05856212845,0.494167619797,4.73045555893,0.494167619797,4.73045555893,0,1,52,52,52,0,0,0
1789734238.47,-0.906639535257,0.644915543781,0.141742784234,1.04838231949,0.503172759547,4.73163022814,0.503172759547,4.73163022814,0,1,52,52,52,0,0,0
1789734238.57,-0.902404052225,0.645193625006,0.135162983918,1.03756703614,0.510030641089,4.73558762995,0.510030641089,4.73558762995,0,1,53,52,52,0,0,0
1789734238.67,-0.897043921605,0.643763466351,0.129355859218,1.02639978082,0.514407607132,4.74237791922,0.514407607132,4.74237791922,0,1,53,53,52,0,0,0
1789734238.77,-0.891918302107,0.641244650867,0.124145428869,1.01606373098,0.517099221998,4.75002235421,0.517099221998,4.75002235421,0,1,53,53,52,0,0,0
1789734238.87,-0.887582280577,0.637150596831,0.119418262239,1.00700054282,0.517732334592,4.75845242977,0.517732334592,4.75845242977,0,1,53,53,53,0,0,0
1789734238.97,-0.883850275467,0.632852544984,0.115241447488,0.999091722955,0.517611097496,4.76648248673,0.517611097496,4.76648248673,0,1,53,53,53,0,0,0
1789734239.07,-0.875830093115,0.626828148712,0.111297610068,0.987127703183,0.515530538644,4.78052706535,0.515530538644,4.78052706535,0,1,53,53,53,0,0,0
1789734239.17,-0.865945553764,0.620520086139,0.107749550259,0.973695104022,0.51277053588,4.79671966728,0.51277053588,4.79671966728,0,1,53,54,53,0,0,0
1789734239.27,-0.85652854396,0.613150135363,0.105147796351,0.961676340311,0.508002339012,4.81350662786,0.508002339012,4.81350662786,0,1,53,54,54,0,0,0
1789734239.37,-0.849088001511,0.605245836093,0.103632555064,0.952720556575,0.50161328103,4.82885146958,0.50161328103,4.82885146958,0,1,54,54,54,2,0,0
1789734239.47,-0.84498364309,0.596190375274,0.102402679449,0.947386322539,0.493787695825,4.84201128882,0.493787695825,4.84201128882,0,1,54,54,54,2,0,0
1789734239.57,-0.836896062704,0.587474259649,0.101444463326,0.93834052603,0.486029796322,4.85881498483,0.486029796322,4.85881498483,0,1,54,54,54,2,0,0
1789734239.67,-0.818284890855,0.578129673819,0.10076910221,0.919053993065,0.477360571609,4.88677074251,0.477360571609,4.88677074251,0,1,54,54,54,2,0,0
1789734239.77,-0.788948551664,0.568976070123,0.100426333995,0.889374885658,0.468549736129,4.92526068539,0.468549736129,4.92526068539,0,1,54,54,54,2,0,0
1789734239.87,-0.747380439496,0.558715774943,0.100274907477,0.847655346973,0.458440867466,4.97708909274,0.458440867466,4.97708909274,0,1,54,54,54,2,0,0
1789734239.97,-0.694696563484,0.549009865082,0.100388000793,0.795084564277,0.448621864289,5.03947887861,0.448621864289,5.03947887861,0,1,54,54,54,2,0,0
1789734240.07,-0.634844646404,0.537524490691,0.100706926545,0.735551572949,0.436817564147,5.11081617008,0.436817564147,5.11081617008,0,1,54,54,54,2,0,0
1789734240.17,-0.573670547145,0.525591613262,0.101256233295,0.674926780439,0.424335379968,5.18392314677,0.424335379968,5.18392314677,0,1,54,54,54,2,0,0
1789734240.27,-0.506565933297,0.511313397507,0.101947389339,0.608513322636,0.409366008168,5.26530597638,0.409366008168,5.26530597638,0,1,54,54,54,2,0,0
1789734240.37,-0.441915847673,0.495304097786,0.102922126123,0.544837973795,0.392381971663,5.34596536172,0.392381971663,5.34596536172,0,1,54,54,54,2,0,0
1789734240.47,-0.380307413755,0.475240302025,0.103797704637,0.484105118392,0.371442597388,5.4276375914,0.371442597388,5.4276375914,0,1,54,54,54,2,0,0
1789734240.57,-0.322212551646,0.4513803001,0.104702539507,0.426915091154,0.346677760593,5.50959245543,0.346677760593,5.50959245543,0,1,54,55,54,2,2,0
1789734240.67,-0.274002149044,0.423771118317,0.105504144918,0.379506293962,0.318266973399,5.58541203982,0.318266973399,5.58541203982,0,1,55,55,55,2,2,2
1789734240.77,-0.231508405957,0.391940903495,0.106414699163,0.337923105121,0.285526204332,5.65973599773,0.285526204332,5.65973599773,0,1,55,55,55,2,2,2
1789734240.87,-0.199761064176,0.35896006808,0.106700251286,0.306461315462,0.252259816794,5.72446417492,0.252259816794,5.72446417492,0,1,55,55,55,2,2,2
1789734240.97,-0.18365789645,0.330298046915,0.105796725627,0.289454622077,0.224501321288,5.76922936381,0.224501321288,5.76922936381,0,1,55,55,55,2,2,0
1789734241.07,-0.179623338139,0.306891664791,0.103352432568,0.282975770707,0.203539232223,5.79667030425,0.203539232223,5.79667030425,0,1,55,55,55,2,2,0
1789734241.17,-0.188053480506,0.293158301,0.100066238054,0.28811971856,0.193092062947,5.80197352567,0.193092062947,5.80197352567,0,1,55,55,55,2,2,0
1789734241.27,-0.209501827166,0.289776644281,0.0966367559055,0.306138583072,0.193139888375,5.78390683573,0.193139888375,5.78390683573,0,1,55,55,55,2,2,0
1789734241.37,-0.243929406787,0.295032852664,0.0934235971249,0.337353003912,0.201609255539,5.74422304773,0.201609255539,5.74422304773,0,1,55,55,55,2,2,0
1789734241.47,-0.292146025473,0.306163692579,0.0903331837142,0.382479209187,0.215830508865,5.68487558913,0.215830508865,5.68487558913,0,1,55,55,55,2,2,0
1789734241.57,-0.34821369756,0.320435777325,0.0876561244346,0.435869821994,0.23277965289,5.61453583229,0.23277965289,5.61453583229,0,1,55,55,55,2,2,0
1789734241.67,-0.408965501479,0.335363058863,0.0852729206315,0.494238422111,0.250090138231,5.53885674684,0.250090138231,5.53885674684,0,1,55,55,55,2,2,0
1789734241.77,-0.47308703047,0.349539097699,0.0832253321964,0.556312362666,0.266313765502,5.46055917901,0.266313765502,5.46055917901,0,1,55,55,55,2,2,0
1789734241.87,-0.535981459067,0.362202542371,0.0815823547177,0.617563813785,0.280620187653,5.38500130574,0.280620187653,5.38500130574,0,1,55,55,55,2,2,0
1789734241.97,-0.599568651572,0.373049084006,0.0799860046072,0.679554656179,0.293063079399,5.3105675716,0.293063079399,5.3105675716,0,1,55,55,55,2,2,0
1789734242.07,-0.657880559955,0.382587672083,0.0785950658882,0.736475625843,0.303992606194,5.24271707514,0.303992606194,5.24271707514,0,1,55,55,55,0,2,0
1789734242.17,-0.711436799402,0.391163800651,0.0774874297919,0.788924229193,0.313676370859,5.18058470713,0.313676370859,5.18058470713,0,1,55,55,55,0,2,0
1789734242.27,-0.763219568929,0.399261876624,0.0765432634405,0.839762832369,0.322718613183,5.12070386163,0.322718613183,5.12070386163,0,1,55,56,55,0,1,0
1789734242.37,-0.813148974409,0.407024096279,0.0757596008328,0.888908575242,0.331264495446,5.06301223649,0.331264495446,5.06301223649,0,1,55,56,55,0,1,0
1789734242.47,-0.857371896416,0.415146126533,0.0751656820649,0.932537578481,0.339980444468,5.01066728423,0.339980444468,5.01066728423,0,1,55,56,56,0,0,0
1789734242.57,-0.891907650448,0.424459549581,0.0747810343954,0.966688684843,0.349678515186,4.96681810715,0.349678515186,4.96681810715,0,1,55,56,56,0,0,0
1789734242.67,-0.913655391851,0.434462398397,0.0744322779134,0.988087669764,0.360030120484,4.93506751693,0.360030120484,4.93506751693,0,1,55,56,56,0,0,0
1789734242.77,-0.922011549323,0.444193715202,0.0740183952713,0.996029944595,0.37017531993,4.91698004265,0.37017531993,4.91698004265,0,1,55,56,56,0,0,0
1789734242.87,-0.920766137442,0.453340821752,0.0734098463952,0.994175983837,0.379930975356,4.90907834799,0.379930975356,4.90907834799,0,1,55,56,56,0,0,0
1789734242.97,-0.912655170115,0.460994778897,0.0721975275104,0.984852697625,0.388797251387,4.90953535817,0.388797251387,4.90953535817,0,1,55,56,56,0,0,0
1789734243.07,-0.901783402079,0.467485718151,0.0701779525168,0.971961354595,0.397307765635,4.91391618695,0.397307765635,4.91391618695,0,1,55,56,56,0,0,0
1789734243.17,-0.890836348254,0.473022723719,0.0670027949176,0.957839143172,0.406019928802,4.91932623521,0.406019928802,4.91932623521,0,1,55,56,56,0,0,0
1789734243.27,-0.882799706018,0.476122273138,0.0624491934771,0.945248899495,0.413673079661,4.92426332802,0.413673079661,4.92426332802,0,1,55,56,56,0,0,0
1789734243.37,-0.879810132438,0.47739145756,0.0587570566742,0.938567189112,0.418634400886,4.92598371718,0.418634400886,4.92598371718,0,1,55,56,56,0,0,0
1789734243.47,-0.875719225086,0.476911909968,0.0519297828156,0.927649007901,0.424982127153,4.93055417213,0.424982127153,4.93055417213,0,1,55,56,56,0,0,0
1789734243.57,-0.872401473379,0.471322258715,0.0440902831141,0.916491756493,0.427231975601,4.93946157509,0.427231975601,4.93946157509,0,1,55,56,56,0,0,0
1789734243.67,-0.870694711213,0.461254321871,0.0353510554613,0.906045766674,0.425903266409,4.9512362741,0.425903266409,4.9512362741,0,1,55,56,56,0,0,0
1789734243.77,-0.871315346887,0.44827343346,0.0264990639013,0.897814410788,0.421774369559,4.96359652683,0.421774369559,4.96359652683,0,1,55,56,56,0,0,0
1789734243.87,-0.874525499871,0.435254425771,0.0244651936264,0.898990693497,0.410789232145,4.97340538154,0.410789232145,4.97340538154,0,1,55,56,56,0,0,0
1789734243.97,-0.879138697692,0.441066023917,0.0258434091375,0.90498210683,0.415222614779,4.96298058557,0.415222614779,4.96298058557,0,1,55,57,56,0,2,0
1789734244.07,-0.88668915271,0.458922494781,0.0272730602712,0.913962212981,0.43164943451,4.93757365969,0.43164943451,4.93757365969,0,1,57,57,56,2,2,0
1789734244.17,-0.895189114353,0.4781116597,0.0287661210402,0.923955235394,0.44934553866,4.90988453313,0.44934553866,4.90988453313,0,1,57,57,56,2,2,0
1789734244.27,-0.91352879908,0.498479925223,0.0303051088404,0.94383390792,0.468174816383,4.87117658288,0.468174816383,4.87117658288,0,1,57,57,56,2,2,0
