run,uav,event_id,limiter,margin_cross_world,event_created_log,predicted_binary_loss,initial_window_begin,initial_window_end,raw_los_first_after_event_log,grant_first_logged,grant_witness_world,side_plus_first_trace,side_minus_first_trace,first_candidate_finalized,first_selected,first_commit,first_activation_confirmed,executed_first_blocked_in_initial_window,executed_first_visible_after_block_in_initial_window,event_closed_log,side_both_failed_count,close_reason,post_side_finalized,post_side_selected,post_side_committed,post_side_activated,post_side_selected_kind,executed_first_blocked_in_lifetime,executed_first_visible_after_block_in_lifetime
20260925_190928_365841,1,1,STATIC,1790334582.499998569,1790334580.9464242,1790334582.699998379,1790334582.4999986,1790334582.8968434,1790334581.232662,,,,,1790334580.946828,1790334580.946833,1790334580.9471555,,1790334582.6183426,,1790334581.2326725,0,M2_PREEMPTED,,,,,,,
20260925_190928_365841,1,2,STATIC,1790334582.500000000,1790334582.3169012,1790334582.599999905,1790334582.5,1790334583.3999991,1790334582.854164,1790334582.8541825,1790334582.952,1790334582.854488,1790334582.856221,1790334582.3176532,1790334583.142107,1790334583.1423619,1790334583.384984,1790334582.6183426,1790334583.3514705,1790334583.385037,2,RECOVERY_OBSERVED,1790334582.860769510,1790334583.142107010,1790334583.142361879,1790334583.384984016,NOMINAL,1790334582.618342876,1790334583.351470709
20260925_190928_365841,1,3,STATIC,1790334584.699998856,1790334583.4923499,1790334584.799998760,1790334584.6999989,1790334585.342133,1790334583.6426318,1790334583.9311447,1790334585.429,1790334583.6428058,1790334583.645083,1790334583.492887,1790334583.4928927,1790334583.4935622,1790334583.6426377,1790334585.2873075,,1790334584.47166,4,M2_PREEMPTED,1790334583.646380424,1790334583.696724415,1790334583.697218657,1790334583.931137562,SIDE_MINUS,,
20260925_190928_365841,1,4,STATIC,1790334585.100000143,1790334585.0341673,1790334585.299999952,1790334585.1000001,1790334586.5999987,1790334585.2801797,1790334585.2801907,1790334585.379,1790334585.2804477,1790334585.28303,1790334585.0343971,1790334586.37859,1790334586.3790176,1790334586.65221,1790334585.2873075,1790334586.5186436,1790334586.9157338,4,EVENT_EXPIRED,1790334585.285181999,1790334586.378590107,1790334586.379017591,1790334586.652209997,NOMINAL,1790334585.287307739,1790334586.518643856
20260925_190928_365841,1,5,STATIC,1790334599.299998760,1790334597.7331192,1790334599.399998665,1790334599.2999988,1790334599.668263,1790334597.9437602,1790334597.9438097,1790334599.542,1790334597.9442604,1790334598.0132663,1790334597.7335794,1790334597.7335844,1790334597.7341554,1790334597.943794,1790334599.6523635,,1790334599.9288988,7,M2_PREEMPTED,1790334598.069254398,1790334598.069270134,1790334598.070065022,1790334598.242000818,SIDE_PLUS,1790334599.652363777,
20260925_190928_365841,2,1,STATIC,1790334600.799998522,1790334599.0421765,-1.000000000,1790334600.7999985,1790334600.9577167,,,,,,1790334599.0423584,,,,,,1790334599.8747137,0,M2_PREEMPTED,,,,,,,
20260925_190928_365841,3,1,STATIC,1790334600.799998760,1790334599.2237825,-1.000000000,1790334600.7999988,1790334601.1371713,,,,,,1790334599.2244918,,,,,,1790334599.7651498,0,M2_PREEMPTED,,,,,,,
20260925_190928_365841,1,6,STATIC,1790334600.800000191,1790334600.7317483,1790334600.800000191,1790334600.8000002,1790334601.1,,,,,,1790334600.7319605,,,,1790334600.8182116,1790334601.0866957,1790334601.0298586,0,MARGIN_RECOVERED,,,,,,1790334600.752381802,
20260925_190928_365841,3,2,FOV,1790334626.899999142,1790334625.7281392,1790334627.099998951,1790334626.8999991,1790334627.7839854,1790334625.8726327,1790334625.872751,1790334627.868,1790334625.881616,1790334625.873462,1790334625.7293842,1790334625.7293935,1790334625.7298362,1790334625.8727102,,,1790334625.89088,0,MARGIN_RECOVERED,,,,,,,
20260925_190928_365841,1,7,STATIC,1790334637.999998569,1790334636.2989047,-1.000000000,1790334637.9999986,1790334638.1284897,1790334636.4995906,1790334636.4996154,1790334638.398,1790334636.5004141,1790334636.5000198,1790334636.2992213,1790334636.299226,1790334636.2996416,1790334636.4996088,,,1790334636.5023782,1,MARGIN_RECOVERED,,,,,,,
20260925_190928_365841,1,8,STATIC,1790334638.299998760,1790334636.8356829,1790334638.399998665,1790334638.2999988,1790334638.702762,1790334637.0376256,1790334637.6030881,1790334638.502,1790334637.0393705,1790334637.037901,1790334636.8362565,1790334636.8362615,1790334636.836902,1790334637.03764,1790334638.5177546,,1790334638.4343789,4,RECOVERY_OBSERVED,1790334637.042294979,1790334637.042299509,1790334637.043040276,1790334637.329468727,SIDE_PLUS,,
20260925_190928_365841,1,9,STATIC,1790334638.500000000,1790334638.4371967,1790334638.500000000,1790334638.5,1790334639.6999989,1790334638.7226334,1790334638.7226622,1790334638.820,1790334638.7267087,1790334638.7228572,1790334638.437541,1790334638.4375455,1790334638.4379613,1790334638.7226517,1790334638.5177546,1790334639.6180856,1790334639.8414268,4,RECOVERY_OBSERVED,1790334638.728662968,1790334638.987214327,1790334638.987642527,1790334639.272116661,NOMINAL,1790334638.517754793,1790334639.618085861
20260925_190928_365841,3,3,DYNAMIC_LOS,1790334645.199998617,1790334643.533327,-1.000000000,1790334645.1999986,1790334645.3900492,1790334643.5483246,1790334643.5483623,1790334645.145,1790334643.6275706,1790334643.5485127,1790334643.5334344,1790334644.5672412,1790334644.5677505,1790334644.8269017,1790334645.2181916,,1790334646.4972088,17,M2_PREEMPTED,1790334643.628697157,1790334644.567241192,1790334644.567750454,1790334644.826901674,NOMINAL,1790334645.185380697,1790334646.451380730
20260925_190928_365841,3,4,STATIC,1790334648.500000000,1790334648.4280138,1790334648.500000000,1790334648.5,1790334648.6999998,,,,,,1790334648.4282196,1790334648.428224,1790334648.429505,1790334648.7037592,1790334648.5181625,1790334648.6181536,1790334648.7038157,0,RECOVERY_OBSERVED,,,,,,1790334648.451539755,1790334648.618153811
20260925_190928_365841,2,2,DYNAMIC_LOS,1790334648.900000095,1790334648.8218963,1790334648.900000095,1790334648.9,1790334649.6999993,1790334648.9551916,1790334648.9552681,1790334649.054,1790334649.0292754,1790334649.030517,1790334648.8221128,1790334648.8221233,1790334648.8224623,1790334648.9552302,1790334648.9182885,1790334649.5511255,1790334649.5889838,6,RECOVERY_OBSERVED,1790334649.031418324,1790334649.333744526,1790334649.334083796,1790334649.588948250,NOMINAL,1790334648.851309776,1790334649.551125765
20260925_190928_365841,2,3,DYNAMIC_LOS,1790334649.600000143,1790334649.5898678,-1.000000000,1790334649.6000001,1790334651.5337546,,,,,,1790334649.5901315,,,,,,1790334649.8773255,0,RECOVERY_OBSERVED,,,,,,,
20260925_190928_365841,2,4,RANGE,1790334653.899999380,1790334653.1828015,1790334653.999999285,1790334653.8999994,1790334654.4999988,,,,,,1790334653.1830533,1790334653.1830587,1790334653.183417,1790334653.4600968,,,1790334653.460391,0,MARGIN_RECOVERED,,,,,,,
20260925_200523_419199,1,1,STATIC,1790337938.499998569,1790337936.8309107,1790337938.599998474,1790337938.4999986,1790337938.7824726,1790337937.107103,1790337937.1071658,1790337938.602,1790337937.1078694,1790337937.1124003,1790337936.8324618,1790337936.8324738,1790337936.838743,1790337937.1071444,1790337938.5060463,,1790337937.6651926,2,M2_PREEMPTED,1790337937.118136883,1790337937.118148327,1790337937.120313644,1790337937.399419785,SIDE_PLUS,,
20260925_200523_419199,2,1,STATIC,1790337938.899998426,1790337937.1725783,-1.000000000,1790337938.8999984,1790337939.0719907,1790337937.3928416,1790337937.3928626,1790337938.983,1790337937.3935366,1790337937.400141,1790337937.1750062,,,,,,1790337937.6518111,1,M2_PREEMPTED,1790337937.414583683,,,,,,
20260925_200523_419199,3,1,STATIC,1790337938.799998760,1790337937.4130442,1790337938.899998665,1790337938.7999988,1790337939.342178,,,,,,1790337937.4138439,1790337937.4138737,1790337937.4153242,,,,1790337937.6389024,0,M2_PREEMPTED,,,,,,,
20260925_200523_419199,1,2,STATIC,1790337938.400000095,1790337938.2603388,1790337938.500000000,1790337938.4,1790337939.3999991,1790337938.5355148,1790337938.535553,1790337938.629,1790337938.5377548,1790337938.5436475,1790337938.2625415,,,,1790337938.4692652,1790337939.3411193,1790337939.3423426,3,RECOVERY_OBSERVED,1790337938.552638531,,,,,1790337938.469265699,1790337939.341119766
20260925_200523_419199,1,3,STATIC,1790337940.899998903,1790337939.6648417,1790337940.899998903,1790337940.899999,1790337941.2901027,1790337939.7700632,1790337939.7701037,1790337941.067,1790337939.7715437,1790337939.7780032,1790337939.6659148,1790337939.6659276,1790337939.6670413,1790337939.770091,,,1790337940.2092938,4,M2_PREEMPTED,1790337939.782873392,1790337939.887360334,1790337939.888826609,1790337939.991296291,SIDE_MINUS,,
20260925_200523_419199,1,4,STATIC,1790337941.200000048,1790337941.1617079,1790337941.299999952,1790337941.2,1790337942.5999987,1790337941.3256395,1790337941.3256598,1790337941.423,1790337941.3260312,1790337941.3299708,1790337941.1626108,1790337941.334724,1790337941.3351793,1790337941.6228094,1790337941.3382943,1790337942.5370862,1790337942.7605765,4,RECOVERY_OBSERVED,1790337941.334714890,1790337941.334723949,1790337941.335179329,1790337941.622809410,NOMINAL,1790337941.338294744,1790337942.537086725
20260925_200523_419199,1,5,STATIC,1790337955.299998760,1790337953.7957776,1790337955.399998665,1790337955.2999988,1790337955.6505432,1790337953.9067945,1790337953.9069133,1790337955.503,1790337953.907261,1790337954.0783887,1790337953.797189,1790337953.7972107,1790337953.7995613,1790337953.9068995,1790337955.5710492,,1790337954.7612023,4,M2_PREEMPTED,1790337954.170736551,1790337954.170743942,1790337954.171281815,1790337954.275079966,NOMINAL,,
20260925_200523_419199,1,6,STATIC,1790337956.100000143,1790337956.0113828,1790337956.100000143,1790337956.1000001,1790337956.8999994,1790337956.1204262,1790337956.1204445,1790337956.218,1790337956.1239069,1790337956.120673,1790337956.01165,,,,1790337956.1123931,1790337956.8014681,1790337956.9841468,3,RECOVERY_OBSERVED,1790337956.127913237,,,,,1790337956.034868717,1790337956.801468611
20260925_200523_419199,1,7,FOV,1790337962.400000095,1790337962.3866367,1790337962.400000095,1790337962.4,1790337962.6999998,,,,1790337962.4206014,1790337962.419775,1790337962.3903823,,,,1790337962.4139671,1790337962.5458083,1790337962.591125,1,RECOVERY_OBSERVED,1790337962.422964811,,,,,1790337962.413967609,1790337962.545808792
20260925_200523_419199,3,2,FOV,1790337963.699999332,1790337962.909196,1790337963.799999237,1790337963.6999993,1790337964.8337545,,,,,,1790337962.9121432,1790337962.9121563,1790337962.913254,1790337963.1092992,1790337964.4024394,,1790337963.374455,0,MARGIN_RECOVERED,,,,,,,
20260925_200523_419199,3,3,FOV,1790337964.399999380,1790337963.685624,-1.000000000,1790337964.3999994,1790337965.5747297,,,,,,1790337963.6864824,1790337963.6864994,1790337963.6882477,1790337963.9048638,1790337964.4024394,1790337964.8712783,1790337963.9055882,0,MARGIN_RECOVERED,,,,,,,
20260925_200523_419199,3,4,FOV,1790337964.599999666,1790337964.162975,-1.000000000,1790337964.5999997,1790337966.1059933,,,,,,1790337964.163538,1790337964.1635478,1790337964.1644201,1790337964.4430962,1790337964.6034102,1790337964.8712783,1790337964.4440842,0,MARGIN_RECOVERED,,,,,,1790337964.402439833,
20260925_200523_419199,1,8,DYNAMIC_LOS,1790337970.100000143,1790337970.0285733,1790337970.200000048,1790337970.1000001,1790337970.9999993,1790337970.2739935,1790337970.2740142,1790337970.372,1790337970.2742038,1790337970.2770348,1790337970.0290704,,,,1790337970.1686652,1790337970.8683922,1790337970.8555498,2,RECOVERY_OBSERVED,1790337970.281832695,,,,,1790337970.168665648,
20260925_200523_419199,1,9,FOV,1790337974.099998474,1790337972.2808206,-1.000000000,1790337974.0999985,1790337974.283429,,,,1790337972.4170737,1790337972.484614,1790337972.2813356,1790337972.281345,1790337972.2828133,1790337972.416303,,,1790337972.5020757,0,MARGIN_RECOVERED,,,,,,,
20260925_200523_419199,3,5,FOV,1790337982.399999142,1790337981.3079717,1790337982.499999046,1790337982.3999991,1790337983.3603854,1790337981.458491,1790337981.4594238,1790337983.439,1790337981.4598806,1790337981.4721677,1790337981.3084617,1790337981.308468,1790337981.3095248,1790337981.4593306,,,1790337981.477103,1,MARGIN_RECOVERED,,,,,,,
20260925_200523_419199,1,10,STATIC,1790337993.899998903,1790337992.5425842,-1.000000000,1790337993.899999,1790337994.0662487,1790337992.6485045,1790337992.6485503,1790337994.344,1790337992.7562256,1790337992.6505427,1790337992.543664,1790337992.5436769,1790337992.544805,1790337992.648536,,,1790337992.761411,1,MARGIN_RECOVERED,,,,,,,
20260925_200523_419199,1,11,STATIC,1790337994.499998569,1790337992.841871,1790337994.599998474,1790337994.4999986,1790337994.7436934,1790337992.9510417,1790337993.678511,1790337994.575,1790337992.966851,1790337992.9533722,1790337992.8427703,1790337992.84279,1790337992.8440387,1790337992.9510603,1790337994.5507882,,1790337995.6457574,12,RECOVERY_OBSERVED,1790337992.983909607,1790337993.043274164,1790337993.044499397,1790337993.150552034,SIDE_MINUS,1790337994.550788641,1790337995.568306684
20260925_200523_419199,1,12,FOV,1790337996.999999285,1790337996.1672444,1790337997.099999189,1790337996.9999993,1790337998.155626,,,,1790337996.295993,1790337996.2829025,1790337996.168082,1790337996.168088,1790337996.1687858,1790337996.2826252,,,1790337996.3137867,1,MARGIN_RECOVERED,,,,,,,
20260925_200523_419199,1,13,FOV,1790337997.899998665,1790337996.469943,-1.000000000,1790337997.8999987,1790337998.5141625,,,,,,1790337996.4703755,1790337996.4703834,1790337996.471049,1790337996.760367,,,1790337996.7611802,0,MARGIN_RECOVERED,,,,,,,
20260925_200523_419199,3,6,DYNAMIC_LOS,1790338000.499998331,1790337998.684476,-1.000000000,1790338000.4999983,1790338000.6074736,1790337998.965696,1790337998.9657614,1790338000.760,1790337998.9717185,1790337998.966049,1790337998.6847506,1790337998.6847568,1790337998.685395,1790337998.96574,,,1790337999.3743353,1,MARGIN_RECOVERED,1790337998.996803522,1790337998.996809721,1790337998.997413397,1790337999.221804380,SIDE_MINUS,,
20260925_200523_419199,3,7,DYNAMIC_LOS,1790338000.999998808,1790337999.6595728,1790338001.199998617,1790338000.9999988,1790338001.5748725,1790337999.6768572,1790338000.0866394,1790338001.684,1790337999.8192277,1790337999.6770885,1790337999.6597528,1790337999.8788273,1790337999.879865,1790338000.0866292,1790338001.1682804,,1790338001.2044148,7,M2_PREEMPTED,1790337999.820005178,1790337999.878827333,1790337999.879864931,1790338000.086629152,SIDE_MINUS,1790338001.168280840,
20260925_200523_419199,3,8,DYNAMIC_LOS,1790338001.800000191,1790338001.7497761,1790338001.800000191,1790338001.8000002,1790338002.5999994,1790338001.993871,1790338001.9939086,1790338002.090,1790338001.9978127,1790338001.9943314,1790338001.7506669,,,,1790338001.8036633,1790338002.5361662,1790338002.284223,1,M2_PREEMPTED,1790338002.008362532,,,,,1790338001.770147800,
20260925_200523_419199,2,2,DYNAMIC_LOS,1790338005.000000000,1790338004.9558868,1790338005.000000000,1790338005.0,1790338005.3999996,1790338004.9643378,1790338004.9643512,1790338005.057,1790338004.9694576,1790338004.9658344,1790338004.9563825,1790338005.054297,1790338005.0547085,1790338005.2037663,1790338005.0024223,1790338005.3018713,1790338005.3437557,10,RECOVERY_OBSERVED,1790338004.970930099,1790338005.054296970,1790338005.054708481,1790338005.203766346,NOMINAL,1790338004.984075785,1790338005.301871777
20260925_200523_419199,2,3,DYNAMIC_LOS,1790338005.400000095,1790338005.3455076,-1.000000000,1790338005.4,1790338007.4238942,,,,1790338005.3664742,1790338005.362669,1790338005.345989,,,,,,1790338005.597918,1,RECOVERY_OBSERVED,1790338005.368016481,,,,,,
20260925_200523_419199,2,4,RANGE,1790338009.699999332,1790338008.9322343,1790338009.799999237,1790338009.6999993,1790338010.3999987,,,,,,1790338008.9331717,1790338008.9331794,1790338008.9349203,1790338009.2322633,,,1790338009.478601,0,MARGIN_RECOVERED,,,,,,,
