run,uav,time_s,x,y,target_x,target_y,static_clearance,dynamic_clearance,visible,blockers
20260927_055748_1104145,1,6.9487,-26.564471,-4.872518,-27.580896511076684,-3.057731337877614,0.7405844394833133,4.92030189568613,1,
20260927_055748_1104145,1,6.983479,-26.535913761073605,-4.881454182446896,-27.525437616828587,-3.0743683536418027,0.7132544290212944,4.922770935644413,1,
20260927_055748_1104145,1,7.01531,-26.496862529320733,-4.893859228145271,-27.522212,-3.075336,0.6941160128002778,4.946800598109606,1,
20260927_055748_1104145,1,7.048554,-26.496168,-4.89408,-27.463182702725597,-3.0868447945064585,0.6772119742542374,4.94347792839123,1,
20260927_055748_1104145,1,7.082202,-26.454403085091233,-4.907558286604361,-27.46252,-3.086974,0.6579509781840108,4.97061989231389,1,
20260927_055748_1104145,1,7.115299,-26.423174257284636,-4.917745739144906,-27.432056572301732,-3.0851855810765834,0.6336118755031043,4.976764861916949,1,
20260927_055748_1104145,1,7.149122,-26.388041568165722,-4.929293265138102,-27.402166479727335,-3.0834318516288954,0.6076899821718166,4.984284375772295,1,
20260927_055748_1104145,1,7.182247,-26.387583,-4.929444,-27.37141375739645,-3.0816260031397174,0.5964263926325307,4.990990930898879,1,
20260927_055748_1104145,1,7.215428,-26.348651268021403,-4.942315604581254,-27.371005,-3.081602,0.5794617622529125,5.018434839770133,1,
20260927_055748_1104145,1,7.248663,-26.3084295903177,-4.95565746505295,-27.310529603933436,-3.0780528907715583,0.5397768012426881,5.005922618989068,1,
20260927_055748_1104145,1,7.282333,-26.308018,-4.955794,-27.249869465552315,-3.0744924782877865,0.5157165513535052,4.994400600547978,1,
20260927_055748_1104145,1,7.315007,-26.276046691025602,-4.966406624264456,-27.218078106965713,-3.072626140515727,0.489448831645702,5.001396572956167,1,
20260927_055748_1104145,1,7.348501,-26.235373256334675,-4.9798876565431,-27.217718,-3.072605,0.4726750544645713,5.029510220922708,1,
20260927_055748_1104145,1,7.382218,-26.234805,-4.980076,-27.188000873783544,-3.070860625184311,0.460042656600179,5.03894096912474,1,
20260927_055748_1104145,1,7.415742,-26.189905726246923,-4.994899417561971,-27.12740426715083,-3.0673040822279574,0.4159516855572971,5.028902312587522,1,
20260927_055748_1104145,1,7.449024,-26.15535561071321,-5.006226451158591,-27.096404097261512,-3.0654848944327413,0.38859624480700705,5.037618171907295,1,
20260927_055748_1104145,1,7.481814,-26.11384019078445,-5.019616629637546,-27.0657611711808,-3.0636860282451375,0.3586429945801136,5.046238955223941,1,
20260927_055748_1104145,1,7.515572,-26.113377,-5.019766,-27.03530549945407,-3.0618981526839204,0.3444121926841309,5.055848770372474,1,
20260927_055748_1104145,1,7.548656,-26.065605089662704,-5.03454359979374,-27.03486,-3.061872,0.3259677031870074,5.083065961407502,1,
20260927_055748_1104145,1,7.585277,-26.02683528974024,-5.045761782715243,-27.00456078884169,-3.0600936989054075,0.2970766242169445,5.094947812072152,1,
20260927_055748_1104145,1,7.615787,-26.026326,-5.045909,-26.97385314903042,-3.0582916512452014,0.28223936513989145,5.1015357324795785,1,
20260927_055748_1104145,1,7.649213,-25.981097571723456,-5.0578556108235855,-26.973399,-3.058265,0.26499537108577753,5.128278054556753,1,
20260927_055748_1104145,1,7.682404,-25.945045628384914,-5.066452360130561,-26.913032646034814,-3.0547216628384914,0.22203950157765429,5.119425157193741,1,
20260927_055748_1104145,1,7.715968,-25.90778061696826,-5.074423779412637,-26.851959754672205,-3.0511367558587956,0.17745361400477133,5.110812562679781,1,
20260927_055748_1104145,1,7.748688,-25.907232,-5.074541,-26.82071611033404,-3.0493027278917824,0.1611834831528859,5.118672962484134,1,
20260927_055748_1104145,1,7.786996,-25.86114725424432,-5.082962143697675,-26.820363,-3.049282,0.14393681045619544,5.147951682394726,1,
20260927_055748_1104145,1,7.815577,-25.82370360972595,-5.088457621874558,-26.790755953489192,-3.047544819148185,0.11466491304065042,5.152991269677847,1,
20260927_055748_1104145,1,7.849211,-25.823201,-5.088531,-26.76007147078558,-3.0457430458701977,0.0983474950775869,5.161015902376612,1,
20260927_055748_1104145,1,7.881947,-25.779125117977188,-5.093064519293775,-26.759679,-3.04572,0.08172594233812643,5.184661796326601,1,
20260927_055748_1104145,1,7.916285,-25.734261428128352,-5.095360353807356,-26.699752071857155,-3.0422026390040293,0.032939046285513154,5.176590101210216,1,
20260927_055748_1104145,1,7.948906,-25.681430354387164,-5.094970825196313,-26.63809821474906,-3.038584432912257,-0.020554108710208005,5.166503742312619,0,STATIC:36
20260927_055748_1104145,1,7.981964,-25.68075,-5.094965,-26.637307,-3.038538,-0.021242863881859406,5.188682732327545,0,STATIC:36
20260927_055748_1104145,1,8.015673,-25.633005158013475,-5.091858108440621,-26.606332052791483,-3.036719959030201,-0.056461096873469716,5.194877390974809,0,STATIC:36
20260927_055748_1104145,1,8.048784,-25.58393676482297,-5.086398589842572,-26.57636311707582,-3.0349606686169253,-0.09182686972849184,5.200770019879035,0,STATIC:36
20260927_055748_1104145,1,8.081978,-25.583332,-5.086331,-26.516229917798388,-3.031430907807359,-0.12587362705234106,5.190945683043113,0,STATIC:36
20260927_055748_1104145,1,8.115267,-25.533070940766237,-5.078752960420252,-26.515056,-3.031362,-0.14559701408151898,5.210628339815879,0,STATIC:36
20260927_055748_1104145,1,8.148584,-25.477099243138785,-5.068452621883988,-26.4546330664849,-3.027815002307047,-0.20119404898461363,5.200084945700463,0,STATIC:36
20260927_055748_1104145,1,8.182255,-25.421772754296853,-5.056647709408777,-26.453645,-3.027757,-0.22268524128537603,5.21869450694832,0,STATIC:36
20260927_055748_1104145,1,8.215384,-25.420577,-5.056392,-26.42354002504265,-3.0259900675725078,-0.2403324855694462,5.22198868744598,0,STATIC:36
20260927_055748_1104145,1,8.248787,-25.35820943955121,-5.041388049079019,-26.39330036713266,-3.0242157970240595,-0.2811233446421194,5.224777753406755,0,STATIC:36
20260927_055748_1104145,1,8.282295,-25.306424920065254,-5.027827729526917,-26.362621693964112,-3.0224151507340946,-0.31810393819431315,5.226793472993837,0,STATIC:36
20260927_055748_1104145,1,8.315989,-25.30556,-5.027601,-26.30159179997614,-3.0188321414722905,-0.3540499293597691,5.214036902863717,0,STATIC:36
20260927_055748_1104145,1,8.348934,-25.248148024653123,-5.011663496523666,-26.300874,-3.01879,-0.3754191613096629,5.228542356091423,0,STATIC:36
20260927_055748_1104145,1,8.383415,-25.201261576291866,-4.998181056060651,-26.240618949022572,-3.0152533335463447,-0.332156253097132,5.215454459632982,0,STATIC:36
20260927_055748_1104145,1,8.415873,-25.148794467503695,-4.982776449870753,-26.240034,-3.015219,-0.3131919336439143,5.2281458136269565,0,STATIC:36
20260927_055748_1104145,1,8.448576,-25.148197,-4.982601,-26.20969131867729,-3.013437969313914,-0.2949873898654986,5.22663529514431,0,STATIC:36
20260927_055748_1104145,1,8.482728,-25.089400392700856,-4.965100685804306,-26.179347122790126,-3.0116572921407316,-0.2564675458352145,5.22490898273269,0,STATIC:36
20260927_055748_1104145,1,8.51525,-25.042091466839732,-4.950919727609865,-26.118054695005874,-3.0080593063230117,-0.20350004687338336,5.208368644335808,0,STATIC:36
20260927_055748_1104145,1,8.548542,-25.041542,-4.950755,-26.117334,-3.008017,-0.20287871111912753,5.2177911894669915,0,STATIC:36
20260927_055748_1104145,1,8.585858,-24.98959817107067,-4.935139585629418,-26.057498848525576,-3.0045051548883093,-0.14916269391049164,5.201913882152593,0,STATIC:36
20260927_055748_1104145,1,8.615897,-24.936620477554857,-4.919220463631484,-26.026128988660002,-3.0026645882372676,-0.1128137672709889,5.195715269577466,0,STATIC:36
20260927_055748_1104145,1,8.648858,-24.878086092966807,-4.90170956320165,-26.025744,-3.002642,-0.09430016826996905,5.202371653841236,0,STATIC:36
20260927_055748_1104145,1,8.68204,-24.877429,-4.901513,-25.99586187163238,-3.0008878218951796,-0.07560442549793543,5.195828005291416,0,STATIC:36
20260927_055748_1104145,1,8.71545,-24.8198420391522,-4.884427127679348,-25.965254957190393,-2.999091126180412,-0.03917062024001687,5.188193131264379,0,STATIC:36
20260927_055748_1104145,1,8.749304,-24.762704820853077,-4.867652387677725,-25.964861,-2.999068,-0.02225568928698772,5.192045081978476,0,STATIC:36
20260927_055748_1104145,1,8.78344,-24.762138,-4.867486,-25.9041724126144,-2.9955060478961375,0.016037061247860987,5.170529066563681,1,
20260927_055748_1104145,1,8.815193,-24.716551147861022,-4.854251996296412,-25.843433573773577,-2.991940968080098,0.0676003960626111,5.148416109784127,1,
20260927_055748_1104145,1,8.848629,-24.663337206605615,-4.838991805074313,-25.812084872841915,-2.9901003664314665,0.10214341376216914,5.137239347103944,1,
20260927_055748_1104145,1,8.881831,-24.612765875124243,-4.8247091999638565,-25.811738,-2.99008,0.11540588715768625,5.137062067037681,1,
20260927_055748_1104145,1,8.915211,-24.612195,-4.824548,-25.781428639322137,-2.988301056238752,0.1352596060198521,5.124404725691916,1,
20260927_055748_1104145,1,8.949107,-24.561446433855746,-4.810474859919433,-25.750868830985915,-2.986507698197536,0.16778718047835206,5.110734125911066,1,
20260927_055748_1104145,1,8.983366,-24.50864497038304,-4.7961492897358635,-25.69448781790048,-2.98319808149415,0.21752124758409774,5.086585372591269,1,
20260927_055748_1104145,1,9.015576,-24.45301573803357,-4.781394903696728,-25.689478,-2.982904,0.23321116700104083,5.080742710266521,1,
20260927_055748_1104145,1,9.049288,-24.452064,-4.781143,-25.62949032767992,-2.9793830786823894,0.273804231360664,5.053835025197956,1,
20260927_055748_1104145,1,9.082439,-24.398078394706765,-4.76721354330827,-25.628586,-2.97933,0.2856437745227186,5.047369961231445,1,
20260927_055748_1104145,1,9.115319,-24.352051449094677,-4.7556213725233185,-25.598416657196854,-2.977558805706273,0.3152284569787793,5.029584061024496,1,
20260927_055748_1104145,1,9.148848,-24.351319,-4.755437,-25.56763890714243,-2.9757526487457344,0.3364970837218798,5.0105701040804576,1,
20260927_055748_1104145,1,9.189287,-24.29630117312591,-4.741934550713526,-25.50644461481958,-2.9721613072984936,0.38913578913725644,4.978273582731173,1,
20260927_055748_1104145,1,9.215786,-24.236883321590398,-4.727769799728138,-25.505843,-2.972126,0.39961493622469957,4.969872222860877,1,
20260927_055748_1104145,1,9.248731,-24.236024,-4.727565,-25.445553558354757,-2.9685864561923485,0.44235856726090145,4.938660471682817,1,
20260927_055748_1104145,1,9.415494,-24.03761319631902,-4.683133214723926,-25.322869,-2.961386,0.5582923091772786,4.828695631902605,1,
20260927_055748_1104145,1,9.448412,-23.988336696466956,-4.672668090036633,-25.262738346008295,-2.9578560269443854,0.6081070580207756,4.793486676105291,1,
20260927_055748_1104145,1,9.483149,-23.987578,-4.672507,-25.261801,-2.957801,0.6088836949509256,4.774544591614531,1,
20260927_055748_1104145,1,9.515308,-23.940056855076513,-4.662601767762362,-25.231477216531648,-2.9560219287332776,0.6360804415264728,4.747297232469315,1,
20260927_055748_1104145,1,9.548998,-23.890299504325004,-4.6524299013303105,-25.200415235280083,-2.954197859333055,0.6636203659263126,4.718215406977139,1,
20260927_055748_1104145,1,9.584116,-23.835308598677646,-4.641458205534498,-25.14007480985494,-2.9506570140499875,0.7135789296396223,4.679108494755752,1,
20260927_055748_1104145,1,9.615499,-23.790377994188077,-4.632725095277416,-25.139427,-2.950619,0.6952643629901994,4.658722416198202,1,
20260927_055748_1104145,1,9.648426,-23.77996323134623,-4.630729607579945,-25.07913278444532,-2.94707946900908,0.678269753387876,4.619893987291225,1,
20260927_055748_1104145,1,9.684375,-23.730006059020234,-4.621324516190159,-25.04798554517082,-2.9452509314495905,0.6369645921098434,4.586483397950501,1,
20260927_055748_1104145,1,9.715546,-23.729419,-4.621214,-25.047629,-2.94523,0.6364825602587426,4.564010688326836,1,
20260927_055748_1104145,1,9.748815,-23.676524403326592,-4.611537171310411,-25.017570178011894,-2.943465727231563,0.5937155561201587,4.531338040801172,1,
20260927_055748_1104145,1,9.783129,-23.62750762983972,-4.602806340169299,-24.95653465430375,-2.9398839220699884,0.5486930622227092,4.489252882480017,1,
20260927_055748_1104145,1,9.815389,-23.578563807542952,-4.5943090972071206,-24.955701,-2.939835,0.5147573962543012,4.463684272937891,1,
20260927_055748_1104145,1,9.848428,-23.577964,-4.594205,-24.895693443853176,-2.936312401100562,0.5032911158541719,4.421996166808251,1,
20260927_055748_1104145,1,9.881958,-23.528755208167897,-4.585875898886468,-24.894903,-2.936266,0.46984062618541694,4.394041155516392,1,
20260927_055748_1104145,1,9.915649,-23.475915486815534,-4.577137118541394,-24.864286282100014,-2.9344686222829317,0.4287869225395731,4.3580267048063766,1,
20260927_055748_1104145,1,9.94837,-23.475316,-4.577038,-24.83408049854842,-2.932695805916328,0.42247126584069444,4.322453393394532,1,
20260927_055748_1104145,1,9.982039,-23.437964017646657,-4.570975323703754,-24.810067955440484,-2.931286329631396,0.3931829441159976,4.287017924938821,1,
20260927_055748_1104145,1,10.015403,-23.37352415337636,-4.560622094945208,-24.80243,-2.930838,0.35007509244798635,4.255117153191884,1,
20260927_055748_1104145,1,10.048473,-23.33146496609862,-4.553926221115719,-24.74252022275025,-2.927322022066168,0.3110035606324503,4.211145275327259,1,
20260927_055748_1104145,1,10.081913,-23.330917,-4.553839,-24.682870571812483,-2.9154363301881157,0.29596505827457614,4.158707945137149,1,
20260927_055748_1104145,1,10.115535,-23.28273750497943,-4.546194738803745,-24.652878347188267,-2.9070308587274143,0.2578954699684058,4.113888623835644,1,
20260927_055748_1104145,1,10.148702,-23.235424026041507,-4.538704213528369,-24.652525,-2.906931,0.22882507786765843,4.081651316412872,1,
20260927_055748_1104145,1,10.183652,-23.190097417080096,-4.531548780333228,-24.623624971494937,-2.8987635362622237,0.1934330355431147,4.035113135670007,1,
20260927_055748_1104145,1,10.215344,-23.189516,-4.531457,-24.59383184503303,-2.8903433738740163,0.18460858089567672,3.991135788847556,1,
20260927_055748_1104145,1,10.248501,-23.14212870837347,-4.524018130989647,-24.593459,-2.890238,0.15633808179184766,3.95766204217687,1,
20260927_055748_1104145,1,10.281839,-23.089321273925023,-4.515809424721524,-24.535874592436222,-2.873964894687987,0.10854421668319732,3.9000834805381004,1,
20260927_055748_1104145,1,10.315505,-23.047739861429463,-4.509420617628673,-24.476378831631592,-2.8571507799541576,0.06633407402263498,3.841703877764842,1,
20260927_055748_1104145,1,10.349138,-23.047189,-4.509336,-24.475587,-2.856927,0.06577035639236568,3.8065438243696317,1,
20260927_055748_1104145,1,10.382602,-23.00149300670077,-4.502394723862515,-24.44641446597266,-2.848682072541805,0.030668695417524774,3.760168180079156,1,
20260927_055748_1104145,1,10.415412,-22.956692217450684,-4.495638898543247,-24.417143990015173,-2.84041038185129,-0.0037491576459881965,3.7143670186394546,0,STATIC:26
20260927_055748_1104145,1,10.448949,-22.90970011296357,-4.488527075518573,-24.387827420395702,-2.832125034721183,-0.03919869026682703,3.6677434620679996,0,STATIC:26
20260927_055748_1104145,1,10.482372,-22.905312636337722,-4.4878584061342,-24.387477,-2.832026,-0.041697139332339914,3.6320967225828698,0,STATIC:26
20260927_055748_1104145,1,10.515156,-22.859089989608393,-4.48070736258379,-24.329466099073098,-2.8156317863305436,-0.0864691535589182,3.575545592839773,0,STATIC:26
20260927_055748_1104145,1,10.548455,-22.80844994697607,-4.47257956570879,-24.270330323433928,-2.798919611759047,-0.134455608739179,3.518681925511209,0,STATIC:26
20260927_055748_1104145,1,10.587257,-22.807805,-4.472476,-24.269578,-2.798707,-0.13506846232110642,3.4767628675277678,0,STATIC:26
20260927_055748_1104145,1,10.615647,-22.7640230733331,-4.46512288154697,-24.240438301574443,-2.790471546722553,-0.1687582987613186,3.436090651587298,0,STATIC:26
20260927_055748_1104145,1,10.648506,-22.71843133635227,-4.457108419388284,-24.211043583844116,-2.782164575366694,-0.20344478210287675,3.3907167459802823,0,STATIC:26
20260927_055748_1104145,1,10.682439,-22.673035806034353,-4.448700439464923,-24.181275159433103,-2.7737514614455345,-0.23814419517125462,3.3442905312765374,0,STATIC:26
20260927_055748_1104145,1,10.715169,-22.672537,-4.448608,-24.12294487691276,-2.7572674562884836,-0.2610639173526771,3.290289217125947,0,STATIC:26
20260927_055748_1104145,1,10.74951,-22.627763624410136,-4.439744545994757,-24.12214,-2.75704,-0.28430993265633364,3.2532770667643884,0,STATIC:26
20260927_055748_1104145,1,10.782096,-22.582126961801883,-4.429869602984576,-24.069243212873772,-2.74209016860627,-0.32879715988817004,3.2021638700939254,0,STATIC:26
20260927_055748_1104145,1,10.815768,-22.576843,-4.428725,-24.03435991879947,-2.7322322956464378,-0.3457535537075091,3.1560331703940996,0,STATIC:26
20260927_055748_1104145,1,10.848459,-22.527124760976804,-4.416682821061984,-24.033959,-2.732119,-0.371300791846413,3.1213807819450317,0,STATIC:26
20260927_055748_1104145,1,10.882045,-22.486128450342868,-4.405658919602742,-24.005072396370302,-2.723954903641523,-0.40429954039530475,3.0777976881003486,0,STATIC:26
20260927_055748_1104145,1,10.915546,-22.44217446985119,-4.392658919166666,-23.946659713392854,-2.7074476008928565,-0.4516356058907009,3.0267978669113624,0,STATIC:26
20260927_055748_1104145,1,10.948875,-22.441243,-4.392383,-23.945412,-2.707095,-0.45264606105274996,2.9920281124292556,0,STATIC:26
20260927_055748_1104145,1,10.982489,-22.40425944943486,-4.3803692090521515,-23.897046056960143,-2.693426453053738,-0.4927258550363739,2.9451051610215915,0,STATIC:26
20260927_055748_1104145,1,11.015288,-22.353894956236072,-4.362826422231615,-23.886429,-2.690426,-0.523420117644203,2.9092365935743674,0,STATIC:26
20260927_055748_1104145,1,11.048688,-22.307691279053728,-4.3452645011993285,-23.857198679719357,-2.6821646995682418,-0.5603300420762739,2.8686920487078327,0,STATIC:26
20260927_055748_1104145,1,11.082234,-22.307083,-4.345033,-23.827736647237437,-2.673838851155037,-0.5737909009819847,2.8286605846156725,0,STATIC:26
20260927_055748_1104145,1,11.115764,-22.263814983462456,-4.327381185220501,-23.798564740703217,-2.665594108671037,-0.6094700519379217,2.78946458306548,0,STATIC:26
20260927_055748_1104145,1,11.148777,-22.21796277120698,-4.307479219583131,-23.798115,-2.665467,-0.6264128160750901,2.7576566330263033,0,STATIC:26
20260927_055748_1104145,1,11.189084,-22.173912758518775,-4.287252732962448,-23.73993171331711,-2.6490237898122393,-0.5768445364136883,2.7075801913525996,0,STATIC:26
20260927_055748_1104145,1,11.215137,-22.173402,-4.287018,-23.680900704,-2.6323411119999998,-0.5489945213726334,2.6724503561142585,0,STATIC:26
20260927_055748_1104145,1,11.248613,-22.130118317016315,-4.266136908015061,-23.650460606777838,-2.6237393349471043,-0.5120848059291595,2.6368189899017276,0,STATIC:26
20260927_055748_1104145,1,11.282187,-22.080613776326725,-4.2411822064585065,-23.650102,-2.623638,-0.4863017875806878,2.6068177250460414,0,STATIC:26
20260927_055748_1104145,1,11.315099,-22.079846,-4.240795,-23.62173296815869,-2.615619699381456,-0.4723420316938453,2.5736243731855977,0,STATIC:26
20260927_055748_1104145,1,11.348732,-22.026039963263614,-4.212537337382236,-23.591999520708658,-2.607216926941992,-0.4303602883242739,2.5406136308426825,0,STATIC:26
20260927_055748_1104145,1,11.392443,-21.99075443051771,-4.193491528999611,-23.533542978590894,-2.5906965811599845,-0.3838046636635801,2.4969638320222263,0,STATIC:26
20260927_055748_1104145,1,11.415338,-21.990348,-4.193272,-23.532858,-2.590503,-0.38326107855553,2.478424030022736,0,STATIC:26
20260927_055748_1104145,1,11.449367,-21.943354442667683,-4.167349407663869,-23.47494655862332,-2.5741370012616627,-0.3307449287544221,2.4457239011339302,0,STATIC:26
20260927_055748_1104145,1,11.482243,-21.894105196564194,-4.13963524445449,-23.474023,-2.573876,-0.30586341184509375,2.420547798175278,0,STATIC:26
20260927_055748_1104145,1,11.51531,-21.85367802330974,-4.116548520258726,-23.444879550768857,-2.5656400429582624,-0.27140813567344607,2.3936877954900213,0,STATIC:26
20260927_055748_1104145,1,11.549067,-21.853012,-4.116168,-23.415001571738355,-2.557195777031844,-0.25585910223768626,2.3674949811574457,0,STATIC:26
20260927_055748_1104145,1,11.586561,-21.80390384667766,-4.087787262807895,-23.356725193036123,-2.5407270657019736,-0.2022057097450799,2.338874979394266,0,STATIC:26
20260927_055748_1104145,1,11.615691,-21.754235653467383,-4.058820337336581,-23.355858,-2.540482,-0.1784804357459997,2.3195815363539385,0,STATIC:26
20260927_055748_1104145,1,11.649278,-21.753263,-4.058253,-23.297848450636085,-2.524087868303171,-0.14749088506687502,2.296991843189547,0,STATIC:26
20260927_055748_1104145,1,11.682712,-21.709003436464087,-4.032289949171271,-23.297028,-2.523856,-0.12681838217989033,2.2766343420622626,0,STATIC:26
20260927_055748_1104145,1,11.715894,-21.66398905439078,-4.005807163112009,-23.268169495429728,-2.5157001000331833,-0.09133581421056085,2.2573581576637602,0,STATIC:26
20260927_055748_1104145,1,11.748983,-21.618974808129686,-3.979299525889184,-23.238565626542464,-2.5073333355915794,-0.05585170171333624,2.239483533775184,0,STATIC:26
20260927_055748_1104145,1,11.786075,-21.618349,-3.978931,-23.209092081758335,-2.4990041662773415,-0.03954422291278663,2.2209307585242755,0,STATIC:26
20260927_055748_1104145,1,11.817137,-21.57895423959564,-3.955754307667061,-23.150695272482608,-2.4825007077589603,0.009306103912293653,2.208557567909544,1,
20260927_055748_1104145,1,11.849607,-21.536139876555424,-3.930637514137507,-23.14984,-2.482259,0.02731574781700681,2.1934927439099443,1,
20260927_055748_1104145,1,11.882411,-21.489274666147523,-3.90330009497259,-23.091854040088467,-2.4658714290431107,0.07849760427761072,2.183786418455788,1,
20260927_055748_1104145,1,11.91534,-21.488376,-3.902776,-23.090699,-2.465545,0.0795033682524547,2.170474307396465,1,
20260927_055748_1104145,1,11.948693,-21.444852546451692,-3.87761654801007,-23.06158367795493,-2.457317421961161,0.11269337934174568,2.160831900021944,1,
20260927_055748_1104145,1,11.983778,-21.401618012273854,-3.8529146189747125,-23.035306138584808,-2.4498913425961364,0.1436437621476518,2.1516748594826147,1,
20260927_055748_1104145,1,12.015678,-21.357315015472636,-3.8278932614515497,-22.973777518873018,-2.432502606851139,0.19520109884553455,2.149982799129507,1,
20260927_055748_1104145,1,12.048847,-21.356708,-3.827551,-22.972866,-2.432245,0.19594894418086867,2.1405664801830193,1,
20260927_055748_1104145,1,12.082442,-21.30796700898923,-3.8004644740558335,-22.914708912154744,-2.4158091301806746,0.2469741597732415,2.14155737047147,1,
20260927_055748_1104145,1,12.115723,-21.25163606189509,-3.769714748954476,-22.913746,-2.415537,0.26522793972315667,2.134132551839474,1,
20260927_055748_1104145,1,12.149003,-21.250374,-3.769026,-22.88520244263236,-2.4074705560991814,0.28297284895210056,2.1328590426776053,1,
20260927_055748_1104145,1,12.183419,-21.210408070054626,-3.7475823537889354,-22.855690866689912,-2.3991302891387725,0.31291545895555434,2.1329666135205168,1,
20260927_055748_1104145,1,12.216414,-21.16955224918542,-3.725965667712171,-22.796461122506773,-2.3823915335119823,0.3613433984730124,2.141441213989279,1,
20260927_055748_1104145,1,12.249008,-21.133919652834347,-3.707365251982972,-22.795702,-2.382177,0.37133462925092947,2.138007361889863,1,
20260927_055748_1104145,1,12.282056,-21.133398,-3.707093,-22.737742818332578,-2.3657972312679023,0.4083735537919289,2.14957416540857,1,
20260927_055748_1104145,1,23.848685,-10.821739298026655,-4.1466546391163766,-12.248839552234747,-2.4370706941162252,0.7356470510988454,2.885504559281771,1,
20260927_055748_1104145,1,23.883249,-10.77782868679191,-4.148269292601156,-12.248486,-2.437047,0.7083334214934888,2.891098787377195,1,
20260927_055748_1104145,1,23.915386,-10.73708249579884,-4.1492976421858465,-12.218250420738158,-2.4350208332607206,0.6791297906978812,2.910933700783011,1,
20260927_055748_1104145,1,23.948896,-10.73655,-4.149311,-12.157776877678568,-2.4309670651785713,0.670075235117468,2.94633418726451,1,
20260927_055748_1104145,1,23.986914,-10.700661717303614,-4.149802512486302,-12.156851,-2.430905,0.6478316625040926,2.9531148659198205,1,
20260927_055748_1104145,1,24.015202,-10.650658544787584,-4.149933585139055,-12.096583444335446,-2.4268653392765747,0.607612016591326,2.988445583696941,1,
20260927_055748_1104145,1,24.048855,-10.649611,-4.149935,-12.095176,-2.426771,0.6067410028669195,2.9949253491702654,1,
20260927_055748_1104145,1,24.081968,-10.613438534107226,-4.149542886548588,-12.065574375269266,-2.4247869059358544,0.579639987989124,3.01593996864859,1,
20260927_055748_1104145,1,24.115354,-10.571679722210506,-4.148593237110917,-12.034916547985658,-2.422731331575617,0.54883203343496,3.037789999694927,1,
20260927_055748_1104145,1,24.148943,-10.53103399898915,-4.147126204727218,-11.974601771577229,-2.4186893037015014,0.512914799864053,3.075701527637894,1,
20260927_055748_1104145,1,24.183016,-10.530422,-4.147104,-11.973687,-2.418628,0.5123690513511664,3.0823144924290045,1,
20260927_055748_1104145,1,24.215652,-10.484046689321278,-4.144736012248764,-11.913343222249376,-2.4145828107703586,0.4722504119378215,3.1208323402469524,1,
20260927_055748_1104145,1,24.248605,-10.437969407208191,-4.141654432035737,-11.882321854103989,-2.4125037975202845,0.43801647206390554,3.1438590995649296,1,
20260927_055748_1104145,1,24.282477,-10.437367,-4.141614,-11.881922,-2.412477,0.4375716310322158,3.150326195595081,1,
20260927_055748_1104145,1,24.315523,-10.402038544407398,-4.1387412777508334,-11.851771757199153,-2.4104561135192486,0.4098501332628624,3.17313448429642,1,
20260927_055748_1104145,1,24.348595,-10.360100997277101,-4.134767597464678,-11.821132787038998,-2.408401981575046,0.37794628346570774,3.196403170115179,1,
20260927_055748_1104145,1,24.3843,-10.31920232780548,-4.130301423301026,-11.760327141016303,-2.404326630399462,0.3394569267767161,3.2374609159402263,1,
20260927_055748_1104145,1,24.415178,-10.278672452528982,-4.1253005979858814,-11.759706,-2.404285,0.3152407423777001,3.2436392175054234,1,
20260927_055748_1104145,1,24.449223,-10.27819,-4.125241,-11.699128136466443,-2.400224251285064,0.300147438338592,3.284868284326044,1,
20260927_055748_1104145,1,24.481863,-10.233991821888933,-4.119129062801637,-11.698468,-2.40018,0.2738863037236036,3.2914429490092374,1,
20260927_055748_1104145,1,24.515065,-10.19363719254358,-4.1129849665548806,-11.668365864134866,-2.398162311248074,0.24251823136606637,3.3152431157182516,1,
20260927_055748_1104145,1,24.5484,-10.193198,-4.112918,-11.637668704844229,-2.396104299747884,0.23433550473000514,3.3395536842840077,1,
20260927_055748_1104145,1,24.587219,-10.153578092283949,-4.106377024176955,-11.57708298312757,-2.392043625823045,0.1949428114875988,3.3827891732853974,1,
20260927_055748_1104145,1,24.615672,-10.1137185979599,-4.099340150510025,-11.576447,-2.392001,0.17160151367628568,3.3885819860571873,1,
20260927_055748_1104145,1,24.649532,-10.07365330908285,-4.091850493841382,-11.51557037828976,-2.3879200790429773,0.1315331674591606,3.4315412986554117,1,
20260927_055748_1104145,1,24.6823,-10.073207,-4.091767,-11.514883,-2.387874,0.1310822354346795,3.438167565586511,1,
20260927_055748_1104145,1,24.717808,-10.03001702627353,-4.0832599575581385,-11.485682967829456,-2.38591748709856,0.0979852089350159,3.4625774842127095,1,
20260927_055748_1104145,1,24.748635,-9.984758398330078,-4.073935256552136,-11.454169110798185,-2.3838045587621353,0.06311793190283406,3.4876018675696416,1,
20260927_055748_1104145,1,24.786931,-9.948776024977139,-4.066245704898759,-11.393568053873286,-2.379742744245591,0.02478600508342839,3.532093031792093,1,
20260927_055748_1104145,1,24.815392,-9.948436,-4.066173,-11.39299,-2.379704,0.024420223447339476,3.537759830138164,1,
20260927_055748_1104145,1,24.848506,-9.908486291749892,-4.057372584952485,-11.33226090176139,-2.3756338204103864,-0.01662915383591461,3.581749762701498,0,STATIC:28
20260927_055748_1104145,1,24.882031,-9.871700009940062,-4.049054160138864,-11.331622,-2.375591,-0.037040040790332227,3.588324774187889,0,STATIC:28
20260927_055748_1104145,1,24.915207,-9.871129,-4.048925,-11.301315533597798,-2.3735589004027497,-0.04698839539544823,3.6134442886224294,0,STATIC:28
20260927_055748_1104145,1,24.948656,-9.826371422397564,-4.038549555007622,-11.270835378911505,-2.3715160806061153,-0.08112325793119461,3.638781362996826,0,STATIC:28
20260927_055748_1104145,1,24.988437,-9.790303232412084,-4.029996142842991,-11.222859232828132,-2.368300166518078,-0.11628230131940347,3.676468636779391,0,STATIC:28
20260927_055748_1104145,1,25.015978,-9.780312,-4.027626,-11.209475,-2.367403,-0.1260739946473441,3.689936203338597,0,STATIC:28
20260927_055748_1104145,1,25.048886,-9.730399797780972,-4.015543450255219,-11.149014791178901,-2.3633510942017915,-0.17298042556747795,3.734684480130543,0,STATIC:28
20260927_055748_1104145,1,25.081967,-9.693498736451795,-4.006478111868376,-11.148327,-2.363305,-0.19229342672479727,3.740886172784034,0,STATIC:28
20260927_055748_1104145,1,25.115357,-9.65140940482146,-3.9960240746120244,-11.118444443061627,-2.3613017608256746,-0.22418941762775246,3.7660290569344292,0,STATIC:28
20260927_055748_1104145,1,25.148608,-9.650918,-3.995902,-11.087675475169197,-2.359238766852158,-0.23532253904368222,3.791747968333243,0,STATIC:28
20260927_055748_1104145,1,25.184503,-9.604387869567642,-3.984234054449093,-11.026860457963735,-2.355162570655509,-0.2806390026318847,3.83772685940745,0,STATIC:28
20260927_055748_1104145,1,25.215268,-9.566539592920641,-3.974678606093051,-11.026285,-2.355124,-0.2994208100966791,3.843175051460567,0,STATIC:28
20260927_055748_1104145,1,25.248718,-9.566054,-3.974556,-10.965749255675533,-2.3510664006221402,-0.3222999790782644,3.8887780723225704,0,STATIC:28
20260927_055748_1104145,1,25.281895,-9.5236358157277,-3.96378586971831,-10.965057,-2.35102,-0.34292270187759377,3.8945318985100768,0,STATIC:28
20260927_055748_1104145,1,25.315164,-9.480244672217882,-3.9525736178079725,-10.935141069019421,-2.34901500871761,-0.374856887490003,3.9197401196907142,0,STATIC:28
20260927_055748_1104145,1,25.34887,-9.436198888595106,-3.9404471830902223,-10.905397075933571,-2.3420870161017193,-0.40865355827097594,3.9414633739520104,0,STATIC:28
20260927_055748_1104145,1,25.384223,-9.396849289179467,-3.928193094655254,-10.849914308723896,-2.3198900406501797,-0.45529339039885613,3.971589992045806,0,STATIC:28
20260927_055748_1104145,1,25.415247,-9.38788403085894,-3.925160868636572,-10.848503,-2.319324,-0.46031186454128875,3.9767939409728355,0,STATIC:28
20260927_055748_1104145,1,25.448516,-9.342119656626684,-3.907622317581987,-10.792278609462826,-2.2967729799500987,-0.5116804604908239,4.007261662196431,0,STATIC:28
20260927_055748_1104145,1,25.482702,-9.294570719227625,-3.8856238817524202,-10.791603,-2.296502,-0.5361958036673644,4.01237391353085,0,STATIC:28
20260927_055748_1104145,1,25.515136,-9.288555243257454,-3.882586292805889,-10.763211548837067,-2.2851143992638874,-0.5541057744428174,4.029997286364764,0,STATIC:28
20260927_055748_1104145,1,25.548421,-9.245142222329104,-3.8586602048938845,-10.735033733962604,-2.273812240245295,-0.5918538428136332,4.047660232076155,0,STATIC:28
20260927_055748_1104145,1,25.586127,-9.194765541776695,-3.8274594100031676,-10.678369977870496,-2.2510852654483986,-0.610723503239357,4.079553517284744,0,STATIC:28
20260927_055748_1104145,1,25.615231,-9.148773522473803,-3.7965468391348396,-10.677564,-2.250762,-0.5848961039036448,4.083599721476756,0,STATIC:28
20260927_055748_1104145,1,25.648651,-9.147157,-3.795459,-10.621562173849526,-2.2283001300219136,-0.5539155934642938,4.114932914113039,0,STATIC:28
20260927_055748_1104145,1,25.682257,-9.089398681526392,-3.754559419044223,-10.620774,-2.227984,-0.521510022246711,4.119291423835645,0,STATIC:28
20260927_055748_1104145,1,25.715285,-9.043459551058795,-3.72120577847218,-10.592595215642255,-2.216682089921728,-0.48094090407296775,4.136985422023623,0,STATIC:28
20260927_055748_1104145,1,25.748746,-9.042861,-3.720771,-10.56423390854115,-2.2053071037930727,-0.4651714879464695,4.154822948264334,0,STATIC:28
20260927_055748_1104145,1,25.782386,-8.98839705735683,-3.6807715242354893,-10.563917,-2.20518,-0.43536457325198513,4.158579808941107,0,STATIC:28
20260927_055748_1104145,1,25.815262,-8.932413605279963,-3.639365412360472,-10.507817433772315,-2.1826792966939372,-0.3746561627226564,4.190301538721291,0,STATIC:28
20260927_055748_1104145,1,25.848667,-8.890397990121834,-3.6081836947047035,-10.450902960038317,-2.1598511087496637,-0.32094203588282366,4.222917379708413,0,STATIC:28
20260927_055748_1104145,1,25.883093,-8.889912,-3.607823,-10.422403347216568,-2.1484208390436863,-0.30461722087212917,4.241043192312027,0,STATIC:28
20260927_055748_1104145,1,25.915541,-8.843145770721803,-3.5732426992185102,-10.422122,-2.148308,-0.28051800594173,4.244100573107765,0,STATIC:28
20260927_055748_1104145,1,25.948559,-8.796467069201428,-3.539289479808681,-10.393813282920627,-2.1369531117030935,-0.24124560734479467,4.261853985839432,0,STATIC:28
20260927_055748_1104145,1,25.983027,-8.752912928540374,-3.508574038474078,-10.366820744484295,-2.126127569285947,-0.20495701970319807,4.279014912573643,0,STATIC:28
20260927_055748_1104145,1,26.015429,-8.749443,-3.506128,-10.36467,-2.125265,-0.20208253575129398,4.282676295205476,0,STATIC:28
20260927_055748_1104145,1,26.048794,-8.703457477360814,-3.4750622027461455,-10.308768957125258,-2.1028429196586838,-0.14866542854256137,4.315223989880911,0,STATIC:28
20260927_055748_1104145,1,26.081895,-8.658700044213578,-3.446231523435612,-10.252337771683981,-2.0802092553756943,-0.09587550433554363,4.348433186920961,0,STATIC:28
20260927_055748_1104145,1,26.115402,-8.616625375381028,-3.42038944351802,-10.223407279720279,-2.0686058423286116,-0.061106969305766465,4.366649762546765,0,STATIC:28
20260927_055748_1104145,1,26.149045,-8.60574582883953,-3.4138892992041807,-10.223101,-2.068483,-0.05654488138421458,4.368838332786397,0,STATIC:28
20260927_055748_1104145,1,26.183458,-8.558372105760562,-3.3864203347582063,-10.19505437607956,-2.0572336821658084,-0.021136134360168854,4.386454773397753,0,STATIC:28
20260927_055748_1104145,1,26.215136,-8.557861,-3.386124,-10.166574670742108,-2.045810804220768,-0.003533751366122037,4.404156753790161,0,STATIC:28
20260927_055748_1104145,1,26.248478,-8.505174224108101,-3.3568428505846555,-10.11024329727956,-2.0232174804617586,0.05083615111638724,4.437909631293585,1,
20260927_055748_1104145,1,26.281903,-8.445993793082799,-3.325028654439288,-10.109352,-2.02286,0.07200286375692007,4.439860237648396,1,
20260927_055748_1104145,1,26.315392,-8.402448123213379,-3.3021019398615663,-10.053077422527197,-2.0002882799268886,0.12209181363565776,4.473816829053614,1,
20260927_055748_1104145,1,26.349334,-8.401958,-3.301844,-10.052431,-2.000029,0.12266496014204505,4.475367041481959,1,
20260927_055748_1104145,1,26.385189,-8.354037103194031,-3.276946335763173,-10.024605708419118,-1.9888692714929603,0.1557208770580633,4.4927864831068,1,
20260927_055748_1104145,1,26.416072,-8.305494943475292,-3.251966825130753,-9.996146123737127,-1.9774542194393006,0.18884159905110348,4.479816980250936,1,
20260927_055748_1104145,1,26.448637,-8.30492,-3.251671,-9.939277343004509,-1.9546452411347501,0.22658232082903967,4.483737952122051,1,
20260927_055748_1104145,1,26.481889,-8.257029206044372,-3.2271832115228327,-9.938626,-1.954384,0.24076386176940562,4.433986146206389,1,
20260927_055748_1104145,1,26.515753,-8.203506620771096,-3.19988535372262,-9.882523723563796,-1.931881927968354,0.2931575935574969,4.377352790853772,1,
20260927_055748_1104145,1,26.548594,-8.15554539444326,-3.17539450375414,-9.85413442699942,-1.920495348451226,0.3249287999074712,4.326196656338182,1,
20260927_055748_1104145,1,26.584158,-8.14443468563228,-3.1697091794135854,-9.853787,-1.920356,0.32792129624847494,4.315905419371659,1,
20260927_055748_1104145,1,26.615243,-8.102475492380892,-3.148176452485051,-9.825524106667524,-1.9090200448788015,0.3575874085779514,4.270032266369715,1,
20260927_055748_1104145,1,26.648478,-8.055180065377336,-3.123766722424096,-9.79732414471906,-1.8977090907835064,0.3880804196913615,4.217536433168648,1,
20260927_055748_1104145,1,26.681973,-8.054518,-3.123425,-9.740196373626375,-1.8747958351648357,0.4288119701757754,4.216841632074801,1,
20260927_055748_1104145,1,26.715706,-8.002951467517503,-3.0966141094567043,-9.739566,-1.874543,0.44028249705111017,4.1580805428798895,1,
20260927_055748_1104145,1,62.915278,23.866947466783536,0.6295220837212112,22.425021465665235,2.153167447772472,0.6488954719589731,1.6448904798220794,1,
20260927_055748_1104145,1,62.948604,23.904252803865752,0.6227293203176495,22.485327493467196,2.1652721566077333,0.6203838033044845,1.6320390696120406,1,
20260927_055748_1104145,1,62.98645,23.93415593386654,0.6167526726723539,22.509438892812316,2.1701121777881767,0.6017496654473472,1.623471074384272,1,
20260927_055748_1104145,1,63.015095,23.941689,0.615245,22.545005191937896,2.177251014139546,0.59118401158653,1.624415721919466,1,
20260927_055748_1104145,1,63.048838,23.978007339179907,0.607677690922018,22.575201044264052,2.1833123539938386,0.568051010694414,1.6126286611541227,1,
20260927_055748_1104145,1,63.082503,23.978433,0.607589,22.575548,2.183382,0.5677806844534504,1.6179029144724768,1,
20260927_055748_1104145,1,63.115281,24.01028552522782,0.6008901754632733,22.60508192942328,2.1893099359060617,0.546734022288934,1.608662981812222,1,
20260927_055748_1104145,1,63.148646,24.04398651065426,0.5939085252400964,22.635086003421367,2.1953321842436972,0.5245423788043267,1.5993441959873071,1,
20260927_055748_1104145,1,63.182982,24.044327,0.593838,22.635389,2.195393,0.5243174816116406,1.6049968161049954,1,
20260927_055748_1104145,1,63.215308,24.07691895923172,0.5873787153035938,22.694760056443616,2.207310306133829,0.4948656498164606,1.5969181294990327,1,
20260927_055748_1104145,1,63.248777,24.110020235090232,0.5813115273993074,22.7551581221764,2.219433934056411,0.4636326556600974,1.5898748659327873,1,
20260927_055748_1104145,1,63.281892,24.146961595476096,0.5753487985987379,22.755831,2.219569,0.4465888126349407,1.58275168060659,1,
20260927_055748_1104145,1,63.315364,24.147376,0.575282,22.78527371221009,2.225479224104565,0.4380087961833206,1.5885040024296573,1,
20260927_055748_1104145,1,63.348544,24.18426006810209,0.5703603013184954,22.815235203399055,2.2314931963832105,0.41215622319307776,1.5832079850069594,1,
20260927_055748_1104145,1,63.383217,24.218150986504764,0.566820114580036,22.875241199637447,2.2435374729663633,0.3777946532294977,1.5806992905594943,1,
20260927_055748_1104145,1,63.415417,24.25243251375805,0.5642541001772221,22.876031,2.243696,0.3613315906409579,1.5792831956095474,1,
20260927_055748_1104145,1,63.449071,24.256667409628882,0.5640025696146068,22.935018076156783,2.255536705959322,0.34003715412195734,1.58459681700862,1,
20260927_055748_1104145,1,63.482337,24.287223819042758,0.562733904305213,22.935712,2.255676,0.32516920354262757,1.5858102251741009,1,
20260927_055748_1104145,1,63.51543,24.326250552452628,0.5623720417988938,22.96577973379273,2.2617107003354797,0.29603678663199073,1.5876287717845237,1,
20260927_055748_1104145,1,63.548647,24.326701,0.562368,22.995453679253803,2.267667471731609,0.28550567265832316,1.5936801402530751,1,
20260927_055748_1104145,1,63.583423,24.369967973035912,0.5636605838962833,23.025774624543654,2.2737532703308716,0.2534709846105795,1.5980113732281982,1,
20260927_055748_1104145,1,63.615402,24.40569842669379,0.5660084803317166,23.08535388308559,2.2857126475355973,0.2138807046129645,1.6042090199374885,1,
20260927_055748_1104145,1,63.649233,24.406129,0.566037,23.086078,2.285858,0.2133974742525977,1.6104615087742549,1,
20260927_055748_1104145,1,63.681934,24.443587046225947,0.5697224027692681,23.14538747938365,2.29776240454601,0.1720309808018906,1.6187556593095602,1,
20260927_055748_1104145,1,63.71528,24.48101163341861,0.5745565607151362,23.146073,2.2979,0.15290595925318495,1.6290320090505295,1,
20260927_055748_1104145,1,63.74874,24.519597631026805,0.5806564540399173,23.175476905735238,2.3038018910364304,0.121842083275165,1.6413053402671147,1,
20260927_055748_1104145,1,63.783948,24.524357090538473,0.5814770032274504,23.20549264149822,2.3098273699960377,0.10753654988588181,1.6486543223421164,1,
20260927_055748_1104145,1,63.815564,24.562992879831324,0.5887695778559885,23.26540103988713,2.3218525302641186,0.0635472764563343,1.6625808657958905,1,
20260927_055748_1104145,1,63.848613,24.602183620657918,0.597133005789443,23.266335,2.32204,0.043179911754461134,1.6785698525982629,1,
20260927_055748_1104145,1,63.882812,24.603512,0.597417,23.325712510667543,2.3339582012789095,0.017695423479912833,1.6851424888967144,1,
20260927_055748_1104145,1,63.91556,24.64371559026059,0.6069352867442632,23.326409,2.334098,-0.0030337688944881286,1.7029902202599223,0,STATIC:13
20260927_055748_1104145,1,63.948565,24.685045215328802,0.6175760345578241,23.355701338019657,2.3399781729402878,-0.03653216225949772,1.72281040752452,0,STATIC:13
20260927_055748_1104145,1,63.982269,24.726843874790436,0.6291347066090185,23.38542726021354,2.345944391864467,-0.07055253085180006,1.7444406529166876,0,STATIC:13
20260927_055748_1104145,1,64.015379,24.727759,0.629388,23.445528968947492,2.358008289243073,-0.09733363745260463,1.7506582350394104,0,STATIC:13
20260927_055748_1104145,1,64.048967,24.77013742056855,0.6418550905789583,23.446225,2.358148,-0.11900285905664658,1.7739129448854698,0,STATIC:13
20260927_055748_1104145,1,64.081915,24.817448358341903,0.6565415052421014,23.50553259523663,2.3700521430822334,-0.16928400939940064,1.80066522169972,0,STATIC:13
20260927_055748_1104145,1,64.115272,24.85791857924302,0.6696763882547325,23.536090809792736,2.376186313217183,-0.2033396493715801,1.825667325998266,0,STATIC:13
20260927_055748_1104145,1,64.148489,24.85837,0.669823,23.536428,2.376254,-0.20371704113959427,1.8315413734520527,0,STATIC:13
20260927_055748_1104145,1,64.185816,24.90272138825672,0.6847717938097431,23.565950382794725,2.3821800582612664,-0.2392091133756209,1.860196484533981,0,STATIC:13
20260927_055748_1104145,1,64.215384,24.95271505304585,0.7022219842914331,23.625281194692054,2.3940888615156917,-0.2912969168782782,1.8917915145912307,0,STATIC:13
20260927_055748_1104145,1,64.248581,24.993940911994923,0.7170246251322183,23.626363,2.394306,-0.3118360299614421,1.9203072794782727,0,STATIC:13
20260927_055748_1104145,1,64.282396,24.994468,0.717214,23.686049956712278,2.406286493041988,-0.34036232175118514,1.9260611422561782,0,STATIC:13
20260927_055748_1104145,1,64.315709,25.04438547410538,0.7355761857279864,23.68674,2.406425,-0.3645744217787263,1.9605007551548157,0,STATIC:13
20260927_055748_1104145,1,64.348582,25.09604579077052,0.7549836144948469,23.7155962751973,2.4122175533465864,-0.4028395646090035,1.997048145285767,0,STATIC:13
20260927_055748_1104145,1,64.384598,25.102350068905615,0.7573712501447591,23.74552776298011,2.4182259312873944,-0.42024959513082355,2.0064820882834304,0,STATIC:13
20260927_055748_1104145,1,64.415789,25.144182261744977,0.773357201342286,23.776093532885913,2.4243610456375855,-0.454592716696345,2.037558084668265,0,STATIC:13
20260927_055748_1104145,1,64.448415,25.1909781689817,0.7914366188329826,23.776457,2.424434,-0.4762191142782025,2.072690358177158,0,STATIC:13
20260927_055748_1104145,1,64.482007,25.239211903842143,0.8102515409065194,23.835726102705273,2.436330353441861,-0.49286901590055593,2.1096178131309316,0,STATIC:13
20260927_055748_1104145,1,64.51541,25.239736,0.810456,23.896049136805875,2.448438943960486,-0.46220981528749966,2.114705745773419,0,STATIC:13
20260927_055748_1104145,1,64.548951,25.29425239506173,0.8318894074074071,23.896712,2.448572,-0.43800199469796897,2.156510056740128,0,STATIC:13
20260927_055748_1104145,1,64.583071,25.3378224993562,0.849104746107926,23.926234710991455,2.4544976841858834,-0.40421992427153725,2.1914562893809,0,STATIC:13
20260927_055748_1104145,1,64.615327,25.386914060355245,0.8685532426919597,23.95651309888713,2.4605757316097825,-0.3680048439934342,2.2304988817271,0,STATIC:13
20260927_055748_1104145,1,64.648818,25.387547,0.868804,23.986709366114667,2.4666366291624326,-0.35204691865402366,2.235264073895273,0,STATIC:13
20260927_055748_1104145,1,64.681843,25.436282399015667,0.8881286108880087,23.98705,2.466705,-0.331914844173777,2.2745172355720396,0,STATIC:13
20260927_055748_1104145,1,64.715021,25.49026369749645,0.9095157013828173,24.04608889699634,2.478555542644531,-0.27934681294017366,2.3180679903086014,0,STATIC:13
20260927_055748_1104145,1,64.748547,25.491057,0.90983,24.10600897605898,2.4905829992537076,-0.24679025101819024,2.3226267959252267,0,STATIC:13
20260927_055748_1104145,1,64.78506,25.55241097537161,0.9340828655586606,24.106831,2.490748,-0.222854249525677,2.37243289921374,0,STATIC:13
20260927_055748_1104145,1,64.815415,25.59680618164512,0.9515789650101784,24.13655977207379,2.4967153789142005,-0.19017402294704883,2.409251927901252,0,STATIC:13
20260927_055748_1104145,1,64.84864,25.597565,0.951878,24.16630264721142,2.5026856375591966,-0.17351836504254053,2.413405940449274,0,STATIC:13
20260927_055748_1104145,1,64.882681,25.652483366945567,0.9734459584030608,24.196469760751516,2.5087410473212994,-0.13707096418344245,2.4587909490958166,0,STATIC:13
20260927_055748_1104145,1,64.915657,25.713870514164118,0.9974403653495375,24.256415766322174,2.520773430881456,-0.08215431655608639,2.5094480263426444,0,STATIC:13
20260927_055748_1104145,1,64.948436,25.714609,0.997729,24.257141,2.520919,-0.08149300536095049,2.513183454604488,0,STATIC:13
20260927_055748_1104145,1,64.98454,25.75124625255305,1.011974591879166,24.30077633027579,2.5296777196844618,-0.04432444513108262,2.5450500653513926,0,STATIC:13
20260927_055748_1104145,1,65.015174,25.81913395629764,1.0382432059614592,24.316969,2.532928,-0.013430066869296473,2.6011267681812145,0,STATIC:13
20260927_055748_1104145,1,65.048782,25.863466008425302,1.0552673007001319,24.34633994861754,2.5388236068589065,0.01710361244046489,2.6391328222239894,1,
20260927_055748_1104145,1,65.082012,25.864231,1.055561,24.37674087408688,2.544925147979754,0.0352503461540873,2.6424372645190726,1,
20260927_055748_1104145,1,65.115549,25.914977771739785,1.074907305577051,24.43664252318315,2.556949354800311,0.08575621284995728,2.6855322095084713,1,
20260927_055748_1104145,1,65.14851,25.96396620651713,1.0934469693186608,24.437393,2.5571,0.09965448268434675,2.727314816304305,1,
20260927_055748_1104145,1,65.186105,26.020923542865496,1.1148517305900787,24.496190834500002,2.5689019774826303,0.15035088811597574,2.7167535829782805,1,
20260927_055748_1104145,1,65.215008,26.021704,1.115145,24.497008,2.569066,0.15105139799160572,2.7122098821785583,1,
20260927_055748_1104145,1,65.24872,26.0657794613425,1.1316164895432204,24.526931732922566,2.575072877184668,0.18041533024902778,2.6611824403093234,1,
20260927_055748_1104145,1,65.282305,26.114437479241246,1.1497206802000346,24.556592841979096,2.58102618320362,0.21029006602551736,2.605458510509451,1,
20260927_055748_1104145,1,65.315053,26.16463599871217,1.1683167397663516,24.586760394106648,2.5870813615736057,0.24032831985438496,2.5483702622875244,1,
20260927_055748_1104145,1,65.34842,26.165371,1.168589,24.587202,2.58717,0.24076428311274567,2.543620259642558,1,
20260927_055748_1104145,1,65.382221,26.215662068435996,1.1871364872181767,24.646367034972478,2.59904599165631,0.2889458073485852,2.4866067206012854,1,
20260927_055748_1104145,1,65.415133,26.259963136349803,1.203408152030938,24.70631637318069,2.611079139272884,0.3365708144689049,2.4362123311794592,1,
20260927_055748_1104145,1,65.448836,26.26051,1.203609,24.736892608070786,2.617216474982925,0.35698948444453726,2.4319472833535416,1,
20260927_055748_1104145,1,65.482221,26.315523577051927,1.2237231570949991,24.737234,2.617285,0.3668448910131117,2.3705995937901285,1,
20260927_055748_1104145,1,65.515136,26.368372589964395,1.242926759151628,24.767006418190668,2.623261825061619,0.3952481605243151,2.311850886742394,1,
20260927_055748_1104145,2,72.48198,29.616316754678508,1.2643399036910854,30.90554,1.190657,1.024048148934381,0.2567113664683112,1,
20260927_055748_1104145,2,72.51563,29.652467000567857,1.2293849318569028,30.960776252129467,1.165560091993188,1.0380305098870866,0.29712307358829876,1,
20260927_055748_1104145,2,72.549024,29.652998,1.228871,30.961604,1.165184,1.0382571642566358,0.3005322503713144,1,
20260927_055748_1104145,2,72.586369,29.691766402241402,1.1892295647020787,30.98842579021205,1.1529981195678436,1.0458704571032438,0.3505793913499446,1,
20260927_055748_1104145,2,72.615252,29.717351546774307,1.16183271041508,31.01679461270875,1.1401087357424995,1.0544869664499366,0.38684479587729353,1,
20260927_055748_1104145,2,72.648459,29.717704,1.161455,31.044474874415258,1.127532062612451,1.0634438749403603,0.3811765241645645,1,
20260927_055748_1104145,2,72.682635,29.747689389925107,1.1280304291085235,31.044924,1.127328,1.063593627770524,0.3655004836170176,1,
20260927_055748_1104145,2,72.71582,29.775426208849762,1.095885190347894,31.099321052152547,1.1026130394587232,1.0437983089864427,0.36969544611152616,1,
20260927_055748_1104145,2,72.748966,29.775949,1.095279,31.155532406923772,1.0770730473732177,1.0170795825370793,0.3673541558747446,1,
20260927_055748_1104145,2,72.783864,29.80477480579352,1.0606309170224437,31.156228,1.076757,1.0166933258963333,0.3520306522232177,1,
20260927_055748_1104145,2,72.815313,29.836751766729073,1.0213611771424864,31.18392770631723,1.064172043309957,1.0026480776269973,0.3494484379198751,1,
20260927_055748_1104145,2,72.849091,29.859618065864005,0.9941498378755041,31.211997035111654,1.051418913169833,0.9878745607038807,0.3427545168404875,1,
20260927_055748_1104145,2,72.882,29.859903,0.993811,31.26654592321547,1.0266344065858166,0.9637470287842381,0.3400485264074602,1,
20260927_055748_1104145,2,72.915622,29.885013119371067,0.9671283496490843,31.267929,1.026006,0.960079169953148,0.3234806588338919,1,
20260927_055748_1104145,2,72.948876,29.91547424752743,0.9418704511648871,31.32254170067639,1.001192997023898,0.933058222759977,0.32670686852169906,1,
20260927_055748_1104145,2,72.987318,29.938003627899057,0.9291608714081249,31.347533236717176,0.9898383724189603,0.9204406462137485,0.31184235403168326,1,
20260927_055748_1104145,2,73.016012,29.941497,0.927206,31.351366,0.988097,0.9185004008591441,0.29308879571327817,1,
20260927_055748_1104145,2,73.048922,29.973094145455097,0.9174756747559533,31.378898229267403,0.9755872870784301,0.9053300081594186,0.2822351925033467,1,
20260927_055748_1104145,2,73.081922,30.011773535435925,0.9152533471693554,31.433985859525105,0.9505583462630653,0.8833276814869891,0.2787492033088729,1,
20260927_055748_1104145,2,73.115801,30.012382,0.91522,31.462811538420556,0.9374620414989336,0.8726559278975071,0.26401742568878384,1,
20260927_055748_1104145,2,73.148637,30.053443852904522,0.9220224242940086,31.490533343161992,0.9248666728577075,0.8642097987513658,0.24743084323965847,1,
20260927_055748_1104145,2,73.18203,30.090966259794424,0.9343100855355257,31.490942,0.924681,0.8669246624846808,0.21984494894825685,1,
20260927_055748_1104145,2,73.215367,30.14011818720145,0.9570914514045396,31.51859394541085,0.9121172002103033,0.8630861088737957,0.19678401871461743,1,
20260927_055748_1104145,2,73.248811,30.141013,0.957508,31.546376726787113,0.8994938674149177,0.8542817678440727,0.18091174471585725,1,
20260927_055748_1104145,2,73.282435,30.198680475253447,0.9913980171139043,31.574023795110325,0.886932662611803,0.8544498944348825,0.15193643359852738,1,
20260927_055748_1104145,2,73.315332,30.249387105042523,1.025531103797081,31.574351,0.886784,0.8626681900000338,0.11587537010804828,1,
20260927_055748_1104145,2,73.348734,30.250035,1.025968,31.62955532510165,0.8617021506517584,0.8480206295361884,0.10527733148918363,1,
20260927_055748_1104145,2,73.385923,30.306763514981274,1.0675116044943809,31.68499560449438,0.836512986142323,0.8194288967490112,0.07198062081099811,1,
20260927_055748_1104145,2,73.415296,30.35588531018392,1.1053064687071132,31.713369724814715,0.8236209578987086,0.7942665691243228,0.03844508810269505,1,
20260927_055748_1104145,2,73.449012,30.356604,1.10586,31.713779,0.823435,0.7939057656504535,0.017634136890651034,1,
20260927_055748_1104145,2,73.482141,30.41185927002487,1.149683280333222,31.74117540861826,0.8109879656288398,0.7698985421258954,-0.022187514000969286,0,DYNAMIC:10
20260927_055748_1104145,2,73.515628,30.469572312178187,1.196193183091849,31.769110199976055,0.7982953659441973,0.7457263203058634,-0.06520397899096268,0,DYNAMIC:10
20260927_055748_1104145,2,73.548886,30.534557636448618,1.2487886398262822,31.824387203956682,0.7731806487831403,0.6988888387465607,-0.11224323401453105,0,DYNAMIC:10
20260927_055748_1104145,2,73.582658,30.535523,1.24957,31.825214,0.772805,0.6981989815012112,-0.1298443236747212,0,DYNAMIC:10
20260927_055748_1104145,2,73.617069,30.593332119712212,1.296031421809991,31.880331810766304,0.7477620755894564,0.6529871744749803,-0.17540686681922904,0,DYNAMIC:10
20260927_055748_1104145,2,73.649051,30.652349811620606,1.3427304751884428,31.881329,0.747309,0.6521839536203925,-0.22174268866511676,0,DYNAMIC:10
20260927_055748_1104145,2,73.681844,30.653224,1.343422,31.908355671926678,0.7350294988923647,0.6306275243756431,-0.23677755950101415,0,DYNAMIC:10
20260927_055748_1104145,2,73.715941,30.710481880314866,1.3876352560793601,31.93620712752758,0.7223750144558572,0.6088632558472233,-0.23776815909843135,0,DYNAMIC:10
20260927_055748_1104145,2,73.749142,30.768610205896643,1.4311384122785837,31.991989285124983,0.6970314244115443,0.5667730201895661,-0.19078726444491753,0,DYNAMIC:10
20260927_055748_1104145,2,73.792035,30.82556117728046,1.4720766102489835,32.02049827174293,0.684078366438758,0.546107064040231,-0.14319438875631177,0,DYNAMIC:10
20260927_055748_1104145,2,73.815608,30.826138,1.472491,32.04765520867986,0.6717392435935344,0.5270018366133904,-0.13281257777120725,0,DYNAMIC:10
20260927_055748_1104145,2,73.848768,30.88657118391742,1.5136962042017605,32.07604631187177,0.6588396818799227,0.5076750687321954,-0.08816833558932212,0,DYNAMIC:10
20260927_055748_1104145,2,73.882458,30.952235054424584,1.5562867667814047,32.076488,0.658639,0.5073798516428399,-0.04600517787837914,0,DYNAMIC:10
20260927_055748_1104145,2,73.915461,30.953263,1.556953,32.10375666173797,0.6462494315840515,0.4894918688520216,-0.033382465583454965,0,DYNAMIC:10
20260927_055748_1104145,2,73.948845,30.99991498762727,1.5867324809453829,32.131569968587655,0.6336126665665598,0.4719613577290734,0.001296224774293711,1,
20260927_055748_1104145,2,73.987324,31.037195986576094,1.610554694463657,32.17521398206078,0.6137833447911129,0.44601981046103595,0.03488364577520854,1,
20260927_055748_1104145,2,74.015546,31.099737147070268,1.6498832746459375,32.187877,0.60803,0.43887385529921635,0.07162472451987863,1,
20260927_055748_1104145,2,74.048608,31.153468068159512,1.6813439910122716,32.24292575242332,0.5830188669325139,0.4099613973113892,0.1129818126082245,1,
20260927_055748_1104145,2,74.082499,31.154183,1.681761,32.243698,0.582668,0.4095818642247225,0.11802350663342721,1,
20260927_055748_1104145,2,74.115066,31.21067155524472,1.710021568125927,32.27140172909494,0.5700808709112128,0.3964697742250986,0.1515411701866392,1,
20260927_055748_1104145,2,74.148476,31.26605965704361,1.7313312568579315,32.29880917617992,0.557628131348825,0.3841114884005277,0.18229018473946978,1,
20260927_055748_1104145,2,74.182133,31.266714,1.731582,32.32329122214816,0.5465047957959532,0.37338038587386096,0.19233296466137195,1,
20260927_055748_1104145,2,74.215328,31.314305514991943,1.7440307360558849,32.38185363406771,0.5198963592692083,0.346210263912564,0.22745948324306137,1,
20260927_055748_1104145,2,74.248433,31.361478568340804,1.7510406195851242,32.382781,0.519475,0.34281008398121143,0.24369032222196685,1,
20260927_055748_1104145,2,74.281696,31.40787439401444,1.7525706556639387,32.43776294286233,0.4944946600126828,0.3152590433394124,0.27523394286923797,1,
20260927_055748_1104145,2,74.315253,31.413586252830974,1.7524123839373749,32.465950621619996,0.48168773611401877,0.30277175947194873,0.28728402312447854,1,
20260927_055748_1104145,2,74.349183,31.453629883116122,1.748401691969003,32.466311,0.481524,0.2988316645106976,0.29802451380140604,1,
20260927_055748_1104145,2,74.385924,31.49961224435453,1.737930216714965,32.49422380031713,0.468841127535677,0.282511470877936,0.3178940559102018,1,
20260927_055748_1104145,2,74.415164,31.500127,1.737812,32.54940636017109,0.443769409580834,0.259607472327047,0.3378212445005986,1,
20260927_055748_1104145,3,34.548804,-2.321697964046153,2.5660140693140123,-2.9687309671764703,0.5377054680261136,0.5052232276475636,3.00589945590807,1,
20260927_055748_1104145,3,34.585264,-2.321484,2.566169,-2.968064,0.537842,0.5049613314745204,3.046108282824858,1,
20260927_055748_1104145,3,34.61578,-2.304886618928852,2.581162125525073,-2.9089563150433158,0.5499415421370444,0.4831329865303942,3.1086572875456246,1,
20260927_055748_1104145,3,34.648368,-2.2923557935743237,2.594925070424694,-2.8787249944458133,0.5561301251687728,0.4698873911748099,3.158438661615321,1,
20260927_055748_1104145,3,34.68229,-2.292207,2.595089,-2.878369,0.556203,0.4697287219903373,3.193679338761574,1,
20260927_055748_1104145,3,34.717904,-2.2805521151264276,2.610232770082791,-2.8487479314164266,0.5622672022823892,0.45713690377383515,3.2448436720485825,1,
20260927_055748_1104145,3,34.748532,-2.2689682858361504,2.6274018680402884,-2.78898056944126,0.5745017124249472,0.43626726936067534,3.306031803436368,1,
20260927_055748_1104145,3,34.783078,-2.2579736540284356,2.6451237352040233,-2.788178,0.574666,0.43168949473250057,3.3396628786105733,1,
20260927_055748_1104145,3,34.815405,-2.257826,2.645362,-2.7294348863133346,0.5866916325012288,0.4144114113555609,3.4007786247238343,1,
20260927_055748_1104145,3,34.848674,-2.247338591279827,2.6627642380158285,-2.728207,0.586943,0.4097925407470858,3.4316451723734946,1,
20260927_055748_1104145,3,34.882238,-2.2357987996422186,2.6816407932021455,-2.698457344007157,0.5930330366726294,0.3957843200575908,3.4769808998383933,1,
20260927_055748_1104145,3,34.915251,-2.2235986722724665,2.7007610999667278,-2.6685600993315397,0.5991534632346267,0.3809137511886651,3.521048234749526,1,
20260927_055748_1104145,3,34.948532,-2.22345,2.700994,-2.608568813683117,0.6026594913996122,0.3597921649457555,3.57254173337933,1,
20260927_055748_1104145,3,34.987739,-2.2115452302928995,2.718524928117347,-2.5799697755462434,0.6008242731446601,0.343740045096645,3.611791834736583,1,
20260927_055748_1104145,3,35.015621,-2.194912816305885,2.7411600124216093,-2.5471100572526764,0.5985377398745698,0.32336531928688894,3.6424883729779403,1,
20260927_055748_1104145,3,35.048651,-2.1805817048412286,2.7586985262883914,-2.5162957860489334,0.5963941671004686,0.3043284052204409,3.6756074199938764,1,
20260927_055748_1104145,3,35.08273,-2.176749080859054,2.7630838543598166,-2.515934,0.596369,0.30231679863032257,3.699201678025263,1,
20260927_055748_1104145,3,35.115417,-2.161574406597774,2.7792074179405657,-2.4854782992845776,0.5942503597285067,0.2825211641111063,3.7298593166594625,1,
20260927_055748_1104145,3,35.148755,-2.140834850355437,2.798689273343534,-2.455287342721734,0.5921503169861121,0.2596565532574875,3.7598391311287234,1,
20260927_055748_1104145,3,35.186818,-2.140574,2.798934,-2.3981212841536763,0.5881732850128881,0.23540077305227913,3.800000755166776,1,
20260927_055748_1104145,3,35.215816,-2.1229888788131124,2.8137226025281947,-2.39346,0.587849,0.22441203861393322,3.8172753103252566,1,
20260927_055748_1104145,3,35.248787,-2.1001322249855408,2.831363417308453,-2.3333654954795895,0.5836687446957475,0.18652537701237326,3.853664502947603,1,
20260927_055748_1104145,3,35.282477,-2.0757837647669,2.8486606376218844,-2.332636,0.583618,0.1737201620096095,3.869801755252899,1,
20260927_055748_1104145,3,35.315601,-2.075462,2.848889,-2.3025372328820906,0.581524584879434,0.1601596741877248,3.894204118916541,1,
20260927_055748_1104145,3,35.348624,-2.046666892598101,2.867590283238748,-2.2720516538193083,0.5794040262814483,0.1316734943852903,3.917583466373916,1,
20260927_055748_1104145,3,35.38363,-2.018499626198909,2.884087475622285,-2.271735,0.579382,0.11713843359607413,3.9301911815617574,1,
20260927_055748_1104145,3,35.415241,-2.018203,2.884261,-2.21116244496791,0.5751679306288932,0.08922766232305158,3.9611356025619955,1,
20260927_055748_1104145,3,35.448609,-1.9849287354068181,2.901242219451593,-2.149845800005996,0.5709020431060295,0.0436016314471709,3.9922903869809643,1,
20260927_055748_1104145,3,35.482086,-1.9486049102571763,2.916526501939256,-2.149069,0.570848,0.024639399884016658,4.000580270625514,1,
20260927_055748_1104145,3,35.515631,-1.948101,2.916738,-2.119176067057912,0.5687686115943755,0.010274152999685829,3.977005178666114,1,
20260927_055748_1104145,3,35.548658,-1.9141521921978424,2.927829519110411,-2.0884342742905697,0.5666302258005709,-0.021715737905023888,3.9451947553560958,0,STATIC:6
20260927_055748_1104145,3,35.584591,-1.875887442746172,2.936893526434479,-2.0276102575795427,0.5623985958406407,-0.07044809269469714,3.8840673105952943,0,STATIC:6
20260927_055748_1104145,3,35.61545,-1.8316513784448976,2.9432499301143173,-2.026998,0.562356,-0.09348588115561944,3.881763504095211,0,STATIC:6
20260927_055748_1104145,3,35.649039,-1.831105,2.943328,-1.9667347044530816,0.5581638649835345,-0.12280050876821118,3.8214510776919326,0,STATIC:6
20260927_055748_1104145,3,35.681734,-1.7938748103480004,2.9456203046707174,-1.965831,0.558101,-0.14240572293316534,3.818883266159557,0,STATIC:6
20260927_055748_1104145,3,35.715307,-1.7494290988635988,2.9451793300299673,-1.9358262759101537,0.5560136463519566,-0.1798892578700294,3.7880862005268217,0,STATIC:6
20260927_055748_1104145,3,35.748664,-1.7032441405661227,2.9414173038917193,-1.9045829444729145,0.5538408331172942,-0.21900576665674204,3.7561693936302802,0,STATIC:6
20260927_055748_1104145,3,35.787538,-1.70278,2.941379,-1.8442568691502306,0.5496437516272613,-0.2483874185191603,3.695864071725188,0,STATIC:6
20260927_055748_1104145,3,35.815433,-1.6477631204724728,2.9328369288441642,-1.843743,0.549608,-0.2773985305907561,3.694153532697003,0,STATIC:6
20260927_055748_1104145,3,35.848808,-1.5841692282991136,2.91830550353288,-1.7832871225533,0.5454026921735475,-0.3400699950837884,3.6341336417870247,0,STATIC:6
20260927_055748_1104145,3,35.881719,-1.583518,2.918156,-1.782659,0.545359,-0.34071621152003906,3.632228875625728,0,STATIC:6
20260927_055748_1104145,3,35.91594,-1.5362239572029932,2.9045251569223574,-1.75258037160898,0.5432662733863424,-0.3803653030674379,3.601796097858829,0,STATIC:6
20260927_055748_1104145,3,35.948457,-1.474414481699075,2.8838167137979855,-1.7219738239111761,0.5411375469365162,-0.42833917961593476,3.570995864337938,0,STATIC:6
20260927_055748_1104145,3,35.988602,-1.473554,2.883528,-1.721549,0.541108,-0.4290080107985082,3.5692908366504534,0,STATIC:6
20260927_055748_1104145,3,36.015136,-1.393902196780662,2.853006546403269,-1.6617105901879305,0.5369452256623541,-0.5009291564060789,3.5105124768488114,0,STATIC:6
20260927_055748_1104145,3,36.048581,-1.392348,2.852411,-1.6001914295237551,0.5326651136868659,-0.48941179131091395,3.4500171116159564,0,STATIC:6
20260927_055748_1104145,3,36.082055,-1.3374610378956808,2.8295277329469486,-1.599543,0.53262,-0.4586883023456096,3.4485335902170533,0,STATIC:6
20260927_055748_1104145,3,36.115371,-1.2763748539010902,2.802797213693757,-1.5691424236807985,0.5305052804146699,-0.4102673285893146,3.4183478887713106,0,STATIC:6
20260927_055748_1104145,3,36.148956,-1.2074780427895127,2.771437753297802,-1.5385788357800105,0.5283796776642946,-0.3569599232333206,3.388093960521058,0,STATIC:6
20260927_055748_1104145,3,36.187656,-1.1512599629343123,2.745158487115999,-1.5081137570223682,0.5262600994351161,-0.31065117097456696,3.3579480919532356,0,STATIC:6
20260927_055748_1104145,3,36.215452,-1.150596,2.744848,-1.4479361050141664,0.5220738502562638,-0.2830230443143656,3.299384876832712,0,STATIC:6
20260927_055748_1104145,3,36.248671,-1.08738732975669,2.7148134934260253,-1.446702,0.521988,-0.24572805967084105,3.297760443015365,0,STATIC:6
20260927_055748_1104145,3,36.282345,-1.0279395115905339,2.6863784839755973,-1.3863355257253351,0.5177886016961759,-0.18381110610836793,3.239155500416481,0,STATIC:6
20260927_055748_1104145,3,36.315474,-1.027303,2.686074,-1.38568,0.517743,-0.1831439499152437,3.2382667639454725,0,STATIC:6
20260927_055748_1104145,3,36.348574,-0.9707634966093447,2.659093326047467,-1.3554538948898018,0.5156403402155484,-0.13630187000534538,3.208956166055514,0,STATIC:6
20260927_055748_1104145,3,36.382814,-0.8935343568826235,2.6226648888403097,-1.3250080631284393,0.5135227557926028,-0.07693566674870121,3.1795409679336153,0,STATIC:6
20260927_055748_1104145,3,36.415397,-0.8249212769344236,2.5909160295617975,-1.2638395791285113,0.5092666861901544,-0.009027503157585257,3.120677161028162,0,STATIC:6
20260927_055748_1104145,3,36.448695,-0.824063,2.590519,-1.263068,0.509213,-0.00817489343920462,3.1200424961584856,0,STATIC:6
20260927_055748_1104145,3,36.482008,-0.7556536920787131,2.5595635453219447,-1.203458954305962,0.5050665056112884,0.058893594066752555,3.0629534723064005,1,
20260927_055748_1104145,3,36.515243,-0.6843599464912374,2.52804645883243,-1.202316,0.504987,0.10182620968266866,3.0621527619383313,1,
20260927_055748_1104145,3,36.549717,-0.683379,2.527613,-1.1722077979698342,0.5028925078016239,0.1157320528640542,3.0336610528996637,1,
20260927_055748_1104145,3,36.583678,-0.6158397891891855,2.498479847361646,-1.1423362383526368,0.5008147444015443,0.1689793726879778,3.0055181293210547,1,
20260927_055748_1104145,3,36.615512,-0.5428168262792565,2.467690903373688,-1.1108917405649714,0.49862700548829697,0.2258866333218077,2.9759568768642213,1,
20260927_055748_1104145,3,36.649478,-0.46842438347331816,2.4370805624038785,-1.050184011002007,0.49440390441263427,0.2964265871872125,2.9185824814377748,1,
20260927_055748_1104145,3,36.682858,-0.467431,2.436672,-1.049366,0.494347,0.29737106284128556,2.9185997357220295,1,
20260927_055748_1104145,3,36.71582,-0.39357613313726064,2.4070210758921804,-0.9891500844122372,0.4901586761771929,0.36713738151942865,2.8620039643070934,1,
20260927_055748_1104145,3,36.748841,-0.30953211992239094,2.3741200137019502,-0.988364,0.490104,0.41460936897720746,2.8622489862270726,1,
20260927_055748_1104145,3,36.781996,-0.2413537213134569,2.348067583449026,-0.9581590334701526,0.48800279353534143,0.4659208226287484,2.8345671296441113,1,
20260927_055748_1104145,3,36.815468,-0.240593,2.347777,-0.9276235336300077,0.4858781809031717,0.4809033137189878,2.806724292187946,1,
20260927_055748_1104145,3,36.848493,-0.16794077891332182,2.3206297627974513,-0.927276,0.485854,0.519495077815676,2.8076950129832126,1,
20260927_055748_1104145,3,36.88214,-0.09055876399690801,2.2923572972748305,-0.8665909759543987,0.48163247598408804,0.588902203182219,2.7514616214558787,1,
20260927_055748_1104145,3,36.915618,-0.012899862807047136,2.2646134475912194,-0.8060849697114142,0.47742313206534637,0.6577413763861782,2.6955791090314865,1,
20260927_055748_1104145,3,36.948558,-0.011661,2.264171,-0.7745694293876356,0.475230725786355,0.6743914521923481,2.667609564069166,1,
20260927_055748_1104145,3,69.715292,29.831037,4.372549,28.551769692381832,2.1524977668172163,1.5421762302448554,0.5756456586496207,1,
20260927_055748_1104145,3,69.748945,29.85837304425411,4.364427936592908,28.60866234731146,2.129822400547222,1.5044339784308576,0.5341094219403134,1,
20260927_055748_1104145,3,69.787957,29.884998934206823,4.355071149996151,28.609401,2.129528,1.4849095699227044,0.5220403472213969,1,
20260927_055748_1104145,3,69.815374,29.91294705355903,4.343623168902861,28.63775176302417,2.118229533652614,1.454885563770423,0.4941429411981931,1,
20260927_055748_1104145,3,69.84844,29.913318,4.343471,28.665821733041575,2.107041711159739,1.445366140736026,0.48232359867780966,1,
20260927_055748_1104145,3,69.881904,29.94175125564942,4.3299237528881465,28.69431766694528,2.0956848738768326,1.4142534639364013,0.4546399202312193,1,
20260927_055748_1104145,3,69.915574,29.962113889295033,4.3189888438745205,28.694907,2.09545,1.398134667273488,0.4461062895643975,1,
20260927_055748_1104145,3,69.948917,29.962353,4.31886,28.750973026858514,2.073105159232615,1.3789798859043108,0.42042324094944755,1,
20260927_055748_1104145,3,69.983337,29.98314214639282,4.306447448729136,28.8015913640565,2.05293131476251,1.3448867369470592,0.38560746480221453,1,
20260927_055748_1104145,3,70.016201,30.009784836563533,4.2891256600183265,28.836906730636404,2.0388562399041525,1.3111748282880398,0.3552761352342574,1,
20260927_055748_1104145,3,70.049309,30.010174,4.28887,28.837369,2.038672,1.3107008524737702,0.3595372025519895,1,
20260927_055748_1104145,3,70.081944,30.02952297622855,4.275282363398733,28.86500150670398,2.027658894150932,1.2851878535468373,0.3379687536705268,1,
20260927_055748_1104145,3,70.115223,30.048538204784602,4.261364963126181,28.921912950984797,2.00497720910154,1.248979116214111,0.3009258823973915,1,
20260927_055748_1104145,3,70.148589,30.06717007297063,4.247337114860614,28.922744,2.004646,1.2336276066683396,0.294859017731504,1,
20260927_055748_1104145,3,70.186845,30.069487906382758,4.245574066921907,28.97911946708975,1.9821773661299573,1.210643997639526,0.2693827767467998,1,
20260927_055748_1104145,3,70.215309,30.087606898233663,4.231652615584507,29.00773954043614,1.9707702064121926,1.1852857459799622,0.24802811872948494,1,
20260927_055748_1104145,3,70.248592,30.10599758095696,4.217389485081344,29.008144,1.970609,1.1704504295459828,0.24329267083348494,1,
20260927_055748_1104145,3,70.282446,30.106238,4.217203,29.035906524529082,1.9595441111571108,1.1596581865173616,0.23466631485943373,1,
20260927_055748_1104145,3,70.315615,30.124829471173562,4.202755702629357,29.09253512881438,1.9369757552768063,1.1228976147972298,0.19899782211703504,1,
20260927_055748_1104145,3,70.348475,30.145073436434487,4.187113998904043,29.093212,1.936706,1.1067969302087342,0.1939720575362917,1,
20260927_055748_1104145,3,70.382458,30.145309,4.186932,29.14920674738916,1.9143883646633164,1.0843905712462183,0.16998317698201665,1,
20260927_055748_1104145,3,70.416077,30.16585748388724,4.171247278456973,29.14986,1.914128,1.0683649424835264,0.1657109719807089,1,
20260927_055748_1104145,3,70.448772,30.188439820003666,4.154284979104295,29.17795950546832,1.902928950265779,1.0398288911449862,0.14480331399429713,1,
20260927_055748_1104145,3,70.482561,30.216713198677073,4.133515637973478,29.20658479737787,1.891520148221752,1.006816617637488,0.12097979063267657,1,
20260927_055748_1104145,3,70.516231,30.217079,4.133247,29.263166276385068,1.8689699217592928,0.9837932126955763,0.09719458454084275,1,
20260927_055748_1104145,3,70.549429,30.25144835459092,4.108828047415346,29.263831,1.868705,0.957763435601919,0.08659114107735912,1,
20260927_055748_1104145,3,70.58215,30.28323415539674,4.08709030767821,29.320396157290336,1.8461603002260076,0.9113929984950034,0.045592858121954585,1,
20260927_055748_1104145,3,70.615104,30.283634,4.086817,29.349072881421723,1.8347318997998434,0.8994705295786979,0.038199736152408195,1,
20260927_055748_1104145,3,70.648755,30.318357472951256,4.063948418050351,29.349444,1.834584,0.8737421883044928,0.029066051637527693,1,
20260927_055748_1104145,3,70.68212,30.356706654871996,4.039544939847165,29.377203335196693,1.8235200776069698,0.8343366531288171,0.0024530110721468074,1,
20260927_055748_1104145,3,70.715363,30.40380554330566,4.010487534103217,29.433465316853113,1.8010970288103008,0.7774439721398009,-0.045000419315259846,0,DYNAMIC:10
20260927_055748_1104145,3,70.748576,30.404747,4.009907,29.434597,1.800646,0.7763041827352942,-0.03544999211667789,0,DYNAMIC:10
20260927_055748_1104145,3,70.784751,30.455736822534057,3.9792707749346494,29.490757177741102,1.7782634417388878,0.7167874059837321,-0.08324215628987276,0,DYNAMIC:10
20260927_055748_1104145,3,70.81518,30.5120432077892,3.946084404436803,29.491644,1.77791,0.6744834237451963,-0.1029153630154347,0,DYNAMIC:10
20260927_055748_1104145,3,70.848523,30.512755,3.945665,29.519709389723037,1.7667248543398926,0.6633955359249367,-0.10805807448737158,0,DYNAMIC:10
20260927_055748_1104145,3,70.881854,30.560098000779483,3.918118351570924,29.547973876244164,1.7554596421333462,0.6173144415269539,-0.13733384606560903,0,DYNAMIC:10
20260927_055748_1104145,3,70.915576,30.617410287070374,3.8850296456479705,29.576313019967262,1.7441649282249672,0.563523411130986,-0.17123618305197869,0,DYNAMIC:10
20260927_055748_1104145,3,70.948872,30.67783983901002,3.850299629422726,29.576634,1.744037,0.5169110934492295,-0.18982975597699608,0,DYNAMIC:10
20260927_055748_1104145,3,70.982865,30.728548012869304,3.8211877876962066,29.627236478648072,1.7238693776491703,0.4598619715376287,-0.2324834323904112,0,DYNAMIC:10
20260927_055748_1104145,3,71.015584,30.7490825473841,3.8093962461479847,29.68990628728231,1.6988929559918233,0.42192247751929696,-0.2527112046740847,0,DYNAMIC:10
20260927_055748_1104145,3,71.048487,30.807377756824565,3.775897255297927,29.690679,1.698585,0.3764070742651733,-0.23631228681440003,0,DYNAMIC:10
20260927_055748_1104145,3,71.081897,30.87634543247623,3.736271749287402,29.7184963676678,1.6874980609079162,0.31266230169788656,-0.1990763140159122,0,DYNAMIC:10
20260927_055748_1104145,3,71.115882,30.877351,3.735694,29.747445940690948,1.6759602975474612,0.3021150109077816,-0.19573422625360748,0,DYNAMIC:10
20260927_055748_1104145,3,71.148953,30.947822332707855,3.69533235537665,29.747808,1.675816,0.24613718815351293,-0.1754208628297541,0,DYNAMIC:10
20260927_055748_1104145,3,71.185256,31.02121613472914,3.6535468856301763,29.80382317594299,1.6534909392246955,0.16932769194869823,-0.12194641734890259,0,DYNAMIC:10
20260927_055748_1104145,3,71.215688,31.096394462543614,3.611037781811597,29.860544227338558,1.6308846566058839,0.09099582294675414,-0.06511098591285429,0,DYNAMIC:10
20260927_055748_1104145,3,71.248453,31.097358,3.610493,29.861271,1.630595,0.08999225630527842,-0.07979939393823222,0,DYNAMIC:10
20260927_055748_1104145,3,71.281898,31.1818823860347,3.562965163636356,29.88939961851077,1.6193839243421035,0.013462262497989666,-0.03905446028018271,0,DYNAMIC:10
20260927_055748_1104145,3,71.315315,31.268708679224982,3.514206628632935,29.917626727664157,1.6081342432723351,-0.06495158485131623,0.0016071519723302036,0,STATIC:14
20260927_055748_1104145,3,71.348601,31.269691,3.513655,29.946278466638745,1.5967153674226542,-0.0747151476110066,0.003285758652252127,0,STATIC:14
20260927_055748_1104145,3,71.386213,31.347608927073644,3.469616961676456,29.946721,1.596539,-0.1372482543595181,0.018431800089618547,0,STATIC:14
20260927_055748_1104145,3,71.416122,31.42688555212461,3.4241153247633633,30.00270412948917,1.5742264115593685,-0.21817464541311954,0.07287004605447729,0,STATIC:14
20260927_055748_1104145,3,71.448518,31.427987,3.423483,30.060218531776915,1.5513037620282866,-0.2371753148430079,0.09339140716006918,0,STATIC:14
20260927_055748_1104145,3,71.482053,31.505694426981286,3.377778534283178,30.060928,1.551021,-0.2995896983668442,0.10811869467697217,0,STATIC:14
20260927_055748_1104145,3,71.515532,31.592925892975984,3.324862852684596,30.088456952963394,1.540049294390983,-0.37832217375832045,0.14331949498822422,0,STATIC:14
20260927_055748_1104145,3,71.548816,31.678945335926024,3.270840369350417,30.117003636745853,1.528672185621187,-0.4565343943100152,0.17759903031567148,0,STATIC:14
20260927_055748_1104145,3,71.585512,31.68854384140525,3.264710031642638,30.173985303752957,1.5059626691286718,-0.48243904232154794,0.19841949045163204,0,STATIC:14
20260927_055748_1104145,3,71.615614,31.755671622666622,3.221093538781486,30.174677,1.505687,-0.4833867777763265,0.2068832967227398,0,STATIC:14
20260927_055748_1104145,3,71.648726,31.830773719382687,3.1709552173219837,30.23038746352396,1.4834829338768396,-0.40505236185228916,0.2532357886872001,0,STATIC:14
20260927_055748_1104145,3,71.682177,31.83196,3.170163,30.231278,1.483128,-0.4038155155889794,0.23380534029927252,0,STATIC:14
20260927_055748_1104145,3,71.715455,31.91099423935612,3.115783682352929,30.259162067097943,1.4720155087708715,-0.331454386470215,0.26090565104980723,0,STATIC:14
20260927_055748_1104145,3,71.749254,31.974517485925077,3.0708844160542945,30.287506392645483,1.4607184814211238,-0.2714840713865088,0.28142788715706457,0,STATIC:14
20260927_055748_1104145,3,71.787417,32.04635839445912,3.018773503957769,30.315970608707133,1.4493737601583083,-0.20509271784730404,0.30099473096439,0,STATIC:14
20260927_055748_1104145,3,71.815478,32.047055,3.018268,30.316246,1.449264,-0.20445393951870794,0.28316504342539894,0,STATIC:14
20260927_055748_1104145,3,71.849614,32.11259247832411,2.9694973837649172,30.37272338638347,1.4267550887401832,-0.133571381705625,0.3218551771825382,0,STATIC:14
20260927_055748_1104145,3,71.882205,32.188360856199516,2.911752231241745,30.429287034399092,1.4042118512546453,-0.05474164854857626,0.36394167045104353,0,STATIC:14
20260927_055748_1104145,3,71.916153,32.24811001304205,2.8652266375305557,30.458103921482607,1.3927270708923396,0.001472064286226274,0.3791974172759993,1,
20260927_055748_1104145,3,71.94902,32.249207,2.864372,30.458626,1.392519,0.002494039360416603,0.3574587609672212,1,
20260927_055748_1104145,3,71.983936,32.29653179358376,2.8267928655825916,30.479030318248665,1.3841110086978454,0.045938005004255614,0.3614372473692118,1,
20260927_055748_1104145,3,72.015604,32.373724358372115,2.764623981325532,30.514033327666468,1.3685367789925225,0.11697084996862918,0.38603932725714696,1,
20260927_055748_1104145,3,72.04891,32.43739322788335,2.7123016192060865,30.514933,1.368128,0.16358240537392355,0.37869750916134814,1,
20260927_055748_1104145,3,72.082103,32.438069,2.711746,30.56972999360246,1.343231034330504,0.18632190752123745,0.3976686145650875,1,
20260927_055748_1104145,3,72.115844,32.50490495216162,2.6559948179468305,30.625783380002954,1.3177635205170186,0.25725855652551355,0.43230742495014535,1,
20260927_055748_1104145,3,72.148957,32.557810695117176,2.6114128693790137,30.626403,1.317482,0.2943258456063238,0.4196490983696106,1,
20260927_055748_1104145,3,72.186801,32.603474966401414,2.572673370173884,30.650375999410553,1.3065896560565862,0.3355548822345128,0.419628909561517,1,
20260927_055748_1104145,3,72.215445,32.611509,2.565857,30.681676337549728,1.2923687396862287,0.35452557021587283,0.42474326029501414,1,
20260927_055748_1104145,3,72.249017,32.66764854695999,2.5179921749962997,30.737036909439553,1.2672152574699058,0.4160499454538451,0.4537486572793968,1,
20260927_055748_1104145,3,72.282276,32.72916054169413,2.465424130777542,30.737821,1.266859,0.4555066330734164,0.4389613548739855,1,
20260927_055748_1104145,3,72.315805,32.730229,2.464511,30.792921680629217,1.2418243659325827,0.48138905856042996,0.4581895046114777,1,
20260927_055748_1104145,3,72.34911,32.79179037961604,2.412014914850369,30.793629,1.241503,0.5192745003901879,0.4416333130870423,1,
20260927_055748_1104145,3,72.386999,32.849041108984764,2.3635426522601426,30.821392087696267,1.2288890710733607,0.5655143877587633,0.44172225721518626,1,
20260927_055748_1104145,3,72.415516,32.849699,2.362986,30.848817063724283,1.216428590698003,0.5790197056922505,0.44197602802428554,1,
20260927_055748_1104145,3,72.449375,32.89908561012425,2.321689631446282,30.904828633017996,1.190980203582339,0.6336223553339558,0.46630750325700815,1,
20260927_055748_1104145,3,72.48198,32.955892194230586,2.274978112466915,30.90554,1.190657,0.6543318208359835,0.4459865343624117,1,
20260927_055748_1104145,3,72.51563,33.00847986257808,2.2326466297558247,30.960776252129467,1.165560091993188,0.5965058016266206,0.4682064741486585,1,
20260927_055748_1104145,3,72.549024,33.020336639167866,2.2232326223099004,30.961604,1.165184,0.5865868354980681,0.4431211117712606,1,
20260927_055748_1104145,3,72.586369,33.06381180665969,2.189216645166484,30.98842579021205,1.1529981195678436,0.5446775976518295,0.4375345463291696,1,
20260927_055748_1104145,3,72.615252,33.11273905578269,2.1518819451874456,31.01679461270875,1.1401087357424995,0.4990449762411398,0.4395154217587936,1,
20260927_055748_1104145,3,72.648459,33.113418,2.151364,31.044474874415258,1.127532062612451,0.491232250855642,0.43568171473745704,1,
20260927_055748_1104145,3,72.682635,33.16393374915555,2.113971675370822,31.044924,1.127328,0.45298364796651097,0.4096012538641476,1,
20260927_055748_1104145,3,72.71582,33.217856836357086,2.07533819010839,31.099321052152547,1.1026130394587232,0.39927233450182936,0.4280696810534151,1,
20260927_055748_1104145,3,72.748966,33.218875,2.074609,31.155532406923772,1.0770730473732177,0.382856988217741,0.44821924527965923,1,
20260927_055748_1104145,3,72.783864,33.27904149540126,2.0329656861694616,31.156228,1.076757,0.3409908755828059,0.41995535208765666,1,
20260927_055748_1104145,3,72.815313,33.32333371977029,2.003136566900397,31.18392770631723,1.064172043309957,0.30351679177904317,0.41759094496788773,1,
20260927_055748_1104145,3,72.849091,33.3720581479197,1.9710428886450535,31.211997035111654,1.051418913169833,0.26391546041292807,0.4137544001153467,1,
20260927_055748_1104145,3,72.882,33.37267,1.97064,31.26654592321547,1.0266344065858166,0.2472928096626042,0.4347334564731962,1,
20260927_055748_1104145,3,72.915622,33.42184517732462,1.9389700953040736,31.267929,1.026006,0.21629471292455787,0.40723084155037126,1,
20260927_055748_1104145,3,72.948876,33.47274753182023,1.9068744711258068,31.32254170067639,1.001192997023898,0.1689255470675664,0.42899859698158577,1,
20260927_055748_1104145,3,72.987318,33.516425086386676,1.879737979715143,31.347533236717176,0.9898383724189603,0.1356562066733331,0.419171962024501,1,
20260927_055748_1104145,3,73.016012,33.523214,1.875521,31.351366,0.988097,0.1305407562945915,0.3977697259062051,1,
20260927_055748_1104145,3,73.048922,33.57553362807529,1.8429651385822474,31.378898229267403,0.9755872870784301,0.09208891796468034,0.39519268136623176,1,
20260927_055748_1104145,3,73.081922,33.63009723907921,1.808140981209594,31.433985859525105,0.9505583462630653,0.04345948925329597,0.4196525182007723,1,
20260927_055748_1104145,3,73.115801,33.63632489980464,1.8040844986384086,31.462811538420556,0.9374620414989336,0.03023489352413035,0.4181868896730586,1,
20260927_055748_1104145,3,73.148637,33.6736900697024,1.7791486841049338,31.490533343161992,0.9248666728577075,-0.00012607771282290015,0.41675413167145625,0,STATIC:37
20260927_055748_1104145,3,73.18203,33.7203107758975,1.7465778500223508,31.490942,0.924681,-0.026425085787254596,0.38746849474193445,0,STATIC:37
20260927_055748_1104145,3,73.215367,33.76562056893496,1.7131617238996502,31.51859394541085,0.9121172002103033,-0.06173327059998683,0.3856683104042621,0,STATIC:37
20260927_055748_1104145,3,73.248811,33.766441,1.712556,31.546376726787113,0.8994938674149177,-0.07196437963831791,0.38413272066233206,0,STATIC:37
20260927_055748_1104145,3,73.282435,33.81245047537271,1.6766225226595,31.574023795110325,0.886932662611803,-0.10819630557836278,0.3825311982309477,0,STATIC:37
20260927_055748_1104145,3,73.315332,33.85725080312879,1.6396444331713276,31.574351,0.886784,-0.13435843592750824,0.3534273571438198,0,STATIC:37
20260927_055748_1104145,3,73.348734,33.90138913220521,1.601207549838556,31.62955532510165,0.8617021506517584,-0.18015853573010804,0.38115317132106086,0,STATIC:37
20260927_055748_1104145,3,73.385923,33.902006,1.60067,31.68499560449438,0.836512986142323,-0.20110810418352132,0.40656363360317305,0,STATIC:37
20260927_055748_1104145,3,73.415296,33.950776374176506,1.5557993640200338,31.713369724814715,0.8236209578987086,-0.2405131335828512,0.41069775526128083,0,STATIC:37
20260927_055748_1104145,3,73.449012,33.994887674644126,1.513129335053382,31.713779,0.823435,-0.2668400434454838,0.3812663424382561,0,STATIC:37
20260927_055748_1104145,3,73.482141,33.995452,1.512583,31.74117540861826,0.8109879656288398,-0.2775368231575854,0.38138138370704133,0,STATIC:37
20260927_055748_1104145,3,73.515628,34.0380828466052,1.4694678905520264,31.769110199976055,0.7982953659441973,-0.3135542581980147,0.3820358758455109,0,STATIC:37
20260927_055748_1104145,3,73.548886,34.08574035417231,1.4192915288760306,31.824387203956682,0.7731806487831403,-0.3568357650784926,0.4128616380285346,0,STATIC:37
20260927_055748_1104145,3,73.582658,34.128213406712746,1.372957611745867,31.825214,0.772805,-0.3315128924815244,0.3844073708152166,0,STATIC:37
20260927_055748_1104145,3,73.617069,34.128738,1.372385,31.880331810766304,0.7477620755894564,-0.30960877154551597,0.4148264527077409,0,STATIC:37
20260927_055748_1104145,3,73.649051,34.168998884296485,1.3271767201633158,31.881329,0.747309,-0.28594576115880344,0.3885066788732693,0,STATIC:37
20260927_055748_1104145,3,73.681844,34.20924564191424,1.2809235351864883,31.908355671926678,0.7350294988923647,-0.2523228684922062,0.39020706331086263,0,STATIC:37
20260927_055748_1104145,3,73.715941,34.2500655983964,1.2330993386299134,31.93620712752758,0.7223750144558572,-0.2185106050808986,0.392004010180414,0,STATIC:37
20260927_055748_1104145,3,73.749142,34.250914,1.232105,31.991989285124983,0.6970314244115443,-0.19571434361307144,0.425531673450204,0,STATIC:37
20260927_055748_1104145,3,73.792035,34.29096729626863,1.1844597407416135,32.02049827174293,0.684078366438758,-0.16266182113954958,0.42144817324735545,0,STATIC:37
20260927_055748_1104145,3,73.815608,34.33049612918478,1.136964391396133,32.04765520867986,0.6717392435935344,-0.13113019925853497,0.4320222692087157,0,STATIC:37
20260927_055748_1104145,3,73.848768,34.331426,1.135847,32.07604631187177,0.6588396818799227,-0.1189715867683133,0.43636228988058684,0,STATIC:37
20260927_055748_1104145,3,73.882458,34.374752653362215,1.0834937554454354,32.076488,0.658639,-0.09741160404021652,0.40995048762981734,0,STATIC:37
20260927_055748_1104145,3,73.915461,34.42251073275966,1.0257797999030471,32.10375666173797,0.6462494315840515,-0.06384402655713271,0.41380655490631757,0,STATIC:37
20260927_055748_1104145,3,73.948845,34.423276,1.024855,32.131569968587655,0.6336126665665598,-0.05216843204796755,0.4182545900122757,0,STATIC:37
20260927_055748_1104145,3,73.987324,34.47808339576131,0.9591975269495083,32.17521398206078,0.6137833447911129,-0.01052960612434821,0.4363389725190692,0,STATIC:37
20260927_055748_1104145,3,74.015546,34.494121,0.939985,32.187877,0.60803,0.0012681622903890771,0.428822905178506,1,
20260927_055748_1104145,3,74.048608,34.5278103907362,0.9001872992638015,32.24292575242332,0.5830188669325139,0.03718676298462499,0.4638041149672792,1,
20260927_055748_1104145,3,74.082499,34.528283,0.899629,32.243698,0.582668,0.037687400973736365,0.43983468201670567,1,
20260927_055748_1104145,3,74.115066,34.564478524317515,0.8574681894675287,32.27140172909494,0.5700808709112128,0.06227146044231342,0.44619566611705747,1,
20260927_055748_1104145,3,74.148476,34.604123984816724,0.8122903240895988,32.29880917617992,0.557628131348825,0.08681178644987837,0.45191342080457525,1,
20260927_055748_1104145,3,74.182133,34.63100137385285,0.7825603029479713,32.32329122214816,0.5465047957959532,0.1051692562257321,0.4546453053805813,1,
20260927_055748_1104145,3,74.215328,34.635565,0.777515,32.38185363406771,0.5198963592692083,0.1314685731098762,0.49395271406594704,1,
20260927_055748_1104145,3,74.248433,34.672754974663036,0.7380294325598024,32.382781,0.519475,0.14157574813244395,0.4727512465259492,1,
20260927_055748_1104145,3,74.281696,34.713860412919395,0.6968559193972139,32.43776294286233,0.4944946600126828,0.17461246113342038,0.5084142491534397,1,
20260927_055748_1104145,3,74.315253,34.714509,0.696207,32.465950621619996,0.48168773611401877,0.18710947574138287,0.5160165542260567,1,
20260927_055748_1104145,3,74.349183,34.7469726573911,0.6658236908535873,32.466311,0.481524,0.19346515260923075,0.4949694944559229,1,
20260927_055748_1104145,3,74.385924,34.779739956285205,0.637074784050522,32.49422380031713,0.468841127535677,0.2111645060571113,0.5010462136749679,1,
20260927_055748_1104145,3,74.415164,34.81252271849444,0.6102520354490972,32.54940636017109,0.443769409580834,0.24023467625600686,0.5396130063716463,1,
20260927_055748_1104145,3,74.448435,34.812968,0.609888,32.55016,0.443427,0.24063129754828788,0.5206444491573571,1,
20260927_055748_1104145,3,74.48235,34.8435879403231,0.5865626535620811,32.60501144136773,0.4185052832592831,0.26908364374744936,0.5561356915247043,1,
