drone,batch,side,episodes,time
1,1790476760.9753895,SIDE_MINUS,u2e1,73.62471437454224
1,1790476760.9753895,SIDE_PLUS,u2e1,73.62471437454224
1,1790476760.9762986,SIDE_MINUS,u2e1,73.62562346458435
1,1790476760.9762986,SIDE_PLUS,u2e1,73.62562346458435
1,1790476760.9771733,SIDE_MINUS,u2e1,73.62649822235107
1,1790476760.9771733,SIDE_PLUS,u2e1,73.62649822235107
1,1790476760.9868379,SIDE_MINUS,u2e1,73.63616275787354
1,1790476760.9868379,SIDE_PLUS,u2e1,73.63616275787354
1,1790476760.9884946,SIDE_MINUS,u2e1,73.63781952857971
1,1790476760.9884946,SIDE_PLUS,u2e1,73.63781952857971
1,1790476760.9944763,SIDE_MINUS,u2e1,73.64380121231079
1,1790476760.9944763,SIDE_PLUS,u2e1,73.64380121231079
