run,episode,drone,candidate,kind,batch,batch_s,activation,hard_safe,seed_eligible,selected,committed,trajectory_id,executed,execution_begin,execution_end,stages,first_reject,reject_reason,solver_reason,comparator_reason,K2,C3,D3,comparison_begin,comparison_end,checked_until,fallback,stage,common_K3_loss_seconds,common_self_loss_seconds,sustained_recovery_time,sustained_K3_recovery_time,common_window_covered,begin,end,duration,actual_geometric_side,side_start,side_at_loss,side_end,production_frame_side_start,production_frame_side_end,axis_crossings,min_shadow_clearance,min_all_los_clearance,shadow_exit_time,first_binary_recovery_time,first_persistent_recovery_time,persistent_02,persistent_05,first_persistent_K3_recovery_time,K3_loss_seconds,self_loss_seconds,LOS_loss_seconds,fov_loss_seconds,max_v,max_a,max_j,pvaj_strict_ok,body_static_clearance,body_dynamic_clearance,executed_common_loss,faster_than_executed,no_total_loss_regression,certified,truth_body_ok
20260927_103759_1243248,u1e1,0,38,SIDE_MINUS,1790476694.6052516,7.2545764446258545,1790476694.7452514,True,True,True,True,28.0,True,7.404016,7.673391,SIDE_DISPATCH|RAW_SEED_ATTEMPT|PRE_TIMING_SEED|TIMED_SEED|SEED_ELIGIBILITY|SOLVER_FAILED|FINAL_INPUT|JOINT_SEED|COMPARATOR_WIN|SELECTED|COMMITTED,,,,,0.0,0.0,0.0,-1790476687.350675,-1790476687.350675,9.39457631111145,1,FINAL_INPUT,0.77,0.77,8.714576311111422,8.714576311111422,True,7.39457631111145,9.40255,4.8531565151852245,+1.274213->-1.950429,1.2742127779527568,0.7453854163692377,-1.9504285868160007,1.1653451169619686,-0.8222131090925545,1,-0.3766700146463404,-0.3766700146463404,8.714576311111422,8.714576311111422,8.714576311111422,8.714576311111422,8.714576311111422,8.714576311111422,0.71,0.71,0.71,0.0,1.4381942351300954,1.1695570250960443,4.566000089316203,True,0.7207850393680464,6.132177362637255,0.8,True,True,True,True
20260927_103759_1243248,u1e2,0,60,NOMINAL,1790476696.292932,8.942256927490234,1790476696.4371874,False,False,False,False,,False,,,NOMINAL_CONTEXT|FINAL_INPUT|JOINT_SEED|HANDOFF_REJECT,HANDOFF_REJECT,MISSED_FROZEN_ACTIVATION,,,0.0,0.0,0.0,-1790476687.350675,-1790476687.350675,-1790476687.350675,0,FINAL_INPUT,1.41,1.41,11.796512327194156,11.796512327194156,True,9.086512327194214,12.535609,3.5275123654541405,+1.524541->-2.671841,1.5245414674243118,0.802802503382109,-2.6718410902052567,1.7321242178657197,-0.3553640421337782,1,-0.626575161279084,-0.626575161279084,11.796512327194156,11.796512327194156,11.796512327194156,11.796512327194156,11.796512327194156,11.796512327194156,1.31,1.31,1.31,0.0,1.2993051448391084,0.4296097712200481,1.8291722761443368,True,0.4474268277283507,4.775707857546673,1.45,True,True,False,True
20260927_103759_1243248,u1e2,0,63,NOMINAL,1790476696.4186783,9.068003177642822,1790476696.5699923,True,False,False,False,,False,,,NOMINAL_CONTEXT|FINAL_INPUT|JOINT_SEED|COMPARATOR_WIN,,,,,1.0,0.25,2.479234930702693,10.249323606491089,11.037646055221558,11.219317197799684,0,FINAL_INPUT,1.41,1.41,11.799317197799628,11.799317197799628,True,9.219317197799684,12.535609,3.419886301786207,+1.470685->-2.652542,1.4706847841330293,0.8036851625122396,-2.6525422151328093,1.6444341349540574,-0.3700361068473535,1,-0.6293988698833258,-0.6293988698833258,11.799317197799628,11.799317197799628,11.799317197799628,11.799317197799628,11.799317197799628,11.799317197799628,1.32,1.32,1.32,0.0,1.2855576375981146,0.418369219811846,1.825233228609743,True,0.4413706443584917,4.759234603470508,1.46,True,True,False,True
20260927_103759_1243248,u1e2,0,65,SIDE_MINUS,1790476696.4186783,9.068003177642822,1790476696.5699923,True,True,True,True,35.0,True,9.236273,9.369059,SIDE_DISPATCH|RAW_SEED_ATTEMPT|PRE_TIMING_SEED|TIMED_SEED|SEED_ELIGIBILITY|SOLVER_OK|FINAL_INPUT|JOINT_SEED|COMPARATOR_WIN|SELECTED|COMMITTED,,,,D3_LOWER,1.0,0.25,2.4594699108593567,10.249323606491089,11.037646055221558,11.219317197799684,0,FINAL_INPUT,1.4,1.4,11.789317197799628,11.789317197799628,True,9.219317197799684,12.535609,3.35875843519368,+1.470685->-2.703897,1.4706847841330293,0.8105736603742357,-2.70389736210664,1.6444341349540574,-0.3955745590091042,1,-0.6281080018134096,-0.6281080018134096,11.789317197799628,11.789317197799628,11.789317197799628,11.789317197799628,11.789317197799628,11.789317197799628,1.31,1.31,1.31,0.0,1.3362295077444784,0.5146523786079681,2.3423904028894063,True,0.4484319217080883,4.788286642882282,1.46,True,True,False,True
20260927_103759_1243248,u1e2,0,66,NOMINAL,1790476696.573877,9.223201990127563,1790476696.7218852,True,False,True,True,36.0,True,9.404179,9.636129,NOMINAL_CONTEXT|FINAL_INPUT|JOINT_SEED|COMPARATOR_WIN|SELECTED|COMMITTED,,,,,1.0,0.1818181818181818,4.577374025871242,10.249323606491089,11.319317102432253,11.371210098266602,0,FINAL_INPUT,1.45,1.45,11.861210098266548,11.861210098266548,True,9.371210098266602,12.535609,3.666750052333424,+1.411628->-2.555127,1.4116284231388998,0.8387004878735412,-2.5551269290711205,1.546546696508828,-0.3635735641411949,1,-0.6258561755296145,-0.6258561755296145,11.861210098266548,11.861210098266548,11.861210098266548,11.861210098266548,11.861210098266548,11.861210098266548,1.38,1.38,1.38,0.0,1.2038334475335373,0.2732735711416549,1.0726415887010172,True,0.4619648847612785,4.706968761486852,1.46,True,True,False,True
20260927_103759_1243248,u1e2,0,69,NOMINAL,1790476696.863296,9.51262092590332,1790476697.0074227,True,False,False,False,,False,,,NOMINAL_CONTEXT|FINAL_INPUT|JOINT_SEED|COMPARATOR_WIN,,,,,1.0,0.1538461538461538,5.810770688577248,10.249323606491089,11.47121000289917,11.656747579574583,0,FINAL_INPUT,1.46,1.46,11.866747579574538,11.866747579574538,True,9.656747579574583,12.535609,3.683660929783712,+1.294141->-2.514178,1.2941413420032468,0.8399867339688722,-2.514177628428956,1.3539570864035892,-0.3457234103273205,1,-0.6290119690733676,-0.6290119690733676,11.866747579574538,11.866747579574538,11.866747579574538,11.866747579574538,11.866747579574538,11.866747579574538,1.38,1.38,1.38,0.0,1.1599307637251213,0.2449830718838036,1.0606778539398825,True,0.4599915891309667,4.673902259155473,1.45,True,True,False,True
20260927_103759_1243248,u1e2,0,71,SIDE_MINUS,1790476696.863296,9.51262092590332,1790476697.0074227,True,True,True,True,37.0,True,9.671399,9.941563,SIDE_DISPATCH|RAW_SEED_ATTEMPT|PRE_TIMING_SEED|TIMED_SEED|SEED_ELIGIBILITY|SOLVER_OK|FINAL_INPUT|JOINT_SEED|COMPARATOR_WIN|SELECTED|COMMITTED,,,,D3_LOWER,1.0,0.1538461538461538,5.789463905231932,10.249323606491089,11.47121000289917,11.656747579574583,0,FINAL_INPUT,1.45,1.45,11.866747579574538,11.866747579574538,True,9.656747579574583,12.535609,3.6457577407569977,+1.294141->-2.541137,1.2941413420032468,0.8431824145750303,-2.5411370991269706,1.3539570864035892,-0.3529918577110684,1,-0.6267230412611294,-0.6267230412611294,11.866747579574538,11.866747579574538,11.866747579574538,11.866747579574538,11.866747579574538,11.866747579574538,1.38,1.38,1.38,0.0,1.1859315127954428,0.3028105916764684,1.329985950770478,True,0.4618449995980747,4.684825452300365,1.45,True,True,False,True
20260927_103759_1243248,u1e2,0,74,SIDE_MINUS,1790476697.142484,9.791808843612673,1790476697.2838635,True,True,False,False,,False,,,SIDE_DISPATCH|RAW_SEED_ATTEMPT|PRE_TIMING_SEED|TIMED_SEED|SEED_ELIGIBILITY|SOLVER_OK|FINAL_INPUT|JOINT_SEED|COMPARATOR_LOSS,,,,OPPONENT_C3_HIGHER,1.0,0.125,7.049498945910405,10.249323606491089,11.756747484207152,11.933188438415527,0,FINAL_INPUT,1.47,1.47,11.883188438415486,11.883188438415486,True,9.933188438415527,12.535609,3.6968478330549184,+1.176733->-2.463270,1.1767330810600427,0.8425491231990984,-2.4632703723920617,1.1833350837191638,-0.3173379235096746,1,-0.6271055675184483,-0.6271055675184483,11.883188438415486,11.883188438415486,11.883188438415486,11.883188438415486,11.883188438415486,11.883188438415486,1.4,1.4,1.4,0.0,1.143674456256676,0.2793285223492238,1.3037907210984874,True,0.4594048370823307,4.643451765037537,1.46,True,True,False,True
20260927_103759_1243248,u1e2,0,92,SIDE_MINUS,1790476698.7699206,11.419245481491089,1790476698.9099205,False,True,False,False,,False,,,SIDE_DISPATCH|RAW_SEED_ATTEMPT|PRE_TIMING_SEED|TIMED_SEED|SEED_ELIGIBILITY|PRE_LOS|POST_LOS|SOLVER_OK|FINAL_INPUT|JOINT_SEED|PREFLIGHT_REJECT,PREFLIGHT_REJECT,DYNAMICS_FAIL,,,0.0,0.0,0.0,-1790476687.350675,-1790476687.350675,-1790476687.350675,0,FINAL_INPUT,0.24,0.24,11.79924534797668,11.79924534797668,True,11.559245347976685,12.535609,3.3219084911470347,-0.654028->-4.158776,-0.6540279757980996,-0.6540279757980996,-4.158775938866781,-0.6841106983495056,-7.041277122256666,0,-0.3322183504209885,-0.3322183504209885,11.79924534797668,11.79924534797668,11.79924534797668,11.79924534797668,11.79924534797668,11.79924534797668,0.24,0.24,0.24,0.0,11.432724736937349,34.17288246234468,166.76382323484498,False,0.7573760955221582,2.7134383206955546,0.38,True,True,False,True
20260927_103759_1243248,u1e3,0,173,SIDE_MINUS,1790476712.3899865,25.039311170578003,1790476712.530952,True,True,True,True,91.0,True,25.202846,25.43562,SIDE_DISPATCH|RAW_SEED_ATTEMPT|PRE_TIMING_SEED|TIMED_SEED|SEED_ELIGIBILITY|SOLVER_FAILED|FINAL_INPUT|JOINT_SEED|COMPARATOR_WIN|SELECTED|COMMITTED,,,,,0.0,0.0,0.0,-1790476687.350675,-1790476687.350675,27.18027687072754,1,FINAL_INPUT,1.02,1.02,26.2002768707277,26.2002768707277,True,25.18027687072754,26.872067,3.011826435071531,+0.834932->-2.172377,0.8349321560204008,0.8349321560204008,-2.172376763257415,0.815518458197045,-1.187946939624131,1,-0.6283288707984914,-0.6283288707984914,26.2002768707277,26.2002768707277,26.2002768707277,26.2002768707277,26.2002768707277,26.2002768707277,1.02,1.02,1.02,0.0,1.7212570829659195,2.076855120916979,10.540405275081737,True,0.653956093832629,3.9552676920327703,1.1,True,True,True,True
20260927_103759_1243248,u1e4,0,427,SIDE_MINUS,1790476742.6198618,55.2691867351532,1790476742.7638452,True,False,False,False,,False,,,SIDE_DISPATCH|RAW_SEED_ATTEMPT|PRE_TIMING_SEED|TIMED_SEED|SEED_ELIGIBILITY|SOLVER_OK|FINAL_INPUT|COMPARATOR_LOSS,,,,,0.0,0.0,0.0,-1790476687.350675,-1790476687.350675,57.41317009925842,0,FINAL_INPUT,0.0,0.0,57.70317009925797,57.70317009925797,True,55.41317009925842,59.082308000000005,3.803346889840781,-0.239557->-1.010760,-0.2395571795613434,-0.9273507887279112,-1.0107601586389374,0.0,0.0,0,0.4226730590305503,0.3845459559968549,57.70317009925797,57.70317009925797,57.70317009925797,57.70317009925797,57.70317009925797,57.70317009925797,0.0,0.0,0.0,0.0,1.1445085732515834,1.6459643961456514,6.643684560486287,True,0.8001407340573552,0.5043144373902518,0.78,True,True,False,True
20260927_103759_1243248,u1e4,0,430,SIDE_MINUS,1790476742.656819,55.30614423751831,1790476742.799063,True,False,False,False,,False,,,SIDE_DISPATCH|RAW_SEED_ATTEMPT|PRE_TIMING_SEED|TIMED_SEED|SEED_ELIGIBILITY|SOLVER_OK|FINAL_INPUT|COMPARATOR_LOSS,,,,,0.0,0.0,0.0,-1790476687.350675,-1790476687.350675,57.44838786125183,0,FINAL_INPUT,0.0,0.0,57.70838786125138,57.70838786125138,True,55.44838786125183,59.082308000000005,3.79183266366705,-0.236456->-0.993197,-0.2364561035146447,-0.9429909407941276,-0.9931974726812106,0.0,0.0,0,0.433718482741012,0.3850696822299596,57.70838786125138,57.70838786125138,57.70838786125138,57.70838786125138,57.70838786125138,57.70838786125138,0.0,0.0,0.0,0.0,1.1450455459153683,1.679620772315734,6.778829882447041,True,0.8187413097814473,0.5143761119412592,0.78,True,True,False,True
20260927_103759_1243248,u1e4,0,434,NOMINAL,1790476743.1036255,55.75295042991638,1790476743.2436254,True,False,True,True,199.0,True,55.935652,56.169096,NOMINAL_CONTEXT|FINAL_INPUT|JOINT_SEED|COMPARATOR_WIN|SELECTED|COMMITTED,,,,,0.0,0.0,0.0,-1790476687.350675,-1790476687.350675,57.89295029640198,0,FINAL_INPUT,0.62,0.62,58.18295029640152,58.18295029640152,True,55.89295029640198,58.92972857301525,3.0367782766132723,-0.150319->-1.146931,-0.1503191925544845,0.243969485077418,-1.146930892957771,0.320912724176113,-1.033880855266179,2,-0.3565420461453758,-0.3565420461453758,58.18295029640152,58.18295029640152,58.18295029640152,58.18295029640152,58.18295029640152,58.18295029640152,0.48,0.48,0.48,0.0,1.3769475478496656,1.9862400654088443,11.106283524758112,True,1.0241208868605298,0.1495283143457991,0.78,True,True,False,False
20260927_103759_1243248,u1e4,0,438,SIDE_PLUS,1790476743.396295,56.04561996459961,1790476743.536295,True,False,True,True,200.0,True,56.202072,56.435827,SIDE_DISPATCH|RAW_SEED_ATTEMPT|PRE_TIMING_SEED|TIMED_SEED|SEED_ELIGIBILITY|SOLVER_OK|FINAL_INPUT|COMPARATOR_WIN|SELECTED|COMMITTED,,,,,1.0,0.0,1.4041050986822674,57.54932355880737,57.99295020103455,58.185619831085205,0,FINAL_INPUT,0.61,0.61,58.11561983108482,58.11561983108482,True,56.185619831085205,59.082308000000005,4.316346831207856,-0.063747->-1.704809,-0.0637470793192399,0.1948459795716923,-1.704809083597131,0.0,0.0,2,-0.3568740671978616,-0.3568740671978616,58.11561983108482,58.11561983108482,58.11561983108482,58.11561983108482,58.11561983108482,58.11561983108482,0.41,0.41,0.41,0.0,1.5135111950091544,1.9676973810864529,4.972522125418386,True,1.1126392844863358,0.1651581883517369,0.78,True,True,False,False
20260927_103759_1243248,u1e4,0,440,NOMINAL,1790476743.6589,56.30822491645813,1790476743.7989,False,False,False,False,,False,,,NOMINAL_CONTEXT|FINAL_INPUT|JOINT_SEED|PREFLIGHT_REJECT,PREFLIGHT_REJECT,static map t=1.36667 occupancy=1 pos= 18.4088 0.664534  1.30976,,,0.0,0.0,0.0,-1790476687.350675,-1790476687.350675,-1790476687.350675,1,FINAL_INPUT,0.0,0.0,57.70822478294348,57.70822478294348,True,56.448224782943726,59.082308000000005,14.83307991350045,+0.088432->+0.145882,0.0884318530445499,0.2103259449936356,0.1458817143710797,0.0,0.0,2,0.1346633140203813,0.1346633140203813,57.70822478294348,57.70822478294348,57.70822478294348,57.70822478294348,57.70822478294348,57.70822478294348,0.0,0.0,0.0,0.0,3.0819304406511487,3.51752480069189,19.01650106699811,False,1.1519308720867891,0.2146633140203813,0.78,True,True,False,False
20260927_103759_1243248,u1e4,0,442,SIDE_PLUS,1790476743.6589,56.30822491645813,1790476743.7989,True,False,True,True,201.0,True,56.476023,56.703475,SIDE_DISPATCH|RAW_SEED_ATTEMPT|PRE_TIMING_SEED|TIMED_SEED|SEED_ELIGIBILITY|SOLVER_OK|FINAL_INPUT|COMPARATOR_WIN|SELECTED|COMMITTED,,,,,1.0,0.2857142857142857,1.6699837544823823,57.54932355880737,58.24932312965393,58.448224782943726,0,FINAL_INPUT,0.62,0.62,58.28822478294336,58.28822478294336,True,56.448224782943726,59.082308000000005,4.4603351823739885,+0.088432->-1.635335,0.0884318530445499,0.3790606949491116,-1.6353353501635115,0.0,0.0,1,-0.3592080225626504,-0.3592080225626504,58.28822478294336,58.28822478294336,58.28822478294336,58.28822478294336,58.28822478294336,58.28822478294336,0.58,0.58,0.58,0.0,1.515704083177932,1.694812307109525,3.66483798590865,True,1.1519308720867891,0.2025423940725291,0.78,True,True,False,False
20260927_103759_1243248,u1e4,0,443,NOMINAL,1790476743.919865,56.56918954849243,1790476744.0598643,True,False,True,True,202.0,True,56.735912,57.005012,NOMINAL_CONTEXT|FINAL_INPUT|JOINT_SEED|COMPARATOR_WIN|SELECTED|COMMITTED,,,,,1.0,0.3333333333333333,1.6893635832008234,57.54932355880737,58.44932317733765,58.70918941497803,0,FINAL_INPUT,0.63,0.63,58.11918941497775,58.11918941497775,True,56.70918941497803,59.082308000000005,4.153122589137821,+0.283585->-1.144848,0.2835851744973773,0.1526313332789853,-1.1448477504696235,0.4514292307030254,-1.3024564999583157,1,-0.3549256664143808,-0.3549256664143808,58.11918941497775,58.11918941497775,58.11918941497775,58.11918941497775,58.11918941497775,58.11918941497775,0.41,0.41,0.41,0.0,1.4782143802192542,1.7929968455737617,7.527783896455848,True,1.2263660333204731,-0.0880243525814085,0.78,True,True,True,False
20260927_103759_1243248,u1e4,0,446,NOMINAL,1790476744.2163208,56.86564564704895,1790476744.3563206,True,False,False,False,,False,,,NOMINAL_CONTEXT|FINAL_INPUT|JOINT_SEED|COMPARATOR_WIN,,,,,1.0,0.1111111111111111,2.048133608704936,57.54932355880737,58.44932317733765,59.00564551353455,0,FINAL_INPUT,0.74,0.74,58.28564551353429,58.28564551353429,True,57.00564551353455,59.082308000000005,4.118086831265877,+0.469619->-1.072296,0.4696194506709399,0.2454562327115765,-1.072295825512399,0.5588665864892148,-1.2512106428902317,1,-0.3555279916598199,-0.3555279916598199,58.28564551353429,58.28564551353429,58.28564551353429,58.28564551353429,58.28564551353429,58.28564551353429,0.58,0.58,0.58,0.0,1.4238608168996374,1.4392438108887486,5.614822012967728,True,1.4092433215530071,-0.047925160638446,0.78,True,True,True,False
20260927_103759_1243248,u1e4,0,448,SIDE_MINUS,1790476744.2163208,56.86564564704895,1790476744.3563206,False,False,False,False,,False,,,SIDE_DISPATCH|RAW_SEED_ATTEMPT|PRE_TIMING_SEED|TIMED_SEED|SEED_ELIGIBILITY|PRE_LOS|POST_LOS|SOLVER_OK|FINAL_INPUT|PREFLIGHT_REJECT,PREFLIGHT_REJECT,DYNAMICS_FAIL,,,0.0,0.0,0.0,-1790476687.350675,-1790476687.350675,-1790476687.350675,0,FINAL_INPUT,0.28,0.28,57.70564551353441,57.70564551353441,True,57.00564551353455,59.082308000000005,4.559426596966913,+0.469619->-2.646758,0.4696194506709399,-0.7209628580008772,-2.646757531520608,0.5588665864892148,-3.609819730057577,1,-0.3357437325019735,-0.3357437325019735,57.70564551353441,57.70564551353441,57.70564551353441,57.70564551353441,57.70564551353441,57.70564551353441,0.0,0.0,0.0,0.0,5.533465296393475,11.259100478541535,40.59283108851065,False,1.4092433215530071,-0.2557437325019735,0.78,True,True,False,False
20260927_103759_1243248,u1e4,0,449,NOMINAL,1790476744.5038886,57.15321350097656,1790476744.6438885,True,False,True,True,204.0,True,57.335311,57.569253,NOMINAL_CONTEXT|FINAL_INPUT|JOINT_SEED|COMPARATOR_WIN|SELECTED|COMMITTED,,,,,1.0,0.4615384615384615,2.062455091251535,57.54932355880737,58.84932279586792,59.29321336746216,0,FINAL_INPUT,0.71,0.71,58.39321336746194,58.39321336746194,True,57.29321336746216,59.082308000000005,3.9302926325759135,+0.510862->-1.313181,0.5108623596917687,0.3848346051558319,-1.3131807198430512,0.527701590862323,-1.248347479634761,1,-0.3567774622352581,-0.3567774622352581,58.39321336746194,58.39321336746194,58.39321336746194,58.39321336746194,58.39321336746194,58.39321336746194,0.6900000000000001,0.6900000000000001,0.6900000000000001,0.0,1.3106944688337825,1.6319370991588824,6.586565934941576,True,1.6667850227375458,0.0655908118913223,0.78,True,True,True,False
20260927_103759_1243248,u1e4,0,451,SIDE_MINUS,1790476744.5038886,57.15321350097656,1790476744.6438885,False,False,False,False,,False,,,SIDE_DISPATCH|RAW_SEED_ATTEMPT|PRE_TIMING_SEED|TIMED_SEED|SEED_ELIGIBILITY|PRE_LOS|POST_LOS|SOLVER_OK|FINAL_INPUT|PREFLIGHT_REJECT,PREFLIGHT_REJECT,DYNAMICS_FAIL,,,0.0,0.0,0.0,-1790476687.350675,-1790476687.350675,-1790476687.350675,0,FINAL_INPUT,0.22,0.22,57.72321336746207,57.72321336746207,True,57.29321336746216,59.082308000000005,3.828634547074584,+0.510862->-2.587378,0.5108623596917687,-0.2966611181631397,-2.5873782692779868,0.527701590862323,-3.1105675824332053,1,-0.3573260227365409,-0.3573260227365409,57.72321336746207,57.72321336746207,57.72321336746207,57.72321336746207,57.72321336746207,57.72321336746207,0.02,0.02,0.02,0.0,10.491367231870257,24.877343663413715,100.37934629932072,False,1.6130850620365822,-0.1856415605309556,0.78,True,True,False,False
20260927_103759_1243248,u1e4,0,452,NOMINAL,1790476744.7971463,57.446471214294434,1790476744.9371462,True,False,True,True,205.0,True,57.603113,57.876989,NOMINAL_CONTEXT|FINAL_INPUT|JOINT_SEED|COMPARATOR_WIN|SELECTED|COMMITTED,,,,,1.0,0.4166666666666666,2.143788361740585,57.58647108078003,58.84932279586792,59.58647108078003,0,FINAL_INPUT,0.74,0.74,58.42647108077986,58.42647108077986,True,57.58647108078003,59.082308000000005,3.93275132941392,+0.449842->-1.252263,0.449842467112716,0.3853030925625607,-1.2522626824026335,0.4409211565120835,-1.1653053361183614,1,-0.3578235001539934,-0.3578235001539934,58.42647108077986,58.42647108077986,58.42647108077986,58.42647108077986,58.42647108077986,58.42647108077986,0.72,0.72,0.72,0.0,1.2713843113313368,1.4413553259094234,1.6814867474002475,True,1.9350799965507768,0.0738184267935242,0.78,True,True,True,False
20260927_103759_1243248,u1e4,0,453,SIDE_PLUS,1790476744.7971463,57.446471214294434,1790476744.9371462,False,False,False,False,,False,,,SIDE_DISPATCH|RAW_SEED_ATTEMPT|PRE_TIMING_SEED|TIMED_SEED|SEED_ELIGIBILITY|PRE_LOS|POST_LOS|SOLVER_OK|FINAL_INPUT|PREFLIGHT_REJECT,PREFLIGHT_REJECT,DYNAMICS_FAIL,,,0.0,0.0,0.0,-1790476687.350675,-1790476687.350675,-1790476687.350675,0,FINAL_INPUT,0.25,0.25,57.94647108077996,57.94647108077996,True,57.58647108078003,59.082308000000005,3.681721258949021,+0.449842->+0.275020,0.449842467112716,0.3973229489882969,0.2750197694028201,0.4409211565120835,0.9847393643348428,0,-0.1892581055365384,-0.1892581055365384,57.94647108077996,57.94647108077996,57.94647108077996,57.94647108077996,57.94647108077996,57.94647108077996,0.24,0.24,0.24,0.0,7.184087403366708,13.878753724808892,52.83525493473044,False,1.1451729287088703,0.1699063036063253,0.78,True,True,False,False
20260927_103759_1243248,u1e4,0,456,SIDE_PLUS,1790476745.086697,57.736021995544434,1790476745.226697,False,False,False,False,,False,,,SIDE_DISPATCH|RAW_SEED_ATTEMPT|PRE_TIMING_SEED|TIMED_SEED|SEED_ELIGIBILITY|PRE_LOS|POST_LOS|SOLVER_OK|FINAL_INPUT|PREFLIGHT_REJECT,PREFLIGHT_REJECT,DYNAMICS_FAIL,,,0.0,0.0,0.0,-1790476687.350675,-1790476687.350675,-1790476687.350675,0,FINAL_INPUT,0.5,0.5,58.37602186202993,58.37602186202993,True,57.87602186203003,59.082308000000005,3.645570554961668,+0.244581->+1.499919,0.2445812718747612,0.2445812718747612,1.499918835950648,0.2402893344460087,2.727422488470098,0,-0.2640504729960132,-0.2640504729960132,58.37602186202993,58.37602186202993,58.37602186202993,58.37602186202993,58.37602186202993,58.37602186202993,0.5,0.5,0.5,0.0,10.932495320650386,23.059617149126147,92.9704687834686,False,1.204129684239714,0.0938337524369495,0.61,True,True,False,False
20260927_103759_1243248,u1e4,0,457,SIDE_MINUS,1790476745.086697,57.736021995544434,1790476745.226697,False,False,False,False,,False,,,SIDE_DISPATCH|RAW_SEED_ATTEMPT|PRE_TIMING_SEED|TIMED_SEED|SEED_ELIGIBILITY|PRE_LOS|POST_LOS|SOLVER_OK|FINAL_INPUT|PREFLIGHT_REJECT,PREFLIGHT_REJECT,DYNAMICS_FAIL,,,0.0,0.0,0.0,-1790476687.350675,-1790476687.350675,-1790476687.350675,0,FINAL_INPUT,0.28,0.28,58.15602186202997,58.15602186202997,True,57.87602186203003,59.082308000000005,3.79287211332356,+0.244581->-6.097641,0.2445812718747612,0.2445812718747612,-6.0976405391701896,0.2402893344460087,-8.110994522713506,1,-0.3592780900144632,-0.3592780900144632,58.15602186202997,58.15602186202997,58.15602186202997,58.15602186202997,58.15602186202997,58.15602186202997,0.28,0.28,0.28,0.0,15.679831401451365,36.5005780102439,147.4614334762794,False,0.4397803486679315,0.0356484031898466,0.61,True,True,False,False
20260927_103759_1243248,u1e4,0,460,SIDE_MINUS,1790476745.3364165,57.98574137687683,1790476745.4764163,False,False,False,False,,False,,,SIDE_DISPATCH|RAW_SEED_ATTEMPT|PRE_TIMING_SEED|TIMED_SEED|SEED_ELIGIBILITY|PRE_LOS|POST_LOS|SOLVER_OK|FINAL_INPUT|PREFLIGHT_REJECT,PREFLIGHT_REJECT,DYNAMICS_FAIL,,,0.0,0.0,0.0,-1790476687.350675,-1790476687.350675,-1790476687.350675,0,FINAL_INPUT,0.21,0.21,58.33574124336239,58.33574124336239,True,58.12574124336243,59.082308000000005,3.469771009440318,-0.032163->-3.799845,-0.0321626351205664,-0.0321626351205664,-3.799845434656312,-0.034893480475857,-4.736988168134832,0,-0.3328298501753198,-0.3328298501753198,58.33574124336239,58.33574124336239,58.33574124336239,58.33574124336239,58.33574124336239,58.33574124336239,0.21,0.21,0.21,0.0,9.976551017876384,26.205692560500115,114.31331753656252,False,1.4683204745281493,0.0765544790676154,0.36,True,True,False,False
20260927_103759_1243248,u1e4,0,463,SIDE_MINUS,1790476745.3484282,57.99775314331055,1790476745.488428,False,False,False,False,,False,,,SIDE_DISPATCH|RAW_SEED_ATTEMPT|PRE_TIMING_SEED|TIMED_SEED|SEED_ELIGIBILITY|PRE_LOS|POST_LOS|SOLVER_OK|FINAL_INPUT|PREFLIGHT_REJECT,PREFLIGHT_REJECT,DYNAMICS_FAIL,,,0.0,0.0,0.0,-1790476687.350675,-1790476687.350675,-1790476687.350675,0,FINAL_INPUT,0.21,0.21,58.3477530097961,58.3477530097961,True,58.13775300979614,59.082308000000005,3.4568750066513,-0.045375->-3.703909,-0.0453751254529606,-0.0453751254529606,-3.703909350477415,-0.0496042016185359,-4.604886200248881,0,-0.3216575868212701,-0.3216575868212701,58.3477530097961,58.3477530097961,58.3477530097961,58.3477530097961,58.3477530097961,58.3477530097961,0.21,0.21,0.21,0.0,9.688455146212537,25.62002854938791,111.93670374106068,False,1.5118824698216295,0.0780110934285182,0.35000000000000003,True,True,False,False
20260927_103759_1243248,u1e4,0,466,SIDE_MINUS,1790476745.3605666,58.009891510009766,1790476745.5005665,False,False,False,False,,False,,,SIDE_DISPATCH|RAW_SEED_ATTEMPT|PRE_TIMING_SEED|TIMED_SEED|SEED_ELIGIBILITY|PRE_LOS|POST_LOS|SOLVER_OK|FINAL_INPUT|PREFLIGHT_REJECT,PREFLIGHT_REJECT,DYNAMICS_FAIL,,,0.0,0.0,0.0,-1790476687.350675,-1790476687.350675,-1790476687.350675,0,FINAL_INPUT,0.2,0.2,58.34989137649532,58.34989137649532,True,58.14989137649536,59.082308000000005,3.444149755794602,-0.060349->-3.606352,-0.0603491887808288,-0.0603491887808288,-3.6063517544001393,-0.0645678718058272,-4.470956491508944,0,-0.3090032010301307,-0.3090032010301307,58.34989137649532,58.34989137649532,58.34989137649532,58.34989137649532,58.34989137649532,58.34989137649532,0.2,0.2,0.2,0.0,9.39157977515612,24.999152328922037,109.53267595916482,False,1.5649415255073778,0.0798634208821467,0.34,True,True,False,False
20260927_103759_1243248,u1e4,0,469,SIDE_MINUS,1790476745.375106,58.02443099021912,1790476745.515106,False,False,False,False,,False,,,SIDE_DISPATCH|RAW_SEED_ATTEMPT|PRE_TIMING_SEED|TIMED_SEED|SEED_ELIGIBILITY|PRE_LOS|POST_LOS|SOLVER_OK|FINAL_INPUT|PREFLIGHT_REJECT,PREFLIGHT_REJECT,DYNAMICS_FAIL,,,0.0,0.0,0.0,-1790476687.350675,-1790476687.350675,-1790476687.350675,0,FINAL_INPUT,0.21,0.21,58.37443085670467,58.37443085670467,True,58.16443085670471,59.082308000000005,3.698142428802232,-0.078411->-3.258529,-0.0784114642181737,-0.0784114642181737,-3.258529321912865,-0.0826139980124122,-3.975090494596961,0,-0.2937322546794166,-0.2937322546794166,58.37443085670467,58.37443085670467,58.37443085670467,58.37443085670467,58.37443085670467,58.37443085670467,0.21,0.21,0.21,0.0,8.306327266479364,20.73303445417821,86.65744563444785,False,1.8461129782024608,0.0825947291992864,0.32,True,True,False,False
20260927_103759_1243248,u1e4,0,472,SIDE_MINUS,1790476745.3900936,58.0394184589386,1790476745.4900937,False,False,False,False,,False,,,SIDE_DISPATCH|RAW_SEED_ATTEMPT|PRE_TIMING_SEED|TIMED_SEED|SEED_ELIGIBILITY|PRE_LOS|POST_LOS|SOLVER_OK|FINAL_INPUT|PREFLIGHT_REJECT,PREFLIGHT_REJECT,DYNAMICS_FAIL,,,0.0,0.0,0.0,-1790476687.350675,-1790476687.350675,-1790476687.350675,0,FINAL_INPUT,0.25,0.25,58.38941836357112,58.38941836357112,True,58.13941836357117,59.082308000000005,3.819545292225112,+0.007110->-3.414594,0.0071103962734983,0.0071103962734983,-3.414594183240104,0.0034457922641645,-4.240180058037164,1,-0.3565131752783541,-0.3565131752783541,58.38941836357112,58.38941836357112,58.38941836357112,58.38941836357112,58.38941836357112,58.38941836357112,0.25,0.25,0.25,0.0,9.628393536561983,23.46801506372941,97.75503051784776,False,1.7151290300748363,0.0275808530170419,0.35000000000000003,True,True,False,False
20260927_103759_1243248,u1e5,0,520,SIDE_PLUS,1790476749.2707305,61.9200553894043,1790476749.428591,True,True,False,False,,False,,,SIDE_DISPATCH|RAW_SEED_ATTEMPT|PRE_TIMING_SEED|TIMED_SEED|SEED_ELIGIBILITY|PRE_LOS|POST_LOS|SOLVER_OK|FINAL_INPUT|JOINT_SEED|COMPARATOR_LOSS,,,,OPPONENT_D3_LOWER,1.0,1.0,0.1061290225037629,63.44932317733765,63.57291460037232,64.07791590690613,0,FINAL_INPUT,1.22,1.22,64.80791590690558,64.80791590690558,True,62.07791590690613,65.30942178740536,3.2315058804992294,+1.401882->-2.545552,1.401881822924449,0.5712197493069763,-2.545552042879689,1.663205490114141,-0.4279641228044108,1,-0.5079547541231936,-0.5079547541231936,64.80791590690558,64.80791590690558,64.80791590690558,64.80791590690558,64.80791590690558,64.80791590690558,1.03,1.03,1.03,0.0,1.4531982253269573,0.6979020157745185,3.252357914009844,True,0.5716650771969796,1.6841560526393384,1.2,True,True,False,True
20260927_103759_1243248,u1e5,0,549,SIDE_MINUS,1790476751.767213,64.41653823852539,1790476751.9072132,False,True,False,False,,False,,,SIDE_DISPATCH|RAW_SEED_ATTEMPT|PRE_TIMING_SEED|TIMED_SEED|SEED_ELIGIBILITY|PRE_LOS|POST_LOS|SOLVER_OK|FINAL_INPUT|JOINT_SEED|PREFLIGHT_REJECT,PREFLIGHT_REJECT,DYNAMICS_FAIL,,,0.0,0.0,0.0,-1790476687.350675,-1790476687.350675,-1790476687.350675,0,FINAL_INPUT,0.26,0.26,64.81653810501112,64.81653810501112,True,64.55653810501099,65.56862,2.890623958666574,-0.451591->-4.013907,-0.4515912290102852,-0.4515912290102852,-4.01390682865471,-0.4841238944948707,-6.798522819644391,0,-0.318788006947609,-0.318788006947609,64.81653810501112,64.81653810501112,64.81653810501112,64.81653810501112,64.81653810501112,64.81653810501112,0.26,0.26,0.26,0.0,9.757020213981528,31.87275548015416,174.47062734912248,False,0.8418398849634638,1.343999432065743,0.42,True,True,False,True
20260927_103759_1243248,u3e1,2,145,SIDE_PLUS,1790476721.0141644,33.66348934173584,1790476721.1921237,False,True,False,False,,False,,,SIDE_DISPATCH|RAW_SEED_ATTEMPT|PRE_TIMING_SEED|TIMED_SEED|SEED_ELIGIBILITY|PRE_LOS|POST_LOS|SOLVER_OK|FINAL_INPUT|JOINT_SEED|PREFLIGHT_REJECT,PREFLIGHT_REJECT,static map t=1.16667 occupancy=1 pos=-1.43182  2.39834  1.49974,,,0.0,0.0,0.0,-1790476687.350675,-1790476687.350675,-1790476687.350675,0,FINAL_INPUT,0.86,0.86,35.67144854545557,35.67144854545557,True,33.84144854545593,37.002212,3.792349818268743,-1.122507->+2.538438,-1.122506562845259,0.4799023117787785,2.538438223636114,-1.2214919268993965,1.3548299347206094,1,-0.5040324461338579,-0.5040324461338579,35.67144854545557,35.67144854545557,35.67144854545557,35.67144854545557,35.67144854545557,35.67144854545557,0.19,0.19,0.19,0.0,1.541464553336071,1.4158389747892337,5.425035616996634,True,0.1832223718392194,2.987123990626957,0.93,True,True,False,True
20260927_103759_1243248,u3e1,2,147,SIDE_MINUS,1790476721.3048646,33.95418953895569,1790476721.477752,True,True,True,True,122.0,True,34.135511,34.636492,SIDE_DISPATCH|RAW_SEED_ATTEMPT|PRE_TIMING_SEED|TIMED_SEED|SEED_ELIGIBILITY|PRE_LOS|POST_LOS|SOLVER_OK|FINAL_INPUT|JOINT_SEED|COMPARATOR_WIN|SELECTED|COMMITTED,,,,C3_HIGHER,1.0,0.6363636363636364,1.4231867192600478,34.849323987960815,35.9414484500885,36.12707686424256,0,FINAL_INPUT,0.87,0.87,36.337076864242114,36.337076864242114,True,34.127076864242554,37.002212,3.768581388389422,-1.136233->+2.393317,-1.13623305082672,-0.9022181407956336,2.393316537398233,-1.163616159076461,0.973211001234872,1,-0.5044562689590895,-0.5044562689590895,36.337076864242114,36.337076864242114,36.337076864242114,36.337076864242114,36.337076864242114,36.337076864242114,0.85,0.85,0.85,0.0,2.099337810356185,2.146918771349643,6.620558801131566,True,0.6921935236340289,3.468049285837848,0.92,True,True,False,True
20260927_103759_1243248,u3e1,2,148,SIDE_PLUS,1790476721.3048646,33.95418953895569,1790476721.477752,True,True,False,False,,False,,,SIDE_DISPATCH|RAW_SEED_ATTEMPT|PRE_TIMING_SEED|TIMED_SEED|SEED_ELIGIBILITY|PRE_LOS|POST_LOS|SOLVER_OK|FINAL_INPUT|JOINT_SEED|COMPARATOR_WIN,,,,D3_LOWER,1.0,0.1818181818181818,3.475126866161565,34.849323987960815,35.9414484500885,36.12707686424256,0,FINAL_INPUT,0.86,0.86,35.76707686424223,35.76707686424223,True,34.127076864242554,37.002212,3.853527003702001,-1.136233->+2.421300,-1.13623305082672,0.2984923991894765,2.42129970231678,-1.163616159076461,1.319899556761151,1,-0.5080449154728874,-0.5080449154728874,35.76707686424223,35.76707686424223,35.76707686424223,35.76707686424223,35.76707686424223,35.76707686424223,0.28,0.28,0.28,0.0,1.4986864523492456,1.54048695536151,5.908205724347996,True,0.2401328170213773,3.0512381491967666,0.92,True,True,True,True
20260927_103759_1243248,u3e1,2,151,SIDE_PLUS,1790476721.8433244,34.49264931678772,1790476722.0101378,True,True,False,False,,False,,,SIDE_DISPATCH|RAW_SEED_ATTEMPT|PRE_TIMING_SEED|TIMED_SEED|SEED_ELIGIBILITY|PRE_LOS|POST_LOS|SOLVER_OK|FINAL_INPUT|JOINT_SEED|COMPARATOR_LOSS,,,,OPPONENT_C3_HIGHER,1.0,0.3571428571428571,3.277265400165829,34.849323987960815,36.22707676887512,36.659462690353394,0,FINAL_INPUT,0.81,0.81,36.09946269035311,36.09946269035311,True,34.659462690353394,37.002212,4.019995006356442,-1.125120->+2.151475,-1.1251201430763138,-0.4951219206704683,2.151474973249972,-1.0051514061339326,1.3554673823502708,1,-0.5074118984911745,-0.5074118984911745,36.09946269035311,36.09946269035311,36.09946269035311,36.09946269035311,36.09946269035311,36.09946269035311,0.62,0.62,0.62,0.0,1.7374749311528246,2.362568868097259,13.388332981968606,True,0.4662098450940721,3.3125582305400085,0.93,True,True,True,True
20260927_103759_1243248,u3e1,2,154,SIDE_PLUS,1790476722.122595,34.77191996574402,1790476722.2845068,True,True,True,True,124.0,True,34.971546,35.203324,SIDE_DISPATCH|RAW_SEED_ATTEMPT|PRE_TIMING_SEED|TIMED_SEED|SEED_ELIGIBILITY|PRE_LOS|POST_LOS|SOLVER_OK|FINAL_INPUT|JOINT_SEED|COMPARATOR_WIN|SELECTED|COMMITTED,,,,D3_LOWER,1.0,0.375,3.6667737030830088,34.93383169174194,36.5493233203888,36.93383169174194,0,FINAL_INPUT,0.92,0.92,36.32383169174167,36.32383169174167,True,34.93383169174194,37.002212,3.587185616473384,-1.127750->+2.228511,-1.127750346089067,-0.817354965752129,2.228510558454845,-1.0082402211657744,1.360905094353862,1,-0.509421685386434,-0.509421685386434,36.32383169174167,36.32383169174167,36.32383169174167,36.32383169174167,36.32383169174167,36.32383169174167,0.84,0.84,0.84,0.0,2.0597535230911865,2.291391972006676,9.81093432224442,True,0.773692913347473,3.34384675227222,0.92,True,True,True,True
20260927_103759_1243248,u3e2,2,369,SIDE_MINUS,1790476756.947714,69.5970389842987,1790476757.1109698,False,True,False,False,,False,,,SIDE_DISPATCH|RAW_SEED_ATTEMPT|PRE_TIMING_SEED|TIMED_SEED|SEED_ELIGIBILITY|PRE_LOS|POST_LOS|SOLVER_OK|FINAL_INPUT|JOINT_SEED|HANDOFF_REJECT,HANDOFF_REJECT,MISSED_FROZEN_ACTIVATION,,,0.0,0.0,0.0,-1790476687.350675,-1790476687.350675,-1790476687.350675,0,FINAL_INPUT,0.72,0.72,71.32029467582782,71.32029467582782,True,69.76029467582703,72.036267,2.541031448883223,-1.841215->+2.208048,-1.8412154577391608,-1.732029132516746,2.2080476495101187,-1.9755101214091573,1.93343227889495,1,-0.5063699094240963,-0.5063699094240963,70.24029467582727,70.24029467582727,70.24029467582727,70.24029467582727,71.32029467582782,70.24029467582727,0.72,0.72,0.72,0.0,4.171675919606988,8.597634514189131,56.03771107804744,False,0.2527601279945301,1.167357246732677,1.2,True,True,False,True
20260927_103759_1243248,u3e2,2,371,NOMINAL,1790476757.0574253,69.70675015449524,1790476757.2253168,False,False,False,False,,False,,,NOMINAL_CONTEXT|FINAL_INPUT|JOINT_SEED|HANDOFF_REJECT,HANDOFF_REJECT,MISSED_FROZEN_ACTIVATION,,,0.0,0.0,0.0,-1790476687.350675,-1790476687.350675,-1790476687.350675,0,FINAL_INPUT,1.17,1.17,71.35464165687637,71.35464165687637,True,69.87464165687561,72.036267,2.5028011830184305,-1.765965->+2.096718,-1.7659650960618962,-1.3699205355698871,2.0967183216362617,-1.8578081467223144,1.7798574724328222,1,-0.5090333794362948,-0.5090333794362948,70.2446416568758,70.66464165687601,71.35464165687637,71.35464165687637,71.35464165687637,71.35464165687637,1.1,1.1,1.1,0.0,2.084767445421132,1.8007826258451256,6.176725964465845,True,0.2853254162139563,1.1144770775444883,1.2,True,True,False,True
20260927_103759_1243248,u3e2,2,372,SIDE_MINUS,1790476757.0574253,69.70675015449524,1790476757.2253168,False,True,False,False,,False,,,SIDE_DISPATCH|RAW_SEED_ATTEMPT|PRE_TIMING_SEED|TIMED_SEED|SEED_ELIGIBILITY|PRE_LOS|POST_LOS|SOLVER_OK|FINAL_INPUT|JOINT_SEED|HANDOFF_REJECT,HANDOFF_REJECT,MISSED_FROZEN_ACTIVATION,,,0.0,0.0,0.0,-1790476687.350675,-1790476687.350675,-1790476687.350675,0,FINAL_INPUT,0.87,0.87,71.28464165687633,71.28464165687633,True,69.87464165687561,72.036267,2.411380676915432,-1.765965->+2.236658,-1.7659650960618962,-1.566292998929822,2.2366580632511224,-1.8578081467223144,1.9122884746912432,1,-0.5016833455877657,-0.5016833455877657,70.2446416568758,70.2446416568758,71.28464165687633,71.28464165687633,71.28464165687633,71.28464165687633,0.87,0.87,0.87,0.0,4.278970029125924,9.003913013381789,60.155989941794985,False,0.2512459378677282,1.152489467469385,1.2,True,True,False,True
20260927_103759_1243248,u3e2,2,374,NOMINAL,1790476757.1672275,69.81655263900757,1790476757.339307,False,False,False,False,,False,,,NOMINAL_CONTEXT|FINAL_INPUT|JOINT_SEED|HANDOFF_REJECT,HANDOFF_REJECT,MISSED_FROZEN_ACTIVATION,,,0.0,0.0,0.0,-1790476687.350675,-1790476687.350675,-1790476687.350675,0,FINAL_INPUT,1.15,1.15,71.33863196373055,71.33863196373055,True,69.98863196372986,72.036267,2.380503224521118,-1.663491->+2.097262,-1.6634910786080448,-1.3605738867193995,2.097262121097545,-1.7059681661777162,1.7905679407510025,1,-0.5085684838187333,-0.5085684838187333,70.23863196372999,70.6586319637302,71.33863196373055,71.33863196373055,71.33863196373055,71.33863196373055,1.09,1.09,1.09,0.0,2.103206859237956,1.5748537467412251,5.858891240694567,True,0.239968073264841,1.0962019020588651,1.2,True,True,False,True
20260927_103759_1243248,u3e2,2,377,NOMINAL,1790476757.2908633,69.94018816947937,1790476757.4670131,True,False,True,True,250.0,True,70.138195,70.368911,NOMINAL_CONTEXT|FINAL_INPUT|JOINT_SEED|COMPARATOR_WIN|SELECTED|COMMITTED,,,,,1.0,0.0,2.709419748079758,70.44932341575623,71.31909465789795,72.11633801460266,0,FINAL_INPUT,1.17,1.17,71.3563380146033,71.3563380146033,True,70.11633801460266,72.036267,2.4242910736212133,-1.517452->+2.171397,-1.5174523986356652,-1.3593171571311138,2.171397423023557,-1.509283232040959,1.868460633134617,1,-0.5049255767473021,-0.5049255767473021,70.23633801460272,70.67633801460295,71.3563380146033,71.3563380146033,71.3563380146033,71.3563380146033,1.11,1.11,1.11,0.0,2.0755816203269366,1.2059408402313985,7.910151953745174,True,0.253757864652589,1.087596276636058,1.2,True,True,True,True
20260927_103759_1243248,u3e2,2,380,NOMINAL,1790476757.553428,70.20275282859802,1790476757.7237473,True,False,True,True,251.0,True,70.403234,70.636261,NOMINAL_CONTEXT|FINAL_INPUT|JOINT_SEED|COMPARATOR_WIN|SELECTED|COMMITTED,,,,,1.0,0.0,2.878970774506474,70.44932341575623,71.44932389259338,72.37307214736938,0,FINAL_INPUT,1.0,1.0,71.3830721473699,71.3830721473699,True,70.37307214736938,72.036267,2.6021263449572616,-1.154526->+1.949282,-1.154525554439959,-1.154525554439959,1.9492820908003363,-1.0335845577255671,1.7625684624068574,1,-0.5084115294564858,-0.5084115294564858,70.37307214736938,70.67307214736954,71.3830721473699,71.3830721473699,71.3830721473699,71.3830721473699,1.0,1.0,1.0,0.0,1.9593506333336936,0.9808968840049338,7.120468825397995,True,0.2025389885111637,1.0939658059422923,1.07,True,True,True,True
20260927_103759_1243248,u3e3,2,409,SIDE_PLUS,1790476760.035645,72.68496990203857,1790476760.1756449,True,True,True,True,259.0,True,72.835517,73.107612,SIDE_DISPATCH|RAW_SEED_ATTEMPT|PRE_TIMING_SEED|TIMED_SEED|SEED_ELIGIBILITY|SOLVER_FAILED|FINAL_INPUT|JOINT_SEED|COMPARATOR_WIN|SELECTED|COMMITTED,,,,,0.0,0.0,0.0,-1790476687.350675,-1790476687.350675,74.82496976852417,1,FINAL_INPUT,0.81,0.81,73.99496976852477,73.99496976852477,True,72.82496976852417,74.70227899999999,3.5082421972984053,-0.832772->+2.173513,-0.8327718985395507,-0.5309430951164925,2.173512947898548,-0.7630408470910924,0.9328806492253876,1,-0.3597950144880064,-0.3597950144880064,73.99496976852477,73.99496976852477,73.99496976852477,73.99496976852477,73.99496976852477,73.99496976852477,0.75,0.75,0.75,0.0,1.5355823242323232,1.6647843641757925,7.924912252783471,True,0.6855856383780302,2.2830540974886846,0.86,True,True,True,True
20260927_103759_1243248,u3e3,2,418,SIDE_PLUS,1790476760.6253166,73.27464151382446,1790476760.7653165,False,True,False,False,,False,,,SIDE_DISPATCH|RAW_SEED_ATTEMPT|PRE_TIMING_SEED|TIMED_SEED|SEED_ELIGIBILITY|PRE_LOS|POST_LOS|SOLVER_OK|FINAL_INPUT|JOINT_SEED|PREFLIGHT_REJECT,PREFLIGHT_REJECT,DYNAMICS_FAIL,,,0.0,0.0,0.0,-1790476687.350675,-1790476687.350675,-1790476687.350675,0,FINAL_INPUT,0.53,0.3,73.71464138031021,73.94464138031033,True,73.41464138031006,74.70227899999999,3.1500799286570684,-0.312271->-2.726550,-0.3122707126391841,-0.3122707126391841,-2.7265498315553884,-0.2880663616253749,5.336519000467597,2,-0.356609664238914,-0.356609664238914,73.71464138031021,73.71464138031021,73.71464138031021,73.71464138031021,73.71464138031021,73.94464138031033,0.53,0.3,0.3,0.0,13.902715832954822,41.82856922158464,297.79548945228856,False,0.4519696438436356,1.6381592327519467,0.6900000000000001,True,True,False,True
20260927_103759_1243248,u3e3,2,424,SIDE_PLUS,1790476760.6917095,73.34103441238403,1790476760.8317094,False,True,False,False,,False,,,SIDE_DISPATCH|RAW_SEED_ATTEMPT|PRE_TIMING_SEED|TIMED_SEED|SEED_ELIGIBILITY|PRE_LOS|POST_LOS|SOLVER_OK|FINAL_INPUT|JOINT_SEED|PREFLIGHT_REJECT,PREFLIGHT_REJECT,DYNAMICS_FAIL,,,0.0,0.0,0.0,-1790476687.350675,-1790476687.350675,-1790476687.350675,0,FINAL_INPUT,0.46,0.29,73.77103427886978,73.94103427886986,True,73.48103427886963,74.70227899999999,3.08773447235083,-0.203216->+0.357515,-0.203216155928212,-0.203216155928212,0.3575146775939686,-0.1847793672093725,5.648516114104411,1,-0.3590106679157467,-0.3590106679157467,73.77103427886978,73.77103427886978,73.77103427886978,73.77103427886978,73.77103427886978,73.94103427886986,0.46,0.29,0.29,0.0,10.664281321202209,31.417130567313063,231.98952826768576,False,0.7951898204361663,2.252364980968028,0.63,True,True,False,True
20260927_103759_1243248,u3e3,2,427,SIDE_PLUS,1790476760.717817,73.36714196205139,1790476760.857817,False,True,False,False,,False,,,SIDE_DISPATCH|RAW_SEED_ATTEMPT|PRE_TIMING_SEED|TIMED_SEED|SEED_ELIGIBILITY|PRE_LOS|POST_LOS|SOLVER_OK|FINAL_INPUT|JOINT_SEED|PREFLIGHT_REJECT,PREFLIGHT_REJECT,DYNAMICS_FAIL,,,0.0,0.0,0.0,-1790476687.350675,-1790476687.350675,-1790476687.350675,0,FINAL_INPUT,0.43,0.29,73.79714182853714,73.93714182853721,True,73.50714182853699,74.70227899999999,3.068967765394936,-0.159524->+3.406074,-0.1595239657464177,-0.1595239657464177,3.406073710826058,-0.1418178919234058,6.222523806795722,1,-0.358101444750814,-0.358101444750814,73.79714182853714,73.79714182853714,73.79714182853714,73.79714182853714,73.79714182853714,73.93714182853721,0.43,0.29,0.29,0.0,9.969634084916636,28.14821640547267,206.27451244260843,False,0.8345570264735289,2.474809637977359,0.6,True,True,False,True
20260927_103759_1243248,u3e3,2,448,SIDE_PLUS,1790476760.9459012,73.59522604942322,1790476761.085901,False,True,False,False,,False,,,SIDE_DISPATCH|RAW_SEED_ATTEMPT|PRE_TIMING_SEED|TIMED_SEED|SEED_ELIGIBILITY|PRE_LOS|POST_LOS|SOLVER_OK|FINAL_INPUT|JOINT_SEED|PREFLIGHT_REJECT,PREFLIGHT_REJECT,DYNAMICS_FAIL,,,0.0,0.0,0.0,-1790476687.350675,-1790476687.350675,-1790476687.350675,0,FINAL_INPUT,0.24,0.24,73.97522591590894,73.97522591590894,True,73.73522591590881,74.70227899999999,3.1392080952594954,+0.260353->+4.906868,0.2603526525213799,0.2603526525213799,4.906867633064644,0.289625165718993,4.531507975710805,0,-0.2471199151989631,-0.2471199151989631,73.97522591590894,73.97522591590894,73.97522591590894,73.97522591590894,73.97522591590894,73.97522591590894,0.24,0.24,0.24,0.0,7.0416770089458405,19.449847667540197,130.10908916197914,False,0.9716214173746628,2.54541435774764,0.37,True,True,False,True
20260927_103759_1243248,u3e3,2,457,SIDE_PLUS,1790476761.0375836,73.68690848350525,1790476761.1775837,False,True,False,False,,False,,,SIDE_DISPATCH|RAW_SEED_ATTEMPT|PRE_TIMING_SEED|TIMED_SEED|SEED_ELIGIBILITY|PRE_LOS|POST_LOS|SOLVER_OK|FINAL_INPUT|JOINT_SEED|PREFLIGHT_REJECT,PREFLIGHT_REJECT,DYNAMICS_FAIL,,,0.0,0.0,0.0,-1790476687.350675,-1790476687.350675,-1790476687.350675,0,FINAL_INPUT,0.21,0.21,74.03690834999095,74.03690834999095,True,73.82690834999084,74.70227899999999,3.061617329495138,+0.427985->+2.860979,0.4279846388540572,0.4279846388540572,2.860978615895485,0.4904481706733216,3.008037789366592,0,-0.1829699102269675,-0.1829699102269675,74.03690834999095,74.03690834999095,74.03690834999095,74.03690834999095,74.03690834999095,74.03690834999095,0.21,0.21,0.21,0.0,3.924479386105432,11.349697442078282,68.77264963198533,False,1.0406294318558589,2.573468605666505,0.28,True,True,False,True
