run,episode,drone,candidate,kind,batch,batch_s,activation,hard_safe,seed_eligible,selected,committed,trajectory_id,executed,execution_begin,execution_end,stages,first_reject,reject_reason,solver_reason,comparator_reason,K2,C3,D3,comparison_begin,comparison_end,checked_until,fallback,stage,common_K3_loss_seconds,common_self_loss_seconds,sustained_recovery_time,sustained_K3_recovery_time,common_window_covered,begin,end,duration,actual_geometric_side,side_start,side_at_loss,side_end,production_frame_side_start,production_frame_side_end,axis_crossings,min_shadow_clearance,min_all_los_clearance,shadow_exit_time,first_binary_recovery_time,first_persistent_recovery_time,persistent_02,persistent_05,first_persistent_K3_recovery_time,K3_loss_seconds,self_loss_seconds,LOS_loss_seconds,fov_loss_seconds,max_v,max_a,max_j,pvaj_strict_ok,body_static_clearance,body_dynamic_clearance,refrecovery,refloss,faster,sustained_recovery_time_final,common_K3_loss_seconds_final,collapsed,batch_cert_end,within_batch_support
20260927_103759_1243248,u1e1,0,32,SIDE_MINUS,1790476694.0555573,6.7048821449279785,1790476694.195557,True,True,False,False,,False,,,SIDE_DISPATCH|RAW_SEED_ATTEMPT|PRE_TIMING_SEED|TIMED_SEED|SEED_ELIGIBILITY|SOLVER_OK|FINAL_INPUT|JOINT_SEED|COMPARATOR_LOSS,,,,OPPONENT_D3_LOWER,0.75,0.25,2.050400275899408,7.949323654174805,8.652529239654541,8.844882011413574,0,TIMED_SEED,0.81,0.81,8.654882011413536,8.654882011413536,True,6.844882011413574,9.40255,4.832220142521418,+1.343639->-2.078654,1.3436386756869858,0.484879455844698,-2.07865373060097,1.3660183571688105,-0.1975362448197429,1,-0.3755915966611179,-0.3755915966611179,8.654882011413536,8.654882011413536,8.654882011413536,8.654882011413536,8.654882011413536,8.654882011413536,0.65,0.65,0.65,0.0,1.2732013580372497,0.8821963326417046,3.6096778933283074,True,0.8712344354467989,5.913752778004492,,0.85,True,,0.86,True,8.844882011413574,False
20260927_103759_1243248,u1e1,0,35,SIDE_MINUS,1790476694.3478253,6.997150182723999,1790476694.4878252,True,True,False,False,,False,,,SIDE_DISPATCH|RAW_SEED_ATTEMPT|PRE_TIMING_SEED|TIMED_SEED|SEED_ELIGIBILITY|SOLVER_OK|FINAL_INPUT|JOINT_SEED|COMPARATOR_LOSS,,,,OPPONENT_D3_LOWER,0.6000000000000001,0.2,2.837931824138594,7.949323654174805,8.944881916046143,9.137150049209597,0,TIMED_SEED,0.81,0.81,8.72715004920956,8.72715004920956,True,7.137150049209595,9.40255,4.876962904775846,+1.321448->-2.055860,1.3214476081271995,0.6725134271781191,-2.055859586124103,1.3063039278207424,-0.1671893562564334,1,-0.3761526845997138,-0.3761526845997138,8.72715004920956,8.72715004920956,8.72715004920956,8.72715004920956,8.72715004920956,8.72715004920956,0.72,0.72,0.72,0.0,1.24121370948813,0.859857044215494,3.39805478312928,True,1.0042345950356495,6.169726956421255,,0.86,True,,0.86,True,9.137150049209597,True
20260927_103759_1243248,u1e2,0,71,SIDE_MINUS,1790476696.863296,9.51262092590332,1790476697.0074227,True,True,True,True,37.0,True,9.671399,9.941563,SIDE_DISPATCH|RAW_SEED_ATTEMPT|PRE_TIMING_SEED|TIMED_SEED|SEED_ELIGIBILITY|SOLVER_OK|FINAL_INPUT|JOINT_SEED|COMPARATOR_WIN|SELECTED|COMMITTED,,,,D3_LOWER,1.0,0.1538461538461538,5.789463905231932,10.249323606491089,11.47121000289917,11.656747579574583,0,TIMED_SEED,1.32,1.32,11.69674757957454,11.69674757957454,True,9.656747579574583,12.535609,4.595056479831429,+1.294141->-1.944737,1.2941413420032468,0.7332913231800477,-1.9447367101933632,1.3539570864035892,-0.6316380530430566,1,-0.6292237682804944,-0.6292237682804944,11.69674757957454,11.69674757957454,11.69674757957454,11.69674757957454,11.69674757957454,11.69674757957454,1.21,1.21,1.21,0.0,1.1775245176663822,0.8447372629829698,3.3458812195646845,True,0.2477073419229258,4.057845093810661,11.866747579574538,1.45,True,11.866747579574538,1.45,True,11.656747579574583,False
20260927_103759_1243248,u1e2,0,74,SIDE_MINUS,1790476697.142484,9.791808843612673,1790476697.2838635,True,True,False,False,,False,,,SIDE_DISPATCH|RAW_SEED_ATTEMPT|PRE_TIMING_SEED|TIMED_SEED|SEED_ELIGIBILITY|SOLVER_OK|FINAL_INPUT|JOINT_SEED|COMPARATOR_LOSS,,,,OPPONENT_C3_HIGHER,1.0,0.125,7.049498945910405,10.249323606491089,11.756747484207152,11.933188438415527,0,TIMED_SEED,1.31,1.31,11.71318843841549,11.71318843841549,True,9.933188438415527,12.535609,4.55030959645349,+1.176733->-2.006521,1.1767330810600427,0.8040278053988277,-2.006520594278934,1.1833350837191638,-0.7437153498937402,1,-0.6254685134198962,-0.6254685134198962,11.71318843841549,11.71318843841549,11.71318843841549,11.71318843841549,11.71318843841549,11.71318843841549,1.23,1.23,1.23,0.0,1.197233836154696,0.8742312578891951,3.4528523625410545,True,0.3675930153917007,4.108122741586996,,1.77,True,11.883188438415486,1.47,True,11.933188438415527,False
20260927_103759_1243248,u1e2,0,77,SIDE_MINUS,1790476697.4236934,10.073018312454224,1790476697.5636933,True,True,False,False,,False,,,SIDE_DISPATCH|RAW_SEED_ATTEMPT|PRE_TIMING_SEED|TIMED_SEED|SEED_ELIGIBILITY|SOLVER_OK|FINAL_INPUT|JOINT_SEED|COMPARATOR_LOSS,,,,OPPONENT_D3_LOWER,1.0,0.1666666666666666,6.882844136087272,10.249323606491089,12.033188343048096,12.21301817893982,0,TIMED_SEED,1.27,1.27,11.723018178939787,11.723018178939787,True,10.21301817893982,12.535609,4.414254132698585,+1.044220->-2.074710,1.044219765397831,0.8996048384296716,-2.0747101698369668,1.0237232333535045,-0.9560250371488528,1,-0.624579760504195,-0.624579760504195,11.723018178939787,11.723018178939787,11.723018178939787,11.723018178939787,11.723018178939787,11.723018178939787,1.24,1.24,1.24,0.0,1.4392648311652538,1.1671662567805077,7.678308963734071,True,0.4888044380258836,4.154829582226994,,1.49,True,,1.5,True,12.21301817893982,True
20260927_103759_1243248,u1e2,0,80,SIDE_MINUS,1790476697.674817,10.32414197921753,1790476697.814817,False,True,False,False,,False,,,SIDE_DISPATCH|RAW_SEED_ATTEMPT|PRE_TIMING_SEED|TIMED_SEED|SEED_ELIGIBILITY|PRE_LOS|POST_LOS|SOLVER_OK|FINAL_INPUT|JOINT_SEED|PREFLIGHT_REJECT,PREFLIGHT_REJECT,DYNAMICS_FAIL,,,0.0,0.0,0.0,-1790476687.350675,-1790476687.350675,-1790476687.350675,0,TIMED_SEED,1.31,1.31,11.774141845703095,11.774141845703095,True,10.464141845703123,12.535609,4.502701217412121,+0.916739->-1.926152,0.9167387479004188,0.9098304439753344,-1.926152221137503,0.9141018856716034,-1.2197908928686898,1,-0.625774325948048,-0.625774325948048,11.774141845703095,11.774141845703095,11.774141845703095,11.774141845703095,11.774141845703095,11.774141845703095,1.29,1.29,1.29,0.0,1.534088774558324,1.3494599079964302,6.087022468818263,True,0.5036305100974137,4.029436071956496,11.914141845703094,1.45,True,,1.47,True,12.464141845703123,True
20260927_103759_1243248,u1e2,0,83,SIDE_MINUS,1790476697.9509428,10.6002676486969,1790476698.0909426,False,True,False,False,,False,,,SIDE_DISPATCH|RAW_SEED_ATTEMPT|PRE_TIMING_SEED|TIMED_SEED|SEED_ELIGIBILITY|PRE_LOS|POST_LOS|SOLVER_OK|FINAL_INPUT|JOINT_SEED|PREFLIGHT_REJECT,PREFLIGHT_REJECT,DYNAMICS_FAIL,,,0.0,0.0,0.0,-1790476687.350675,-1790476687.350675,-1790476687.350675,0,TIMED_SEED,1.11,1.11,11.850267515182471,11.850267515182471,True,10.740267515182495,12.535609,4.621517111965964,+0.722391->-1.957885,0.7223913084334556,0.7223913084334556,-1.957884787466252,0.6965650344849995,-1.357128875321567,1,-0.6284361480504211,-0.6284361480504211,11.850267515182471,11.850267515182471,11.850267515182471,11.850267515182471,11.850267515182471,11.850267515182471,1.11,1.11,1.11,0.0,1.5000869738745115,1.107990953952956,3.097813294601093,True,0.5400915683038277,4.142257382755103,11.90026751518247,1.16,True,,1.14,True,12.740267515182495,True
20260927_103759_1243248,u1e3,0,158,SIDE_MINUS,1790476711.0358183,23.68514323234558,1790476711.1935833,True,True,False,False,,False,,,SIDE_DISPATCH|RAW_SEED_ATTEMPT|PRE_TIMING_SEED|TIMED_SEED|SEED_ELIGIBILITY|SOLVER_OK|FINAL_INPUT|JOINT_SEED|COMPARATOR_LOSS,,,,OPPONENT_C3_HIGHER,1.0,0.1,4.380087872038549,24.749324083328247,25.66542935371399,25.842908143997192,0,TIMED_SEED,1.39,1.39,26.05290814399753,26.05290814399753,True,23.842908143997192,26.872067,4.278171500023745,+1.310689->-2.077858,1.3106885993121464,0.3787992985153937,-2.0778575389482525,1.3752375242075296,-0.5708212459243244,1,-0.6278088574107707,-0.6278088574107707,26.05290814399753,26.05290814399753,26.05290814399753,26.05290814399753,26.05290814399753,26.05290814399753,1.05,1.05,1.05,0.0,1.4145983153295945,1.1799734754427935,4.614932830298189,True,0.2383638976546018,4.282720747400066,,1.43,True,26.28290814399757,1.45,True,25.842908143997192,False
20260927_103759_1243248,u1e3,0,161,SIDE_MINUS,1790476711.2879477,23.937272548675537,1790476711.4439464,True,True,False,False,,False,,,SIDE_DISPATCH|RAW_SEED_ATTEMPT|PRE_TIMING_SEED|TIMED_SEED|SEED_ELIGIBILITY|SOLVER_OK|FINAL_INPUT|JOINT_SEED|COMPARATOR_LOSS,,,,OPPONENT_D3_LOWER,1.0,0.1666666666666666,5.082209287318367,24.749324083328247,25.94290804862976,26.093271255493164,0,TIMED_SEED,1.24,1.24,25.93327125549345,25.93327125549345,True,24.093271255493164,26.872067,3.2880405827815906,+1.277991->-2.477084,1.2779911238924546,0.3138083141226035,-2.4770836275622465,1.2900344303794309,-0.5844168467888564,1,-0.6283237066328168,-0.6283237066328168,25.93327125549345,25.93327125549345,25.93327125549345,25.93327125549345,25.93327125549345,25.93327125549345,0.93,0.93,0.93,0.0,2.02755121232384,2.550418531002396,16.727171093829057,True,0.3468156427825073,4.154630891503384,,1.34,True,,1.37,True,26.093271255493164,False
20260927_103759_1243248,u1e3,0,164,SIDE_MINUS,1790476711.5622532,24.21157813072205,1790476711.7136788,True,True,False,False,,False,,,SIDE_DISPATCH|RAW_SEED_ATTEMPT|PRE_TIMING_SEED|TIMED_SEED|SEED_ELIGIBILITY|SOLVER_OK|FINAL_INPUT|JOINT_SEED|COMPARATOR_LOSS,,,,OPPONENT_D3_LOWER,1.0,0.1333333333333333,6.428649506948064,24.749324083328247,26.19327116012573,26.36300373077393,0,TIMED_SEED,1.22,1.22,26.1130037307742,26.1130037307742,True,24.36300373077393,26.872067,4.418665736777378,+1.239996->-2.181731,1.2399955119354922,0.8592101360184737,-2.1817308613116206,1.211884084641231,-0.9151571760133598,1,-0.6272648877336369,-0.6272648877336369,26.1130037307742,26.1130037307742,26.1130037307742,26.1130037307742,26.1130037307742,26.1130037307742,1.11,1.11,1.11,0.0,1.5197384995040604,1.3200692636530826,5.613603020979298,True,0.511939417776553,4.027123861981772,,1.4,True,,1.41,True,26.36300373077393,False
20260927_103759_1243248,u1e3,0,167,SIDE_MINUS,1790476711.8470829,24.49640774726868,1790476711.9944184,True,True,True,True,89.0,True,24.67139,24.871848,SIDE_DISPATCH|RAW_SEED_ATTEMPT|PRE_TIMING_SEED|TIMED_SEED|SEED_ELIGIBILITY|SOLVER_OK|FINAL_INPUT|JOINT_SEED|COMPARATOR_WIN|SELECTED|COMMITTED,,,,D3_LOWER,1.0,0.1111111111111111,7.036108137042995,24.749324083328247,26.46300363540649,26.64374327659607,0,TIMED_SEED,1.25,1.25,26.19374327659631,26.19374327659631,True,24.64374327659607,26.872067,4.497508349868771,+1.167154->-2.168805,1.1671537542204669,0.9575391794035631,-2.168805416784671,1.1284944254535114,-0.8869500961384656,1,-0.6268603359172814,-0.6268603359172814,26.19374327659631,26.19374327659631,26.19374327659631,26.19374327659631,26.19374327659631,26.19374327659631,1.19,1.19,1.19,0.0,1.4606870656290374,1.1072171023405497,3.798458272013496,True,0.600412168523401,4.044956712945946,,1.42,True,,1.42,True,26.64374327659607,True
20260927_103759_1243248,u1e5,0,525,SIDE_MINUS,1790476749.811334,62.46065902709961,1790476749.9600277,True,True,False,False,,False,,,SIDE_DISPATCH|RAW_SEED_ATTEMPT|PRE_TIMING_SEED|TIMED_SEED|SEED_ELIGIBILITY|SOLVER_OK|FINAL_INPUT|JOINT_SEED|COMPARATOR_LOSS,,,,OPPONENT_D3_LOWER,1.0,0.3,2.7730876454663704,63.44932317733765,64.37291383743286,64.60935235023499,0,TIMED_SEED,1.15,1.15,64.66935235023458,64.66935235023458,True,62.609352350234985,65.56862,4.307919862562671,+1.245852->-1.919578,1.245852247650061,0.3505886585368636,-1.9195783454442448,1.3426412937076513,-0.6060173471320341,1,-0.5082059778428637,-0.5082059778428637,64.66935235023458,64.66935235023458,64.66935235023458,64.66935235023458,64.66935235023458,64.66935235023458,0.9,0.9,0.9,0.0,1.3451578995528597,1.0708820232558038,4.795478864800828,True,0.2776410249966284,1.695595384351301,64.94935235023452,1.2,True,64.95935235023452,1.24,True,64.60935235023499,False
20260927_103759_1243248,u1e5,0,528,SIDE_MINUS,1790476750.0924213,62.74174618721008,1790476750.2385955,True,True,False,False,,False,,,SIDE_DISPATCH|RAW_SEED_ATTEMPT|PRE_TIMING_SEED|TIMED_SEED|SEED_ELIGIBILITY|SOLVER_OK|FINAL_INPUT|JOINT_SEED|COMPARATOR_LOSS,,,,OPPONENT_D3_LOWER,1.0,0.2307692307692307,4.210292160269827,63.44932317733765,64.70935225486755,64.88792061805725,0,TIMED_SEED,1.06,1.06,64.6779206180569,64.6779206180569,True,62.88792061805725,65.56862,4.319774926042749,+1.173393->-1.945116,1.1733925621554604,0.5345307316960629,-1.945116185760836,1.202746369084652,-0.913897243459885,1,-0.5068964310276693,-0.5068964310276693,64.6779206180569,64.6779206180569,64.6779206180569,64.6779206180569,64.6779206180569,64.6779206180569,0.9,0.9,0.9,0.0,1.4194229786384938,1.1380283826493895,5.1630406783663805,True,0.3982199305972297,1.6904577691678606,64.96792061805684,1.21,True,64.96792061805684,1.23,True,64.88792061805725,False
20260927_103759_1243248,u1e5,0,531,SIDE_MINUS,1790476750.3756592,63.02498412132263,1790476750.5182111,True,True,False,False,,False,,,SIDE_DISPATCH|RAW_SEED_ATTEMPT|PRE_TIMING_SEED|TIMED_SEED|SEED_ELIGIBILITY|SOLVER_OK|FINAL_INPUT|JOINT_SEED|COMPARATOR_LOSS,,,,OPPONENT_D3_LOWER,1.0,0.25,4.627329908777856,63.44932317733765,64.98792052268982,65.16753602027893,0,TIMED_SEED,1.03,1.03,64.72753602027862,64.72753602027862,True,63.16753602027893,65.56862,4.361235807728388,+1.092402->-1.914065,1.092402029884018,0.684651180745942,-1.914065481444956,1.0648315454817334,-1.1509064476639628,1,-0.5075272217145463,-0.5075272217145463,64.72753602027862,64.72753602027862,64.72753602027862,64.72753602027862,64.72753602027862,64.72753602027862,0.95,0.95,0.95,0.0,1.4615581687876635,1.1203982670516923,4.973458623911584,True,0.4891289680150679,1.7079075189829702,64.93753602027857,1.19,True,64.94753602027858,1.2,True,65.16753602027893,True
20260927_103759_1243248,u1e5,0,534,SIDE_MINUS,1790476750.66322,63.31254482269287,1790476750.8032198,True,True,False,False,,False,,,SIDE_DISPATCH|RAW_SEED_ATTEMPT|PRE_TIMING_SEED|TIMED_SEED|SEED_ELIGIBILITY|SOLVER_OK|FINAL_INPUT|JOINT_SEED|COMPARATOR_LOSS,,,,OPPONENT_D3_LOWER,1.0,0.2,4.667227620068565,63.45254468917847,65.0493233203888,65.45254468917847,0,TIMED_SEED,1.08,1.08,64.8125446891782,64.8125446891782,True,63.45254468917847,65.56862,4.392306403920433,+0.973919->-1.923462,0.9739192182067948,0.7523652907163166,-1.923461521686861,0.928538731388928,-1.1266791708516846,1,-0.5091058376638088,-0.5091058376638088,64.8125446891782,64.8125446891782,64.8125446891782,64.8125446891782,64.8125446891782,64.8125446891782,1.04,1.04,1.04,0.0,1.4035703063524487,1.0226086459241084,3.731702769610211,True,0.5649875066353189,1.7661949063143625,64.94254468917816,1.2,True,64.95254468917817,1.21,True,65.45254468917847,True
20260927_103759_1243248,u1e5,0,540,SIDE_MINUS,1790476750.9677677,63.61709237098694,1790476751.107767,False,True,False,False,,False,,,SIDE_DISPATCH|RAW_SEED_ATTEMPT|PRE_TIMING_SEED|TIMED_SEED|SEED_ELIGIBILITY|PRE_LOS|POST_LOS|SOLVER_OK|FINAL_INPUT|JOINT_SEED|PREFLIGHT_REJECT,PREFLIGHT_REJECT,DYNAMICS_FAIL,,,0.0,0.0,0.0,-1790476687.350675,-1790476687.350675,-1790476687.350675,0,TIMED_SEED,1.14,1.14,64.89709223747231,64.89709223747231,True,63.75709223747253,65.56862,4.3899836600037085,+0.773292->-1.927232,0.7732922460305505,0.7630822864719765,-1.92723161095194,0.7567925604197038,-1.042069983804072,1,-0.5093436482650867,-0.5093436482650867,64.89709223747231,64.89709223747231,64.89709223747231,64.89709223747231,64.89709223747231,64.89709223747231,1.12,1.12,1.12,0.0,1.3321740176862364,0.9477466241741932,3.8924324582515273,True,0.5798414053753573,1.8865718930142008,64.9470922374723,1.19,True,,1.13,False,65.75709223747253,True
20260927_103759_1243248,u3e1,2,145,SIDE_PLUS,1790476721.0141644,33.66348934173584,1790476721.1921237,False,True,False,False,,False,,,SIDE_DISPATCH|RAW_SEED_ATTEMPT|PRE_TIMING_SEED|TIMED_SEED|SEED_ELIGIBILITY|PRE_LOS|POST_LOS|SOLVER_OK|FINAL_INPUT|JOINT_SEED|PREFLIGHT_REJECT,PREFLIGHT_REJECT,static map t=1.16667 occupancy=1 pos=-1.43182  2.39834  1.49974,,,0.0,0.0,0.0,-1790476687.350675,-1790476687.350675,-1790476687.350675,0,TIMED_SEED,0.85,0.85,35.61144854545558,35.61144854545558,True,33.84144854545593,37.002212,4.682456030612365,-1.122507->+2.103720,-1.122506562845259,0.6131484655215922,2.10372044938638,-1.2214919268993965,1.2729482026427454,1,-0.5083263636367386,-0.5083263636367386,35.61144854545558,35.61144854545558,35.61144854545558,35.61144854545558,35.61144854545558,35.61144854545558,0.13,0.13,0.13,0.0,1.5954924122859482,1.603362203998871,6.559397324996595,True,0.1928020462982403,2.917324414062477,36.39144854545543,1.12,True,35.67144854545557,0.86,False,35.84144854545593,False
20260927_103759_1243248,u3e1,2,151,SIDE_PLUS,1790476721.8433244,34.49264931678772,1790476722.0101378,True,True,False,False,,False,,,SIDE_DISPATCH|RAW_SEED_ATTEMPT|PRE_TIMING_SEED|TIMED_SEED|SEED_ELIGIBILITY|PRE_LOS|POST_LOS|SOLVER_OK|FINAL_INPUT|JOINT_SEED|COMPARATOR_LOSS,,,,OPPONENT_C3_HIGHER,1.0,0.3571428571428571,3.277265400165829,34.849323987960815,36.22707676887512,36.659462690353394,0,TIMED_SEED,0.8,0.8,36.1194626903531,36.1194626903531,True,34.659462690353394,37.002212,5.069144168586595,-1.125120->+2.317333,-1.1251201430763138,-0.5902411131270423,2.3173327623421534,-1.0051514061339326,1.7131490999803165,1,-0.5072911463640436,-0.5072911463640436,36.1194626903531,36.1194626903531,36.1194626903531,36.1194626903531,36.1194626903531,36.1194626903531,0.64,0.64,0.64,0.0,1.9313440122767085,2.128151384414056,10.268388189872374,True,0.6301880912400608,3.037647498375944,36.359462690353055,0.98,True,36.09946269035311,0.81,False,36.659462690353394,True
20260927_103759_1243248,u3e1,2,154,SIDE_PLUS,1790476722.122595,34.77191996574402,1790476722.2845068,True,True,True,True,124.0,True,34.971546,35.203324,SIDE_DISPATCH|RAW_SEED_ATTEMPT|PRE_TIMING_SEED|TIMED_SEED|SEED_ELIGIBILITY|PRE_LOS|POST_LOS|SOLVER_OK|FINAL_INPUT|JOINT_SEED|COMPARATOR_WIN|SELECTED|COMMITTED,,,,D3_LOWER,1.0,0.375,3.6667737030830088,34.93383169174194,36.5493233203888,36.93383169174194,0,TIMED_SEED,0.84,0.84,36.183831691741695,36.183831691741695,True,34.93383169174194,37.002212,5.194120646756735,-1.127750->+2.044887,-1.127750346089067,-0.6719502746808217,2.0448868974731846,-1.0082402211657744,1.2794270367440406,1,-0.5037812161199638,-0.5037812161199638,36.183831691741695,36.183831691741695,36.183831691741695,36.183831691741695,36.183831691741695,36.183831691741695,0.7000000000000001,0.7000000000000001,0.7000000000000001,0.0,1.7670361841964886,2.332287843085408,9.378538625850275,True,0.6649878601517356,3.318606818523188,36.32383169174167,0.92,True,36.32383169174167,0.92,True,36.93383169174194,True
20260927_103759_1243248,u3e3,2,406,SIDE_PLUS,1790476759.7614694,72.41079425811768,1790476759.901579,True,True,False,False,,False,,,SIDE_DISPATCH|RAW_SEED_ATTEMPT|PRE_TIMING_SEED|TIMED_SEED|SEED_ELIGIBILITY|SOLVER_OK|FINAL_INPUT|JOINT_SEED|COMPARATOR_WIN,,,,D3_LOWER,0.8571428571428571,0.1428571428571428,3.069293271509552,73.04932355880737,74.39664125442505,74.55090355873108,0,TIMED_SEED,0.93,0.93,73.99090355873182,73.99090355873182,True,72.55090355873108,74.70227899999999,2.49452940195331,-0.937195->+1.820645,-0.9371951863718978,-0.2654158041327608,1.8206445179359776,-0.8677928144363568,0.089769089320944,1,-0.3576663372435375,-0.3576663372435375,73.99090355873182,73.99090355873182,73.99090355873182,73.99090355873182,73.99090355873182,73.99090355873182,0.75,0.75,0.75,0.0,1.5822134972980866,3.0890271514155048,15.611769083922251,True,0.6153224353342974,2.2346283590526386,,1.04,True,,1.04,True,74.55090355873108,True
