episode,drone,batch,batch_s,candidate,kind,reference,refkind,selected,committed,executed,hard_safe,certified_recovery,recovery,refrecovery,loss,refloss,recovery_gain,loss_gain,checked_until,reason,K2,C3,D3,refK2,refC3,refD3,comparison_begin,comparison_end,first_reject,reject_reason,better_than_selected
u1e1,0,1790476692.941643,5.590967893600464,22,NOMINAL,22,NOMINAL,True,True,True,True,False,,,0.86,0.86,,0.0,7.73096776008606,,0.0,0.0,0.0,0.0,0.0,0.0,-1790476687.350675,-1790476687.350675,,,False
u1e1,0,1790476693.2250202,5.874345064163208,23,NOMINAL,23,NOMINAL,True,True,True,True,False,,,0.85,0.85,,0.0,8.014344930648804,,0.0,0.0,0.0,0.0,0.0,0.0,-1790476687.350675,-1790476687.350675,,,False
u1e1,0,1790476693.5079944,6.157319307327271,24,NOMINAL,24,NOMINAL,True,True,True,True,False,8.807319173812813,8.807319173812813,0.87,0.87,0.0,0.0,8.297319173812866,,0.0,0.0,0.0,0.0,0.0,0.0,-1790476687.350675,-1790476687.350675,,,False
u1e1,0,1790476693.5079944,6.157319307327271,25,SIDE_PLUS,24,NOMINAL,False,False,False,True,False,8.807319173812813,8.807319173812813,0.84,0.87,0.0,0.030000000000000027,8.297319173812866,,0.0,0.0,0.0,0.0,0.0,0.0,-1790476687.350675,-1790476687.350675,,,False
u1e1,0,1790476693.5079944,6.157319307327271,26,SIDE_MINUS,24,NOMINAL,False,False,False,True,False,8.807319173812813,8.807319173812813,0.87,0.87,0.0,0.0,8.297319173812866,,0.0,0.0,0.0,0.0,0.0,0.0,-1790476687.350675,-1790476687.350675,,,False
u1e1,0,1790476693.7632046,6.412529468536377,27,NOMINAL,28,SIDE_PLUS,False,False,False,True,False,8.802529335021925,8.812529335021924,0.86,0.84,0.009999999999999787,-0.020000000000000018,8.552529335021973,,1.0,0.4,0.7830333849112053,1.0,0.4,0.7405357091261728,7.949323654174805,8.397319078445435,,,False
u1e1,0,1790476693.7632046,6.412529468536377,28,SIDE_PLUS,28,SIDE_PLUS,True,True,True,True,False,8.812529335021924,8.812529335021924,0.84,0.84,0.0,0.0,8.552529335021973,D3_LOWER,1.0,0.4,0.7405357091261728,1.0,0.4,0.7405357091261728,7.949323654174805,8.397319078445435,,,False
u1e1,0,1790476693.7632046,6.412529468536377,29,SIDE_MINUS,28,SIDE_PLUS,False,False,False,True,False,8.802529335021925,8.812529335021924,0.86,0.84,0.009999999999999787,-0.020000000000000018,8.552529335021973,OPPONENT_D3_LOWER,1.0,0.4,0.7818378750560493,1.0,0.4,0.7405357091261728,7.949323654174805,8.397319078445435,,,False
u1e1,0,1790476694.0555573,6.7048821449279785,30,NOMINAL,31,SIDE_PLUS,False,False,False,True,False,,,0.85,0.85,,0.0,8.844882011413574,,0.75,0.25,2.0731628739213344,0.75,0.25,2.0236580493661225,7.949323654174805,8.652529239654541,,,False
u1e1,0,1790476694.0555573,6.7048821449279785,31,SIDE_PLUS,31,SIDE_PLUS,True,True,True,True,False,,,0.85,0.85,,0.0,8.844882011413574,D3_LOWER,0.75,0.25,2.0236580493661225,0.75,0.25,2.0236580493661225,7.949323654174805,8.652529239654541,,,False
u1e1,0,1790476694.0555573,6.7048821449279785,32,SIDE_MINUS,31,SIDE_PLUS,False,False,False,True,False,,,0.86,0.85,,-0.010000000000000009,8.844882011413574,OPPONENT_D3_LOWER,0.75,0.25,2.050400275899408,0.75,0.25,2.0236580493661225,7.949323654174805,8.652529239654541,,,False
u1e1,0,1790476694.3478253,6.997150182723999,34,SIDE_PLUS,34,SIDE_PLUS,True,True,True,True,False,,,0.86,0.86,,0.0,9.137150049209597,,0.6000000000000001,0.2,2.8054014061152017,0.6000000000000001,0.2,2.8054014061152017,7.949323654174805,8.944881916046143,,,False
u1e1,0,1790476694.3478253,6.997150182723999,35,SIDE_MINUS,34,SIDE_PLUS,False,False,False,True,False,,,0.86,0.86,,0.0,9.137150049209597,OPPONENT_D3_LOWER,0.6000000000000001,0.2,2.837931824138594,0.6000000000000001,0.2,2.8054014061152017,7.949323654174805,8.944881916046143,,,False
u1e1,0,1790476694.6052516,7.2545764446258545,37,SIDE_PLUS,38,SIDE_MINUS,False,False,False,True,False,,8.714576311111422,1.02,0.77,,-0.25,9.39457631111145,,0.0,0.0,0.0,0.0,0.0,0.0,-1790476687.350675,-1790476687.350675,,,False
u1e1,0,1790476694.6052516,7.2545764446258545,38,SIDE_MINUS,38,SIDE_MINUS,True,True,True,True,True,8.714576311111422,8.714576311111422,0.77,0.77,0.0,0.0,9.39457631111145,,0.0,0.0,0.0,0.0,0.0,0.0,-1790476687.350675,-1790476687.350675,,,False
u1e1,0,1790476694.8854327,7.534757614135742,40,SIDE_PLUS,41,SIDE_MINUS,False,False,False,True,False,,8.804757480621314,1.01,0.85,,-0.16000000000000003,9.674757480621338,,0.0,0.0,0.0,0.0,0.0,0.0,-1790476687.350675,-1790476687.350675,,,False
u1e1,0,1790476694.8854327,7.534757614135742,41,SIDE_MINUS,41,SIDE_MINUS,True,True,True,True,True,8.804757480621314,8.804757480621314,0.85,0.85,0.0,0.0,9.674757480621338,,0.0,0.0,0.0,0.0,0.0,0.0,-1790476687.350675,-1790476687.350675,,,False
u1e1,0,1790476695.045847,7.69517183303833,42,NOMINAL,44,SIDE_MINUS,False,False,False,True,True,8.785171699523906,8.765171699523906,0.8300000000000001,0.81,-0.019999999999999574,-0.020000000000000018,9.835171699523926,,1.0,0.3333333333333333,2.486730825765561,1.0,0.3333333333333333,2.4617389395349347,7.849324941635132,8.949323892593384,,,False
u1e1,0,1790476695.045847,7.69517183303833,43,SIDE_PLUS,44,SIDE_MINUS,False,False,False,True,True,8.775171699523906,8.765171699523906,0.8200000000000001,0.81,-0.009999999999999787,-0.010000000000000009,9.835171699523926,D3_LOWER,1.0,0.3333333333333333,2.4799334761226484,1.0,0.3333333333333333,2.4617389395349347,7.849324941635132,8.949323892593384,,,False
u1e1,0,1790476695.045847,7.69517183303833,44,SIDE_MINUS,44,SIDE_MINUS,True,True,True,True,True,8.765171699523906,8.765171699523906,0.81,0.81,0.0,0.0,9.835171699523926,D3_LOWER,1.0,0.3333333333333333,2.4617389395349347,1.0,0.3333333333333333,2.4617389395349347,7.849324941635132,8.949323892593384,,,False
u1e1,0,1790476695.1955357,7.844860553741455,45,NOMINAL,45,NOMINAL,True,True,True,True,True,8.784860420227034,8.784860420227034,0.8,0.8,0.0,0.0,9.98486042022705,,1.0,0.2222222222222222,2.302800331123002,1.0,0.2222222222222222,2.302800331123002,7.984860420227051,8.949323892593384,,,False
u1e1,0,1790476695.1955357,7.844860553741455,46,SIDE_PLUS,45,NOMINAL,False,False,False,False,False,,8.784860420227034,1.12,0.8,,-0.32000000000000006,-1790476687.350675,,0.0,0.0,0.0,1.0,0.2222222222222222,2.302800331123002,-1790476687.350675,-1790476687.350675,PREFLIGHT_REJECT,DYNAMICS_FAIL,False
u1e1,0,1790476695.1955357,7.844860553741455,47,SIDE_MINUS,45,NOMINAL,False,False,False,True,True,8.794860420227034,8.784860420227034,0.81,0.8,-0.009999999999999787,-0.010000000000000009,9.98486042022705,OPPONENT_C3_HIGHER,1.0,0.1111111111111111,2.36889436644957,1.0,0.2222222222222222,2.302800331123002,7.984860420227051,8.949323892593384,,,False
u1e1,0,1790476695.4387937,8.088118553161621,48,NOMINAL,48,NOMINAL,True,True,True,True,True,8.788118419647205,8.788118419647205,0.56,0.56,0.0,0.0,10.228118419647217,,1.0,0.2857142857142857,1.5565227697965531,1.0,0.2857142857142857,1.5565227697965531,8.228118419647217,8.949323892593384,,,False
u1e1,0,1790476695.4387937,8.088118553161621,49,SIDE_PLUS,48,NOMINAL,False,False,False,False,False,,8.788118419647205,0.88,0.56,,-0.31999999999999995,-1790476687.350675,,0.0,0.0,0.0,1.0,0.2857142857142857,1.5565227697965531,-1790476687.350675,-1790476687.350675,PREFLIGHT_REJECT,DYNAMICS_FAIL,False
u1e1,0,1790476695.4387937,8.088118553161621,50,SIDE_MINUS,48,NOMINAL,False,False,False,False,False,,8.788118419647205,0.55,0.56,,0.010000000000000009,-1790476687.350675,,0.0,0.0,0.0,1.0,0.2857142857142857,1.5565227697965531,-1790476687.350675,-1790476687.350675,PREFLIGHT_REJECT,DYNAMICS_FAIL,False
u1e1,0,1790476695.716669,8.365994215011597,51,NOMINAL,53,SIDE_MINUS,False,False,False,True,True,8.785994081497186,8.785994081497186,0.28,0.28,0.0,0.0,10.505994081497192,,1.0,0.5,0.4077833619980873,1.0,0.5,0.4076332739262828,8.505994081497192,8.949323892593384,,,False
u1e1,0,1790476695.716669,8.365994215011597,52,SIDE_PLUS,53,SIDE_MINUS,False,False,False,False,False,,8.785994081497186,0.6,0.28,,-0.31999999999999995,-1790476687.350675,,0.0,0.0,0.0,1.0,0.5,0.4076332739262828,-1790476687.350675,-1790476687.350675,PREFLIGHT_REJECT,DYNAMICS_FAIL,False
u1e1,0,1790476695.716669,8.365994215011597,53,SIDE_MINUS,53,SIDE_MINUS,True,True,True,True,True,8.785994081497186,8.785994081497186,0.28,0.28,0.0,0.0,10.505994081497192,D3_LOWER,1.0,0.5,0.4076332739262828,1.0,0.5,0.4076332739262828,8.505994081497192,8.949323892593384,,,False
u1e1,0,1790476696.0129504,8.662275314331055,54,NOMINAL,54,NOMINAL,False,False,False,False,False,8.80227518081665,8.80227518081665,0.0,0.0,0.0,0.0,-1790476687.350675,,0.0,0.0,0.0,0.0,0.0,0.0,-1790476687.350675,-1790476687.350675,HANDOFF_REJECT,MISSED_FROZEN_ACTIVATION,False
u1e1,0,1790476696.0129504,8.662275314331055,55,SIDE_PLUS,54,NOMINAL,False,False,False,False,False,8.80227518081665,8.80227518081665,0.0,0.0,0.0,0.0,-1790476687.350675,,0.0,0.0,0.0,0.0,0.0,0.0,-1790476687.350675,-1790476687.350675,HANDOFF_REJECT,MISSED_FROZEN_ACTIVATION,False
u1e1,0,1790476696.140674,8.789999008178711,57,NOMINAL,59,SIDE_MINUS,False,False,False,True,False,,,0.0,0.0,,0.0,10.93764615058899,,1.0,0.25,0.6575354903756384,1.0,0.25,0.6109814643302547,10.249323606491089,10.60599398612976,,,False
u1e1,0,1790476696.140674,8.789999008178711,58,SIDE_PLUS,59,SIDE_MINUS,False,False,False,False,False,,,0.0,0.0,,0.0,-1790476687.350675,,0.0,0.0,0.0,1.0,0.25,0.6109814643302547,-1790476687.350675,-1790476687.350675,PREFLIGHT_REJECT,DYNAMICS_FAIL,False
u1e1,0,1790476696.140674,8.789999008178711,59,SIDE_MINUS,59,SIDE_MINUS,True,True,True,True,False,,,0.0,0.0,,0.0,10.93764615058899,D3_LOWER,1.0,0.25,0.6109814643302547,1.0,0.25,0.6109814643302547,10.249323606491089,10.60599398612976,,,False
u1e2,0,1790476695.4387937,8.088118553161621,48,NOMINAL,48,NOMINAL,True,True,True,True,False,,,2.03,2.03,,0.0,10.228118419647217,,1.0,0.2857142857142857,1.5565227697965531,1.0,0.2857142857142857,1.5565227697965531,8.228118419647217,8.949323892593384,,,False
u1e2,0,1790476695.4387937,8.088118553161621,49,SIDE_PLUS,48,NOMINAL,False,False,False,False,False,,,2.45,2.03,,-0.4200000000000004,-1790476687.350675,,0.0,0.0,0.0,1.0,0.2857142857142857,1.5565227697965531,-1790476687.350675,-1790476687.350675,PREFLIGHT_REJECT,DYNAMICS_FAIL,False
u1e2,0,1790476695.4387937,8.088118553161621,50,SIDE_MINUS,48,NOMINAL,False,False,False,False,False,,,1.99,2.03,,0.039999999999999813,-1790476687.350675,,0.0,0.0,0.0,1.0,0.2857142857142857,1.5565227697965531,-1790476687.350675,-1790476687.350675,PREFLIGHT_REJECT,DYNAMICS_FAIL,False
u1e2,0,1790476695.716669,8.365994215011597,51,NOMINAL,53,SIDE_MINUS,False,False,False,True,False,,,1.71,1.99,,0.28,10.505994081497192,,1.0,0.5,0.4077833619980873,1.0,0.5,0.4076332739262828,8.505994081497192,8.949323892593384,,,False
u1e2,0,1790476695.716669,8.365994215011597,52,SIDE_PLUS,53,SIDE_MINUS,False,False,False,False,False,,,2.53,1.99,,-0.5399999999999998,-1790476687.350675,,0.0,0.0,0.0,1.0,0.5,0.4076332739262828,-1790476687.350675,-1790476687.350675,PREFLIGHT_REJECT,DYNAMICS_FAIL,False
u1e2,0,1790476695.716669,8.365994215011597,53,SIDE_MINUS,53,SIDE_MINUS,True,True,True,True,False,,,1.99,1.99,,0.0,10.505994081497192,D3_LOWER,1.0,0.5,0.4076332739262828,1.0,0.5,0.4076332739262828,8.505994081497192,8.949323892593384,,,False
u1e2,0,1790476696.0129504,8.662275314331055,54,NOMINAL,54,NOMINAL,False,False,False,False,False,,,1.41,1.41,,0.0,-1790476687.350675,,0.0,0.0,0.0,0.0,0.0,0.0,-1790476687.350675,-1790476687.350675,HANDOFF_REJECT,MISSED_FROZEN_ACTIVATION,False
u1e2,0,1790476696.0129504,8.662275314331055,55,SIDE_PLUS,54,NOMINAL,False,False,False,False,False,,,0.86,1.41,,0.5499999999999999,-1790476687.350675,,0.0,0.0,0.0,0.0,0.0,0.0,-1790476687.350675,-1790476687.350675,HANDOFF_REJECT,MISSED_FROZEN_ACTIVATION,False
u1e2,0,1790476696.140674,8.789999008178711,57,NOMINAL,59,SIDE_MINUS,False,False,False,True,False,,,1.41,1.4,,-0.010000000000000009,10.93764615058899,,1.0,0.25,0.6575354903756384,1.0,0.25,0.6109814643302547,10.249323606491089,10.60599398612976,,,False
u1e2,0,1790476696.140674,8.789999008178711,58,SIDE_PLUS,59,SIDE_MINUS,False,False,False,False,False,,,1.54,1.4,,-0.14000000000000012,-1790476687.350675,,0.0,0.0,0.0,1.0,0.25,0.6109814643302547,-1790476687.350675,-1790476687.350675,PREFLIGHT_REJECT,DYNAMICS_FAIL,False
u1e2,0,1790476696.140674,8.789999008178711,59,SIDE_MINUS,59,SIDE_MINUS,True,True,True,True,False,,,1.4,1.4,,0.0,10.93764615058899,D3_LOWER,1.0,0.25,0.6109814643302547,1.0,0.25,0.6109814643302547,10.249323606491089,10.60599398612976,,,False
u1e2,0,1790476696.292932,8.942256927490234,60,NOMINAL,60,NOMINAL,False,False,False,False,False,11.796512327194156,11.796512327194156,1.41,1.41,0.0,0.0,-1790476687.350675,,0.0,0.0,0.0,0.0,0.0,0.0,-1790476687.350675,-1790476687.350675,HANDOFF_REJECT,MISSED_FROZEN_ACTIVATION,False
u1e2,0,1790476696.292932,8.942256927490234,61,SIDE_PLUS,60,NOMINAL,False,False,False,False,False,11.896512327194154,11.796512327194156,1.45,1.41,-0.09999999999999787,-0.040000000000000036,-1790476687.350675,,0.0,0.0,0.0,0.0,0.0,0.0,-1790476687.350675,-1790476687.350675,HANDOFF_REJECT,MISSED_FROZEN_ACTIVATION,False
u1e2,0,1790476696.4186783,9.068003177642822,63,NOMINAL,65,SIDE_MINUS,False,False,False,True,False,11.799317197799628,11.789317197799628,1.41,1.4,-0.009999999999999787,-0.010000000000000009,11.219317197799684,,1.0,0.25,2.479234930702693,1.0,0.25,2.4594699108593567,10.249323606491089,11.037646055221558,,,False
u1e2,0,1790476696.4186783,9.068003177642822,64,SIDE_PLUS,65,SIDE_MINUS,False,False,False,False,False,11.939317197799625,11.789317197799628,1.67,1.4,-0.1499999999999968,-0.27,-1790476687.350675,,0.0,0.0,0.0,1.0,0.25,2.4594699108593567,-1790476687.350675,-1790476687.350675,PREFLIGHT_REJECT,DYNAMICS_FAIL,False
u1e2,0,1790476696.4186783,9.068003177642822,65,SIDE_MINUS,65,SIDE_MINUS,True,True,True,True,False,11.789317197799628,11.789317197799628,1.4,1.4,0.0,0.0,11.219317197799684,D3_LOWER,1.0,0.25,2.4594699108593567,1.0,0.25,2.4594699108593567,10.249323606491089,11.037646055221558,,,False
u1e2,0,1790476696.573877,9.223201990127563,66,NOMINAL,66,NOMINAL,True,True,True,True,False,11.861210098266548,11.861210098266548,1.45,1.45,0.0,0.0,11.371210098266602,,1.0,0.1818181818181818,4.577374025871242,1.0,0.1818181818181818,4.577374025871242,10.249323606491089,11.319317102432253,,,False
u1e2,0,1790476696.573877,9.223201990127563,67,SIDE_PLUS,66,NOMINAL,False,False,False,False,False,,11.861210098266548,1.93,1.45,,-0.48,-1790476687.350675,,0.0,0.0,0.0,1.0,0.1818181818181818,4.577374025871242,-1790476687.350675,-1790476687.350675,PREFLIGHT_REJECT,DYNAMICS_FAIL,False
u1e2,0,1790476696.863296,9.51262092590332,69,NOMINAL,71,SIDE_MINUS,False,False,False,True,False,11.866747579574538,11.866747579574538,1.46,1.45,0.0,-0.010000000000000009,11.656747579574583,,1.0,0.1538461538461538,5.810770688577248,1.0,0.1538461538461538,5.789463905231932,10.249323606491089,11.47121000289917,,,False
u1e2,0,1790476696.863296,9.51262092590332,70,SIDE_PLUS,71,SIDE_MINUS,False,False,False,False,False,,11.866747579574538,1.93,1.45,,-0.48,-1790476687.350675,,0.0,0.0,0.0,1.0,0.1538461538461538,5.789463905231932,-1790476687.350675,-1790476687.350675,PREFLIGHT_REJECT,DYNAMICS_FAIL,False
u1e2,0,1790476696.863296,9.51262092590332,71,SIDE_MINUS,71,SIDE_MINUS,True,True,True,True,False,11.866747579574538,11.866747579574538,1.45,1.45,0.0,0.0,11.656747579574583,D3_LOWER,1.0,0.1538461538461538,5.789463905231932,1.0,0.1538461538461538,5.789463905231932,10.249323606491089,11.47121000289917,,,False
u1e2,0,1790476697.142484,9.791808843612673,73,SIDE_PLUS,73,SIDE_PLUS,True,True,True,True,False,,,1.77,1.77,,0.0,11.933188438415527,,1.0,0.1875,6.337756520084942,1.0,0.1875,6.337756520084942,10.249323606491089,11.756747484207152,,,False
u1e2,0,1790476697.142484,9.791808843612673,74,SIDE_MINUS,73,SIDE_PLUS,False,False,False,True,False,11.883188438415486,,1.47,1.77,,0.30000000000000004,11.933188438415527,OPPONENT_C3_HIGHER,1.0,0.125,7.049498945910405,1.0,0.1875,6.337756520084942,10.249323606491089,11.756747484207152,,,True
u1e2,0,1790476697.4236934,10.073018312454224,75,NOMINAL,75,NOMINAL,True,True,True,True,False,,,1.49,1.49,,0.0,12.21301817893982,,1.0,0.1666666666666666,6.83639599675442,1.0,0.1666666666666666,6.83639599675442,10.249323606491089,12.033188343048096,,,False
u1e2,0,1790476697.4236934,10.073018312454224,76,SIDE_PLUS,75,NOMINAL,False,False,False,True,False,,,1.51,1.49,,-0.020000000000000018,12.21301817893982,OPPONENT_D3_LOWER,1.0,0.1666666666666666,6.908874188018476,1.0,0.1666666666666666,6.83639599675442,10.249323606491089,12.033188343048096,,,False
u1e2,0,1790476697.4236934,10.073018312454224,77,SIDE_MINUS,75,NOMINAL,False,False,False,True,False,,,1.5,1.49,,-0.010000000000000009,12.21301817893982,OPPONENT_D3_LOWER,1.0,0.1666666666666666,6.882844136087272,1.0,0.1666666666666666,6.83639599675442,10.249323606491089,12.033188343048096,,,False
u1e2,0,1790476697.674817,10.32414197921753,78,NOMINAL,78,NOMINAL,True,True,True,True,True,11.914141845703094,11.914141845703094,1.45,1.45,0.0,0.0,12.464141845703123,,1.0,0.0666666666666666,6.447443547104165,1.0,0.0666666666666666,6.447443547104165,10.464141845703123,12.049323320388794,,,False
u1e2,0,1790476697.674817,10.32414197921753,79,SIDE_PLUS,78,NOMINAL,False,False,False,False,False,,11.914141845703094,1.78,1.45,,-0.33000000000000007,-1790476687.350675,,0.0,0.0,0.0,1.0,0.0666666666666666,6.447443547104165,-1790476687.350675,-1790476687.350675,PREFLIGHT_REJECT,DYNAMICS_FAIL,False
u1e2,0,1790476697.674817,10.32414197921753,80,SIDE_MINUS,78,NOMINAL,False,False,False,False,False,,11.914141845703094,1.47,1.45,,-0.020000000000000018,-1790476687.350675,,0.0,0.0,0.0,1.0,0.0666666666666666,6.447443547104165,-1790476687.350675,-1790476687.350675,PREFLIGHT_REJECT,DYNAMICS_FAIL,False
u1e2,0,1790476697.9509428,10.6002676486969,81,NOMINAL,81,NOMINAL,True,True,True,True,True,11.90026751518247,11.90026751518247,1.16,1.16,0.0,0.0,12.740267515182495,,1.0,0.0769230769230769,5.706037024328103,1.0,0.0769230769230769,5.706037024328103,10.740267515182495,12.049323558807371,,,False
u1e2,0,1790476697.9509428,10.6002676486969,82,SIDE_PLUS,81,NOMINAL,False,False,False,False,False,,11.90026751518247,1.44,1.16,,-0.28,-1790476687.350675,,0.0,0.0,0.0,1.0,0.0769230769230769,5.706037024328103,-1790476687.350675,-1790476687.350675,PREFLIGHT_REJECT,DYNAMICS_FAIL,False
u1e2,0,1790476697.9509428,10.6002676486969,83,SIDE_MINUS,81,NOMINAL,False,False,False,False,False,,11.90026751518247,1.14,1.16,,0.020000000000000018,-1790476687.350675,,0.0,0.0,0.0,1.0,0.0769230769230769,5.706037024328103,-1790476687.350675,-1790476687.350675,PREFLIGHT_REJECT,DYNAMICS_FAIL,False
u1e2,0,1790476698.2187166,10.868041515350342,84,NOMINAL,84,NOMINAL,True,True,True,True,True,11.908041381835918,11.908041381835918,0.9,0.9,0.0,0.0,13.008041381835938,,1.0,0.1818181818181818,4.349819604745815,1.0,0.1818181818181818,4.349819604745815,11.008041381835938,12.049324035644531,,,False
u1e2,0,1790476698.2187166,10.868041515350342,85,SIDE_PLUS,84,NOMINAL,False,False,False,False,False,,11.908041381835918,1.23,0.9,,-0.32999999999999996,-1790476687.350675,,0.0,0.0,0.0,1.0,0.1818181818181818,4.349819604745815,-1790476687.350675,-1790476687.350675,PREFLIGHT_REJECT,DYNAMICS_FAIL,False
u1e2,0,1790476698.2187166,10.868041515350342,86,SIDE_MINUS,84,NOMINAL,False,False,False,False,False,,11.908041381835918,0.84,0.9,,0.06000000000000005,-1790476687.350675,,0.0,0.0,0.0,1.0,0.1818181818181818,4.349819604745815,-1790476687.350675,-1790476687.350675,PREFLIGHT_REJECT,DYNAMICS_FAIL,False
u1e2,0,1790476698.479532,11.128856897354126,87,NOMINAL,87,NOMINAL,True,True,True,True,True,11.908856763839708,11.908856763839708,0.64,0.64,0.0,0.0,13.268856763839722,,1.0,0.1428571428571428,2.348846175779817,1.0,0.1428571428571428,2.348846175779817,11.268856763839722,12.049324035644531,,,False
u1e2,0,1790476698.479532,11.128856897354126,88,SIDE_PLUS,87,NOMINAL,False,False,False,False,False,,11.908856763839708,0.97,0.64,,-0.32999999999999996,-1790476687.350675,,0.0,0.0,0.0,1.0,0.1428571428571428,2.348846175779817,-1790476687.350675,-1790476687.350675,PREFLIGHT_REJECT,DYNAMICS_FAIL,False
u1e2,0,1790476698.479532,11.128856897354126,89,SIDE_MINUS,87,NOMINAL,False,False,False,False,False,,11.908856763839708,0.47,0.64,,0.17000000000000004,-1790476687.350675,,0.0,0.0,0.0,1.0,0.1428571428571428,2.348846175779817,-1790476687.350675,-1790476687.350675,PREFLIGHT_REJECT,DYNAMICS_FAIL,False
u1e2,0,1790476698.7699206,11.419245481491089,90,NOMINAL,90,NOMINAL,True,True,True,True,True,11.909245347976675,11.909245347976675,0.35,0.35,0.0,0.0,13.559245347976685,,1.0,0.4,0.7058873734441447,1.0,0.4,0.7058873734441447,11.559245347976685,12.04932451248169,,,False
u1e2,0,1790476698.7699206,11.419245481491089,91,SIDE_PLUS,90,NOMINAL,False,False,False,False,False,,11.909245347976675,0.66,0.35,,-0.31000000000000005,-1790476687.350675,,0.0,0.0,0.0,1.0,0.4,0.7058873734441447,-1790476687.350675,-1790476687.350675,PREFLIGHT_REJECT,DYNAMICS_FAIL,False
u1e2,0,1790476698.7699206,11.419245481491089,92,SIDE_MINUS,90,NOMINAL,False,False,False,False,False,11.79924534797668,11.909245347976675,0.24,0.35,0.10999999999999588,0.10999999999999999,-1790476687.350675,,0.0,0.0,0.0,1.0,0.4,0.7058873734441447,-1790476687.350675,-1790476687.350675,PREFLIGHT_REJECT,DYNAMICS_FAIL,True
u1e2,0,1790476699.048902,11.698226928710938,93,NOMINAL,93,NOMINAL,True,True,True,True,True,11.908226795196532,11.908226795196532,0.07,0.07,0.0,0.0,13.838226795196531,,1.0,0.6666666666666666,0.0714008872512256,1.0,0.6666666666666666,0.0714008872512256,11.838226795196531,12.049324750900269,,,False
u1e2,0,1790476699.048902,11.698226928710938,94,SIDE_PLUS,93,NOMINAL,False,False,False,False,False,,11.908226795196532,0.11,0.07,,-0.039999999999999994,-1790476687.350675,,0.0,0.0,0.0,1.0,0.6666666666666666,0.0714008872512256,-1790476687.350675,-1790476687.350675,PREFLIGHT_REJECT,DYNAMICS_FAIL,False
u1e2,0,1790476699.048902,11.698226928710938,95,SIDE_MINUS,93,NOMINAL,False,False,False,True,True,11.908226795196532,11.908226795196532,0.07,0.07,0.0,0.0,13.838226795196531,OPPONENT_D3_LOWER,1.0,0.6666666666666666,0.0714030849090955,1.0,0.6666666666666666,0.0714008872512256,11.838226795196531,12.049324750900269,,,False
u1e3,0,1790476709.8556633,22.504988193511963,134,NOMINAL,134,NOMINAL,True,True,True,True,False,,,1.31,1.31,,0.0,24.64498805999756,,0.0,0.0,0.0,0.0,0.0,0.0,-1790476687.350675,-1790476687.350675,,,False
u1e3,0,1790476710.14392,22.7932448387146,135,NOMINAL,135,NOMINAL,False,False,False,False,False,,,1.45,1.45,,0.0,-1790476687.350675,,0.0,0.0,0.0,0.0,0.0,0.0,-1790476687.350675,-1790476687.350675,HANDOFF_REJECT,MISSED_FROZEN_ACTIVATION,False
u1e3,0,1790476710.14392,22.7932448387146,136,SIDE_PLUS,135,NOMINAL,False,False,False,False,False,,,1.43,1.45,,0.020000000000000018,-1790476687.350675,,0.0,0.0,0.0,0.0,0.0,0.0,-1790476687.350675,-1790476687.350675,HANDOFF_REJECT,MISSED_FROZEN_ACTIVATION,False
u1e3,0,1790476710.280585,22.9299099445343,138,NOMINAL,138,NOMINAL,False,False,False,False,False,,,1.45,1.45,,0.0,-1790476687.350675,,0.0,0.0,0.0,0.0,0.0,0.0,-1790476687.350675,-1790476687.350675,HANDOFF_REJECT,MISSED_FROZEN_ACTIVATION,False
u1e3,0,1790476710.280585,22.9299099445343,139,SIDE_PLUS,138,NOMINAL,False,False,False,False,False,,,1.42,1.45,,0.030000000000000027,-1790476687.350675,,0.0,0.0,0.0,0.0,0.0,0.0,-1790476687.350675,-1790476687.350675,HANDOFF_REJECT,MISSED_FROZEN_ACTIVATION,False
u1e3,0,1790476710.4063191,23.055644035339355,141,NOMINAL,141,NOMINAL,False,False,False,False,False,26.1908333110814,26.1908333110814,1.43,1.43,0.0,0.0,-1790476687.350675,,0.0,0.0,0.0,0.0,0.0,0.0,-1790476687.350675,-1790476687.350675,HANDOFF_REJECT,MISSED_FROZEN_ACTIVATION,False
u1e3,0,1790476710.4063191,23.055644035339355,142,SIDE_PLUS,141,NOMINAL,False,False,False,False,False,26.1808333110814,26.1908333110814,1.4,1.43,0.00999999999999801,0.030000000000000027,-1790476687.350675,,0.0,0.0,0.0,0.0,0.0,0.0,-1790476687.350675,-1790476687.350675,HANDOFF_REJECT,MISSED_FROZEN_ACTIVATION,False
u1e3,0,1790476710.5141847,23.163509607315063,144,NOMINAL,144,NOMINAL,False,False,False,False,False,26.19283425331161,26.19283425331161,1.42,1.42,0.0,0.0,-1790476687.350675,,0.0,0.0,0.0,0.0,0.0,0.0,-1790476687.350675,-1790476687.350675,HANDOFF_REJECT,MISSED_FROZEN_ACTIVATION,False
u1e3,0,1790476710.5141847,23.163509607315063,145,SIDE_PLUS,144,NOMINAL,False,False,False,False,False,,26.19283425331161,1.28,1.42,,0.1399999999999999,-1790476687.350675,,0.0,0.0,0.0,0.0,0.0,0.0,-1790476687.350675,-1790476687.350675,HANDOFF_REJECT,MISSED_FROZEN_ACTIVATION,False
u1e3,0,1790476710.6280866,23.277411460876465,147,NOMINAL,147,NOMINAL,False,False,False,False,False,26.191141605377627,26.191141605377627,1.44,1.44,0.0,0.0,-1790476687.350675,,0.0,0.0,0.0,0.0,0.0,0.0,-1790476687.350675,-1790476687.350675,HANDOFF_REJECT,MISSED_FROZEN_ACTIVATION,False
u1e3,0,1790476710.6280866,23.277411460876465,148,SIDE_PLUS,147,NOMINAL,False,False,False,False,False,26.171141605377624,26.191141605377627,1.42,1.44,0.020000000000003126,0.020000000000000018,-1790476687.350675,,0.0,0.0,0.0,0.0,0.0,0.0,-1790476687.350675,-1790476687.350675,HANDOFF_REJECT,MISSED_FROZEN_ACTIVATION,False
u1e3,0,1790476710.747843,23.397167921066284,150,NOMINAL,151,SIDE_PLUS,False,False,False,True,False,26.215429449081835,26.205429449081837,1.44,1.4,-0.00999999999999801,-0.040000000000000036,25.56542944908142,,0.0,0.0,0.0,0.0,0.0,0.0,-1790476687.350675,-1790476687.350675,,,False
u1e3,0,1790476710.747843,23.397167921066284,151,SIDE_PLUS,151,SIDE_PLUS,True,True,True,True,False,26.205429449081837,26.205429449081837,1.4,1.4,0.0,0.0,25.56542944908142,,0.0,0.0,0.0,0.0,0.0,0.0,-1790476687.350675,-1790476687.350675,,,False
u1e3,0,1790476711.0358183,23.68514323234558,156,NOMINAL,157,SIDE_PLUS,False,False,False,True,False,26.28290814399757,,1.46,1.43,,-0.030000000000000027,25.842908143997192,,1.0,0.1,4.417868766705536,1.0,0.4,1.938892455603166,24.749324083328247,25.66542935371399,,,False
u1e3,0,1790476711.0358183,23.68514323234558,157,SIDE_PLUS,157,SIDE_PLUS,True,True,True,True,False,,,1.43,1.43,,0.0,25.842908143997192,C3_HIGHER,1.0,0.4,1.938892455603166,1.0,0.4,1.938892455603166,24.749324083328247,25.66542935371399,,,False
u1e3,0,1790476711.0358183,23.68514323234558,158,SIDE_MINUS,157,SIDE_PLUS,False,False,False,True,False,26.28290814399757,,1.45,1.43,,-0.020000000000000018,25.842908143997192,OPPONENT_C3_HIGHER,1.0,0.1,4.380087872038549,1.0,0.4,1.938892455603166,24.749324083328247,25.66542935371399,,,False
u1e3,0,1790476711.2879477,23.937272548675537,159,NOMINAL,160,SIDE_PLUS,False,False,False,True,False,,,1.37,1.34,,-0.030000000000000027,26.093271255493164,,1.0,0.1666666666666666,5.093657921444906,1.0,0.1666666666666666,5.052282557651882,24.749324083328247,25.94290804862976,,,False
u1e3,0,1790476711.2879477,23.937272548675537,160,SIDE_PLUS,160,SIDE_PLUS,True,True,True,True,False,,,1.34,1.34,,0.0,26.093271255493164,D3_LOWER,1.0,0.1666666666666666,5.052282557651882,1.0,0.1666666666666666,5.052282557651882,24.749324083328247,25.94290804862976,,,False
u1e3,0,1790476711.2879477,23.937272548675537,161,SIDE_MINUS,160,SIDE_PLUS,False,False,False,True,False,,,1.37,1.34,,-0.030000000000000027,26.093271255493164,OPPONENT_D3_LOWER,1.0,0.1666666666666666,5.082209287318367,1.0,0.1666666666666666,5.052282557651882,24.749324083328247,25.94290804862976,,,False
u1e3,0,1790476711.5622532,24.21157813072205,162,NOMINAL,163,SIDE_PLUS,False,False,False,True,False,,,1.4,1.4,,0.0,26.36300373077393,,1.0,0.1333333333333333,6.429918785775751,1.0,0.1333333333333333,6.393513130139759,24.749324083328247,26.19327116012573,,,False
u1e3,0,1790476711.5622532,24.21157813072205,163,SIDE_PLUS,163,SIDE_PLUS,True,True,True,True,False,,,1.4,1.4,,0.0,26.36300373077393,D3_LOWER,1.0,0.1333333333333333,6.393513130139759,1.0,0.1333333333333333,6.393513130139759,24.749324083328247,26.19327116012573,,,False
u1e3,0,1790476711.5622532,24.21157813072205,164,SIDE_MINUS,163,SIDE_PLUS,False,False,False,True,False,,,1.41,1.4,,-0.010000000000000009,26.36300373077393,OPPONENT_D3_LOWER,1.0,0.1333333333333333,6.428649506948064,1.0,0.1333333333333333,6.393513130139759,24.749324083328247,26.19327116012573,,,False
u1e3,0,1790476711.8470829,24.49640774726868,166,SIDE_PLUS,167,SIDE_MINUS,False,False,False,True,False,,,1.43,1.42,,-0.010000000000000009,26.64374327659607,,1.0,0.1111111111111111,7.052649096350624,1.0,0.1111111111111111,7.036108137042995,24.749324083328247,26.46300363540649,,,False
u1e3,0,1790476711.8470829,24.49640774726868,167,SIDE_MINUS,167,SIDE_MINUS,True,True,True,True,False,,,1.42,1.42,,0.0,26.64374327659607,D3_LOWER,1.0,0.1111111111111111,7.036108137042995,1.0,0.1111111111111111,7.036108137042995,24.749324083328247,26.46300363540649,,,False
u1e3,0,1790476712.099781,24.74910593032837,168,NOMINAL,170,SIDE_MINUS,False,False,False,True,False,,,1.43,1.42,,-0.010000000000000009,26.893208503723145,,1.0,0.0588235294117647,7.022004877616626,1.0,0.0588235294117647,6.978962343038578,24.893208503723145,26.64932322502136,,,False
u1e3,0,1790476712.099781,24.74910593032837,169,SIDE_PLUS,170,SIDE_MINUS,False,False,False,True,False,,,1.44,1.42,,-0.020000000000000018,26.893208503723145,OPPONENT_D3_LOWER,1.0,0.0588235294117647,7.079143999137853,1.0,0.0588235294117647,6.978962343038578,24.893208503723145,26.64932322502136,,,False
u1e3,0,1790476712.099781,24.74910593032837,170,SIDE_MINUS,170,SIDE_MINUS,True,True,True,True,False,,,1.42,1.42,,0.0,26.893208503723145,D3_LOWER,1.0,0.0588235294117647,6.978962343038578,1.0,0.0588235294117647,6.978962343038578,24.893208503723145,26.64932322502136,,,False
u1e3,0,1790476712.3899865,25.039311170578003,172,SIDE_PLUS,173,SIDE_MINUS,False,False,False,True,False,,26.2002768707277,1.28,1.02,,-0.26,27.18027687072754,,0.0,0.0,0.0,0.0,0.0,0.0,-1790476687.350675,-1790476687.350675,,,False
u1e3,0,1790476712.3899865,25.039311170578003,173,SIDE_MINUS,173,SIDE_MINUS,True,True,True,True,True,26.2002768707277,26.2002768707277,1.02,1.02,0.0,0.0,27.18027687072754,,0.0,0.0,0.0,0.0,0.0,0.0,-1790476687.350675,-1790476687.350675,,,False
u1e3,0,1790476712.6706996,25.320024490356445,175,SIDE_PLUS,176,SIDE_MINUS,False,False,False,True,False,,,0.95,0.85,,-0.09999999999999998,27.46002435684204,,0.0,0.0,0.0,0.0,0.0,0.0,-1790476687.350675,-1790476687.350675,,,False
u1e3,0,1790476712.6706996,25.320024490356445,176,SIDE_MINUS,176,SIDE_MINUS,True,True,True,True,False,,,0.85,0.85,,0.0,27.46002435684204,,0.0,0.0,0.0,0.0,0.0,0.0,-1790476687.350675,-1790476687.350675,,,False
u1e3,0,1790476712.949238,25.598562955856323,178,SIDE_PLUS,179,SIDE_MINUS,False,False,False,True,False,,26.278562822342003,0.6,0.54,,-0.05999999999999994,27.73856282234192,,0.0,0.0,0.0,0.0,0.0,0.0,-1790476687.350675,-1790476687.350675,,,False
u1e3,0,1790476712.949238,25.598562955856323,179,SIDE_MINUS,179,SIDE_MINUS,True,True,True,True,True,26.278562822342003,26.278562822342003,0.54,0.54,0.0,0.0,27.73856282234192,,0.0,0.0,0.0,0.0,0.0,0.0,-1790476687.350675,-1790476687.350675,,,False
u1e3,0,1790476713.2408755,25.89020037651062,180,NOMINAL,180,NOMINAL,True,True,True,True,True,26.28020024299625,26.28020024299625,0.25,0.25,0.0,0.0,28.030200242996216,,1.0,0.4,0.3628392071375749,1.0,0.4,0.3628392071375749,26.030200242996216,26.44932460784912,,,False
u1e3,0,1790476713.2408755,25.89020037651062,181,SIDE_MINUS,180,NOMINAL,False,False,False,False,False,26.24020024299625,26.28020024299625,0.21,0.25,0.0400000000000027,0.04000000000000001,-1790476687.350675,,0.0,0.0,0.0,1.0,0.4,0.3628392071375749,-1790476687.350675,-1790476687.350675,PREFLIGHT_REJECT,DYNAMICS_FAIL,True
u1e3,0,1790476713.2408755,25.89020037651062,182,SIDE_PLUS,180,NOMINAL,False,False,False,False,False,,26.28020024299625,0.44,0.25,,-0.19,-1790476687.350675,,0.0,0.0,0.0,1.0,0.4,0.3628392071375749,-1790476687.350675,-1790476687.350675,PREFLIGHT_REJECT,DYNAMICS_FAIL,False
u1e3,0,1790476713.5378506,26.187175512313843,183,NOMINAL,183,NOMINAL,True,True,True,True,False,,,0.0,0.0,,0.0,28.32717537879944,,1.0,1.0,0.0,1.0,1.0,0.0,26.32717537879944,26.4493248462677,,,False
u1e4,0,1790476742.6198618,55.2691867351532,425,NOMINAL,425,NOMINAL,True,False,False,True,False,,,0.64,0.64,,0.0,57.41317009925842,,0.0,0.0,0.0,0.0,0.0,0.0,-1790476687.350675,-1790476687.350675,COMMIT_FAILED,,False
u1e4,0,1790476742.6198618,55.2691867351532,426,SIDE_PLUS,425,NOMINAL,False,False,False,True,False,58.45317009925782,,0.62,0.64,,0.020000000000000018,57.41317009925842,,0.0,0.0,0.0,0.0,0.0,0.0,-1790476687.350675,-1790476687.350675,,,False
u1e4,0,1790476742.6198618,55.2691867351532,427,SIDE_MINUS,425,NOMINAL,False,False,False,True,False,57.70317009925797,,0.0,0.64,,0.64,57.41317009925842,,0.0,0.0,0.0,0.0,0.0,0.0,-1790476687.350675,-1790476687.350675,,,True
u1e4,0,1790476742.656819,55.30614423751831,428,NOMINAL,428,NOMINAL,True,True,True,True,False,,,0.53,0.53,,0.0,57.44838786125183,,0.0,0.0,0.0,0.0,0.0,0.0,-1790476687.350675,-1790476687.350675,,,False
u1e4,0,1790476742.656819,55.30614423751831,429,SIDE_PLUS,428,NOMINAL,False,False,False,True,False,,,0.32,0.53,,0.21000000000000002,57.44838786125183,,0.0,0.0,0.0,0.0,0.0,0.0,-1790476687.350675,-1790476687.350675,,,False
u1e4,0,1790476742.656819,55.30614423751831,430,SIDE_MINUS,428,NOMINAL,False,False,False,True,False,57.70838786125138,,0.0,0.53,,0.53,57.44838786125183,,0.0,0.0,0.0,0.0,0.0,0.0,-1790476687.350675,-1790476687.350675,,,True
u1e4,0,1790476742.8463871,55.49571204185486,431,NOMINAL,431,NOMINAL,True,True,True,True,False,,,0.56,0.56,,0.0,57.635746240615845,,0.0,0.0,0.0,0.0,0.0,0.0,-1790476687.350675,-1790476687.350675,,,False
u1e4,0,1790476742.8463871,55.49571204185486,432,SIDE_PLUS,431,NOMINAL,False,False,False,True,False,,,0.59,0.56,,-0.029999999999999916,57.635746240615845,,0.0,0.0,0.0,0.0,0.0,0.0,-1790476687.350675,-1790476687.350675,,,False
u1e4,0,1790476743.1036255,55.75295042991638,434,NOMINAL,434,NOMINAL,True,True,True,True,False,58.18295029640152,58.18295029640152,0.62,0.62,0.0,0.0,57.89295029640198,,0.0,0.0,0.0,0.0,0.0,0.0,-1790476687.350675,-1790476687.350675,,,False
u1e4,0,1790476743.396295,56.04561996459961,437,NOMINAL,438,SIDE_PLUS,False,False,False,False,False,,58.11561983108482,0.5700000000000001,0.61,,0.039999999999999925,-1790476687.350675,,0.0,0.0,0.0,1.0,0.0,1.4041050986822674,-1790476687.350675,-1790476687.350675,PREFLIGHT_REJECT,HARD_DYNAMIC_COLLISION_FAIL,False
u1e4,0,1790476743.396295,56.04561996459961,438,SIDE_PLUS,438,SIDE_PLUS,True,True,True,True,False,58.11561983108482,58.11561983108482,0.61,0.61,0.0,0.0,58.185619831085205,,1.0,0.0,1.4041050986822674,1.0,0.0,1.4041050986822674,57.54932355880737,57.99295020103455,,,False
u1e4,0,1790476743.6589,56.30822491645813,440,NOMINAL,442,SIDE_PLUS,False,False,False,False,False,57.70822478294348,58.28822478294336,0.0,0.62,0.5799999999998775,0.62,-1790476687.350675,,0.0,0.0,0.0,1.0,0.2857142857142857,1.6699837544823823,-1790476687.350675,-1790476687.350675,PREFLIGHT_REJECT,static map t=1.36667 occupancy=1 pos= 18.4088 0.664534  1.30976,True
u1e4,0,1790476743.6589,56.30822491645813,442,SIDE_PLUS,442,SIDE_PLUS,True,True,True,True,False,58.28822478294336,58.28822478294336,0.62,0.62,0.0,0.0,58.448224782943726,,1.0,0.2857142857142857,1.6699837544823823,1.0,0.2857142857142857,1.6699837544823823,57.54932355880737,58.24932312965393,,,False
u1e4,0,1790476743.919865,56.56918954849243,443,NOMINAL,443,NOMINAL,True,True,True,True,True,58.11918941497775,58.11918941497775,0.63,0.63,0.0,0.0,58.70918941497803,,1.0,0.3333333333333333,1.6893635832008234,1.0,0.3333333333333333,1.6893635832008234,57.54932355880737,58.44932317733765,,,False
u1e4,0,1790476743.919865,56.56918954849243,444,SIDE_PLUS,443,NOMINAL,False,False,False,True,False,,58.11918941497775,0.6900000000000001,0.63,,-0.06000000000000005,58.70918941497803,OPPONENT_D3_LOWER,1.0,0.3333333333333333,1.784618661648884,1.0,0.3333333333333333,1.6893635832008234,57.54932355880737,58.44932317733765,,,False
u1e4,0,1790476744.2163208,56.86564564704895,446,NOMINAL,447,SIDE_PLUS,False,False,False,True,True,58.28564551353429,,0.74,0.94,,0.19999999999999996,59.00564551353455,,1.0,0.1111111111111111,2.048133608704936,1.0,0.3333333333333333,1.785198633345618,57.54932355880737,58.44932317733765,,,True
u1e4,0,1790476744.2163208,56.86564564704895,447,SIDE_PLUS,447,SIDE_PLUS,True,True,True,True,False,,,0.94,0.94,,0.0,59.00564551353455,C3_HIGHER,1.0,0.3333333333333333,1.785198633345618,1.0,0.3333333333333333,1.785198633345618,57.54932355880737,58.44932317733765,,,False
u1e4,0,1790476744.2163208,56.86564564704895,448,SIDE_MINUS,447,SIDE_PLUS,False,False,False,False,False,57.70564551353441,,0.28,0.94,,0.6599999999999999,-1790476687.350675,,0.0,0.0,0.0,1.0,0.3333333333333333,1.785198633345618,-1790476687.350675,-1790476687.350675,PREFLIGHT_REJECT,DYNAMICS_FAIL,True
u1e4,0,1790476744.5038886,57.15321350097656,449,NOMINAL,449,NOMINAL,True,True,True,True,True,58.39321336746194,58.39321336746194,0.71,0.71,0.0,0.0,59.29321336746216,,1.0,0.4615384615384615,2.062455091251535,1.0,0.4615384615384615,2.062455091251535,57.54932355880737,58.84932279586792,,,False
u1e4,0,1790476744.5038886,57.15321350097656,450,SIDE_PLUS,449,NOMINAL,False,False,False,True,False,,58.39321336746194,0.97,0.71,,-0.26,59.29321336746216,OPPONENT_C3_HIGHER,1.0,0.2307692307692307,2.991347519476708,1.0,0.4615384615384615,2.062455091251535,57.54932355880737,58.84932279586792,,,False
u1e4,0,1790476744.5038886,57.15321350097656,451,SIDE_MINUS,449,NOMINAL,False,False,False,False,False,57.72321336746207,58.39321336746194,0.22,0.71,0.6699999999998667,0.49,-1790476687.350675,,0.0,0.0,0.0,1.0,0.4615384615384615,2.062455091251535,-1790476687.350675,-1790476687.350675,PREFLIGHT_REJECT,DYNAMICS_FAIL,True
u1e4,0,1790476744.7971463,57.446471214294434,452,NOMINAL,452,NOMINAL,True,True,True,True,True,58.42647108077986,58.42647108077986,0.74,0.74,0.0,0.0,59.58647108078003,,1.0,0.4166666666666666,2.143788361740585,1.0,0.4166666666666666,2.143788361740585,57.58647108078003,58.84932279586792,,,False
u1e4,0,1790476744.7971463,57.446471214294434,453,SIDE_PLUS,452,NOMINAL,False,False,False,False,False,57.94647108077996,58.42647108077986,0.25,0.74,0.4799999999999045,0.49,-1790476687.350675,,0.0,0.0,0.0,1.0,0.4166666666666666,2.143788361740585,-1790476687.350675,-1790476687.350675,PREFLIGHT_REJECT,DYNAMICS_FAIL,True
u1e4,0,1790476744.7971463,57.446471214294434,454,SIDE_MINUS,452,NOMINAL,False,False,False,False,False,,58.42647108077986,0.44,0.74,,0.3,-1790476687.350675,,0.0,0.0,0.0,1.0,0.4166666666666666,2.143788361740585,-1790476687.350675,-1790476687.350675,PREFLIGHT_REJECT,DYNAMICS_FAIL,False
u1e4,0,1790476745.086697,57.736021995544434,455,NOMINAL,455,NOMINAL,True,True,True,True,True,58.43602186202992,58.43602186202992,0.56,0.56,0.0,0.0,59.87602186203003,,1.0,0.4444444444444444,1.663342069563737,1.0,0.4444444444444444,1.663342069563737,57.87602186203003,58.84932279586792,,,False
u1e4,0,1790476745.086697,57.736021995544434,456,SIDE_PLUS,455,NOMINAL,False,False,False,False,False,58.37602186202993,58.43602186202992,0.5,0.56,0.05999999999998806,0.06000000000000005,-1790476687.350675,,0.0,0.0,0.0,1.0,0.4444444444444444,1.663342069563737,-1790476687.350675,-1790476687.350675,PREFLIGHT_REJECT,DYNAMICS_FAIL,True
u1e4,0,1790476745.086697,57.736021995544434,457,SIDE_MINUS,455,NOMINAL,False,False,False,False,False,58.15602186202997,58.43602186202992,0.28,0.56,0.2799999999999514,0.28,-1790476687.350675,,0.0,0.0,0.0,1.0,0.4444444444444444,1.663342069563737,-1790476687.350675,-1790476687.350675,PREFLIGHT_REJECT,DYNAMICS_FAIL,True
u1e4,0,1790476745.3364165,57.98574137687683,458,NOMINAL,458,NOMINAL,True,False,False,True,True,58.435741243362365,58.435741243362365,0.31,0.31,0.0,0.0,60.12574124336243,,1.0,0.5714285714285714,0.6621916272294941,1.0,0.5714285714285714,0.6621916272294941,58.12574124336243,58.84932279586792,COMMIT_FAILED,,False
u1e4,0,1790476745.3364165,57.98574137687683,459,SIDE_PLUS,458,NOMINAL,False,False,False,False,False,,58.435741243362365,0.44,0.31,,-0.13,-1790476687.350675,,0.0,0.0,0.0,1.0,0.5714285714285714,0.6621916272294941,-1790476687.350675,-1790476687.350675,PREFLIGHT_REJECT,DYNAMICS_FAIL,False
u1e4,0,1790476745.3364165,57.98574137687683,460,SIDE_MINUS,458,NOMINAL,False,False,False,False,False,58.33574124336239,58.435741243362365,0.21,0.31,0.099999999999973,0.1,-1790476687.350675,,0.0,0.0,0.0,1.0,0.5714285714285714,0.6621916272294941,-1790476687.350675,-1790476687.350675,PREFLIGHT_REJECT,DYNAMICS_FAIL,True
u1e4,0,1790476745.3484282,57.99775314331055,461,NOMINAL,461,NOMINAL,True,False,False,True,True,58.43775300979608,58.43775300979608,0.3,0.3,0.0,0.0,60.13775300979614,,1.0,0.5714285714285714,0.6105665909490114,1.0,0.5714285714285714,0.6105665909490114,58.13775300979614,58.84932279586792,COMMIT_FAILED,,False
u1e4,0,1790476745.3484282,57.99775314331055,462,SIDE_PLUS,461,NOMINAL,False,False,False,False,False,,58.43775300979608,0.44,0.3,,-0.14,-1790476687.350675,,0.0,0.0,0.0,1.0,0.5714285714285714,0.6105665909490114,-1790476687.350675,-1790476687.350675,PREFLIGHT_REJECT,DYNAMICS_FAIL,False
u1e4,0,1790476745.3484282,57.99775314331055,463,SIDE_MINUS,461,NOMINAL,False,False,False,False,False,58.3477530097961,58.43775300979608,0.21,0.3,0.0899999999999821,0.09,-1790476687.350675,,0.0,0.0,0.0,1.0,0.5714285714285714,0.6105665909490114,-1790476687.350675,-1790476687.350675,PREFLIGHT_REJECT,DYNAMICS_FAIL,True
u1e4,0,1790476745.3605666,58.009891510009766,464,NOMINAL,464,NOMINAL,True,False,False,True,True,58.4398913764953,58.4398913764953,0.29,0.29,0.0,0.0,60.14989137649536,,1.0,0.6666666666666666,0.5591519294394964,1.0,0.6666666666666666,0.5591519294394964,58.14989137649536,58.84932279586792,COMMIT_FAILED,,False
u1e4,0,1790476745.3605666,58.009891510009766,465,SIDE_PLUS,464,NOMINAL,False,False,False,False,False,,58.4398913764953,0.43,0.29,,-0.14,-1790476687.350675,,0.0,0.0,0.0,1.0,0.6666666666666666,0.5591519294394964,-1790476687.350675,-1790476687.350675,PREFLIGHT_REJECT,DYNAMICS_FAIL,False
u1e4,0,1790476745.3605666,58.009891510009766,466,SIDE_MINUS,464,NOMINAL,False,False,False,False,False,58.34989137649532,58.4398913764953,0.2,0.29,0.08999999999997499,0.08999999999999997,-1790476687.350675,,0.0,0.0,0.0,1.0,0.6666666666666666,0.5591519294394964,-1790476687.350675,-1790476687.350675,PREFLIGHT_REJECT,DYNAMICS_FAIL,True
u1e4,0,1790476745.375106,58.02443099021912,467,NOMINAL,467,NOMINAL,True,False,False,True,True,58.43443085670466,58.43443085670466,0.27,0.27,0.0,0.0,60.16443085670471,,1.0,0.6666666666666666,0.5175906437538893,1.0,0.6666666666666666,0.5175906437538893,58.16443085670471,58.84932279586792,COMMIT_FAILED,,False
u1e4,0,1790476745.375106,58.02443099021912,468,SIDE_PLUS,467,NOMINAL,False,False,False,False,False,,58.43443085670466,0.47,0.27,,-0.19999999999999996,-1790476687.350675,,0.0,0.0,0.0,1.0,0.6666666666666666,0.5175906437538893,-1790476687.350675,-1790476687.350675,PREFLIGHT_REJECT,DYNAMICS_FAIL,False
u1e4,0,1790476745.375106,58.02443099021912,469,SIDE_MINUS,467,NOMINAL,False,False,False,False,False,58.37443085670467,58.43443085670466,0.21,0.27,0.05999999999998806,0.060000000000000026,-1790476687.350675,,0.0,0.0,0.0,1.0,0.6666666666666666,0.5175906437538893,-1790476687.350675,-1790476687.350675,PREFLIGHT_REJECT,DYNAMICS_FAIL,True
u1e4,0,1790476745.3900936,58.0394184589386,470,NOMINAL,470,NOMINAL,True,True,True,True,False,,,0.38,0.38,,0.0,60.13941836357117,,1.0,0.4285714285714285,0.8940245641476006,1.0,0.4285714285714285,0.8940245641476006,58.13941836357117,58.84932279586792,,,False
u1e4,0,1790476745.3900936,58.0394184589386,471,SIDE_PLUS,470,NOMINAL,False,False,False,False,False,,,0.49,0.38,,-0.10999999999999999,-1790476687.350675,,0.0,0.0,0.0,1.0,0.4285714285714285,0.8940245641476006,-1790476687.350675,-1790476687.350675,PREFLIGHT_REJECT,DYNAMICS_FAIL,False
u1e4,0,1790476745.3900936,58.0394184589386,472,SIDE_MINUS,470,NOMINAL,False,False,False,False,False,58.38941836357112,,0.25,0.38,,0.13,-1790476687.350675,,0.0,0.0,0.0,1.0,0.4285714285714285,0.8940245641476006,-1790476687.350675,-1790476687.350675,PREFLIGHT_REJECT,DYNAMICS_FAIL,True
u1e4,0,1790476745.5230243,58.17234921455383,473,NOMINAL,473,NOMINAL,True,False,False,True,False,,,0.21,0.21,,0.0,60.31234908103943,,1.0,0.6000000000000001,0.3221892138496461,1.0,0.6000000000000001,0.3221892138496461,58.31234908103943,58.84932279586792,COMMIT_FAILED,,False
u1e4,0,1790476745.5230243,58.17234921455383,474,SIDE_PLUS,473,NOMINAL,False,False,False,False,False,,,0.47,0.21,,-0.26,-1790476687.350675,,0.0,0.0,0.0,1.0,0.6000000000000001,0.3221892138496461,-1790476687.350675,-1790476687.350675,PREFLIGHT_REJECT,DYNAMICS_FAIL,False
u1e4,0,1790476745.5230243,58.17234921455383,475,SIDE_MINUS,473,NOMINAL,False,False,False,False,False,58.4823490810394,,0.17,0.21,,0.03999999999999998,-1790476687.350675,,0.0,0.0,0.0,1.0,0.6000000000000001,0.3221892138496461,-1790476687.350675,-1790476687.350675,PREFLIGHT_REJECT,DYNAMICS_FAIL,True
u1e4,0,1790476745.5363476,58.18567252159119,476,NOMINAL,476,NOMINAL,True,False,False,True,False,,,0.19,0.19,,0.0,60.32567238807678,,1.0,0.6000000000000001,0.2892508786411015,1.0,0.6000000000000001,0.2892508786411015,58.32567238807678,58.84932279586792,COMMIT_FAILED,,False
u1e4,0,1790476745.5363476,58.18567252159119,477,SIDE_PLUS,476,NOMINAL,False,False,False,False,False,,,0.46,0.19,,-0.27,-1790476687.350675,,0.0,0.0,0.0,1.0,0.6000000000000001,0.2892508786411015,-1790476687.350675,-1790476687.350675,PREFLIGHT_REJECT,DYNAMICS_FAIL,False
u1e4,0,1790476745.5363476,58.18567252159119,478,SIDE_MINUS,476,NOMINAL,False,False,False,False,False,,,0.17,0.19,,0.01999999999999999,-1790476687.350675,,0.0,0.0,0.0,1.0,0.6000000000000001,0.2892508786411015,-1790476687.350675,-1790476687.350675,PREFLIGHT_REJECT,DYNAMICS_FAIL,False
u1e4,0,1790476745.5486884,58.19801330566406,479,NOMINAL,479,NOMINAL,True,False,False,True,False,,,0.18,0.18,,0.0,60.33801317214966,,1.0,0.6000000000000001,0.2588038103198764,1.0,0.6000000000000001,0.2588038103198764,58.33801317214966,58.84932279586792,COMMIT_FAILED,,False
u1e4,0,1790476745.5486884,58.19801330566406,480,SIDE_PLUS,479,NOMINAL,False,False,False,False,False,,,0.45,0.18,,-0.27,-1790476687.350675,,0.0,0.0,0.0,1.0,0.6000000000000001,0.2588038103198764,-1790476687.350675,-1790476687.350675,PREFLIGHT_REJECT,DYNAMICS_FAIL,False
u1e4,0,1790476745.5486884,58.19801330566406,481,SIDE_MINUS,479,NOMINAL,False,False,False,False,False,,,0.16,0.18,,0.01999999999999999,-1790476687.350675,,0.0,0.0,0.0,1.0,0.6000000000000001,0.2588038103198764,-1790476687.350675,-1790476687.350675,PREFLIGHT_REJECT,DYNAMICS_FAIL,False
u1e4,0,1790476745.563732,58.21305704116821,482,NOMINAL,482,NOMINAL,True,False,False,True,False,,,0.17,0.17,,0.0,60.35305690765381,,1.0,0.75,0.225401780661777,1.0,0.75,0.225401780661777,58.35305690765381,58.84932279586792,COMMIT_FAILED,,False
u1e4,0,1790476745.563732,58.21305704116821,483,SIDE_PLUS,482,NOMINAL,False,False,False,False,False,,,0.43,0.17,,-0.26,-1790476687.350675,,0.0,0.0,0.0,1.0,0.75,0.225401780661777,-1790476687.350675,-1790476687.350675,PREFLIGHT_REJECT,DYNAMICS_FAIL,False
u1e4,0,1790476745.563732,58.21305704116821,484,SIDE_MINUS,482,NOMINAL,False,False,False,False,False,,,0.15,0.17,,0.020000000000000018,-1790476687.350675,,0.0,0.0,0.0,1.0,0.75,0.225401780661777,-1790476687.350675,-1790476687.350675,PREFLIGHT_REJECT,DYNAMICS_FAIL,False
u1e4,0,1790476745.583941,58.23326587677002,485,NOMINAL,485,NOMINAL,True,False,False,True,False,,,0.14,0.14,,0.0,60.373265743255615,,1.0,0.75,0.1957514999615355,1.0,0.75,0.1957514999615355,58.373265743255615,58.84932279586792,COMMIT_FAILED,,False
u1e4,0,1790476745.583941,58.23326587677002,486,SIDE_PLUS,485,NOMINAL,False,False,False,False,False,,,0.41,0.14,,-0.26999999999999996,-1790476687.350675,,0.0,0.0,0.0,1.0,0.75,0.1957514999615355,-1790476687.350675,-1790476687.350675,PREFLIGHT_REJECT,DYNAMICS_FAIL,False
u1e4,0,1790476745.583941,58.23326587677002,487,SIDE_MINUS,485,NOMINAL,False,False,False,False,False,,,0.13,0.14,,0.010000000000000009,-1790476687.350675,,0.0,0.0,0.0,1.0,0.75,0.1957514999615355,-1790476687.350675,-1790476687.350675,PREFLIGHT_REJECT,DYNAMICS_FAIL,False
u1e4,0,1790476745.595563,58.2448878288269,488,NOMINAL,488,NOMINAL,True,False,False,True,False,,,0.13,0.13,,0.0,60.3848876953125,,1.0,0.75,0.1787096633904388,1.0,0.75,0.1787096633904388,58.3848876953125,58.84932279586792,COMMIT_FAILED,,False
u1e4,0,1790476745.595563,58.2448878288269,489,SIDE_PLUS,488,NOMINAL,False,False,False,False,False,,,0.4,0.13,,-0.27,-1790476687.350675,,0.0,0.0,0.0,1.0,0.75,0.1787096633904388,-1790476687.350675,-1790476687.350675,PREFLIGHT_REJECT,DYNAMICS_FAIL,False
u1e4,0,1790476745.595563,58.2448878288269,490,SIDE_MINUS,488,NOMINAL,False,False,False,False,False,,,0.12,0.13,,0.010000000000000009,-1790476687.350675,,0.0,0.0,0.0,1.0,0.75,0.1787096633904388,-1790476687.350675,-1790476687.350675,PREFLIGHT_REJECT,DYNAMICS_FAIL,False
u1e4,0,1790476745.612573,58.261897802352905,491,NOMINAL,491,NOMINAL,True,True,True,True,False,,,0.12,0.12,,0.0,60.4018976688385,,1.0,0.75,0.1538008329432783,1.0,0.75,0.1538008329432783,58.4018976688385,58.84932279586792,,,False
u1e4,0,1790476745.612573,58.261897802352905,492,SIDE_PLUS,491,NOMINAL,False,False,False,False,False,,,0.39,0.12,,-0.27,-1790476687.350675,,0.0,0.0,0.0,1.0,0.75,0.1538008329432783,-1790476687.350675,-1790476687.350675,PREFLIGHT_REJECT,DYNAMICS_FAIL,False
u1e4,0,1790476745.612573,58.261897802352905,493,SIDE_MINUS,491,NOMINAL,False,False,False,False,False,,,0.11,0.12,,0.009999999999999995,-1790476687.350675,,0.0,0.0,0.0,1.0,0.75,0.1538008329432783,-1790476687.350675,-1790476687.350675,PREFLIGHT_REJECT,DYNAMICS_FAIL,False
u1e4,0,1790476745.757702,58.40702700614929,494,NOMINAL,494,NOMINAL,True,True,True,True,False,,,0.0,0.0,,0.0,60.54702687263489,,1.0,1.0,0.001998953764858,1.0,1.0,0.001998953764858,58.54702687263489,58.84932279586792,,,False
u1e4,0,1790476745.757702,58.40702700614929,495,SIDE_PLUS,494,NOMINAL,False,False,False,True,False,,,0.0,0.0,,0.0,60.54702687263489,OPPONENT_SIDE_PREFERENCE_HOLD,1.0,1.0,0.001998953772954,1.0,1.0,0.001998953764858,58.54702687263489,58.84932279586792,,,False
u1e4,0,1790476745.757702,58.40702700614929,496,SIDE_MINUS,494,NOMINAL,False,False,False,True,False,,,0.0,0.0,,0.0,60.54702687263489,OPPONENT_SIDE_PREFERENCE_HOLD,1.0,1.0,0.0019989537587132,1.0,1.0,0.001998953764858,58.54702687263489,58.84932279586792,,,False
u1e5,0,1790476748.68359,61.33291482925415,511,NOMINAL,511,NOMINAL,True,True,True,True,False,,,1.35,1.35,,0.0,63.47291469573975,,0.0,0.0,0.0,0.0,0.0,0.0,-1790476687.350675,-1790476687.350675,,,False
u1e5,0,1790476748.9801598,61.6294846534729,512,NOMINAL,512,NOMINAL,False,False,False,False,False,,,1.29,1.29,,0.0,-1790476687.350675,,0.0,0.0,0.0,0.0,0.0,0.0,-1790476687.350675,-1790476687.350675,HANDOFF_REJECT,MISSED_FROZEN_ACTIVATION,False
u1e5,0,1790476748.9801598,61.6294846534729,514,SIDE_PLUS,512,NOMINAL,False,False,False,False,False,,,1.26,1.29,,0.030000000000000027,-1790476687.350675,,0.0,0.0,0.0,0.0,0.0,0.0,-1790476687.350675,-1790476687.350675,HANDOFF_REJECT,MISSED_FROZEN_ACTIVATION,False
u1e5,0,1790476749.133487,61.782811880111694,515,NOMINAL,515,NOMINAL,False,False,False,False,False,,,1.29,1.29,,0.0,-1790476687.350675,,0.0,0.0,0.0,0.0,0.0,0.0,-1790476687.350675,-1790476687.350675,HANDOFF_REJECT,MISSED_FROZEN_ACTIVATION,False
u1e5,0,1790476749.133487,61.782811880111694,517,SIDE_PLUS,515,NOMINAL,False,False,False,False,False,,,1.27,1.29,,0.020000000000000018,-1790476687.350675,,0.0,0.0,0.0,0.0,0.0,0.0,-1790476687.350675,-1790476687.350675,HANDOFF_REJECT,MISSED_FROZEN_ACTIVATION,False
u1e5,0,1790476749.2707305,61.9200553894043,518,NOMINAL,518,NOMINAL,True,True,True,True,False,64.87791590690557,64.87791590690557,1.28,1.28,0.0,0.0,64.07791590690613,,1.0,1.0,0.0893733237590847,1.0,1.0,0.0893733237590847,63.44932317733765,63.57291460037232,,,False
u1e5,0,1790476749.2707305,61.9200553894043,520,SIDE_PLUS,518,NOMINAL,False,False,False,True,False,64.80791590690558,64.87791590690557,1.22,1.28,0.06999999999999318,0.06000000000000005,64.07791590690613,OPPONENT_D3_LOWER,1.0,1.0,0.1061290225037629,1.0,1.0,0.0893733237590847,63.44932317733765,63.57291460037232,,,True
u1e5,0,1790476749.543918,62.19324278831482,521,NOMINAL,523,SIDE_PLUS,False,False,False,True,False,64.92627318382212,64.92627318382212,1.26,1.22,0.0,-0.040000000000000036,64.34627318382263,,1.0,0.5,0.8285688607327689,1.0,0.5,0.6930985374778982,63.44932317733765,63.97291421890259,,,False
u1e5,0,1790476749.543918,62.19324278831482,523,SIDE_PLUS,523,SIDE_PLUS,True,True,True,True,False,64.92627318382212,64.92627318382212,1.22,1.22,0.0,0.0,64.34627318382263,D3_LOWER,1.0,0.5,0.6930985374778982,1.0,0.5,0.6930985374778982,63.44932317733765,63.97291421890259,,,False
u1e5,0,1790476749.811334,62.46065902709961,524,NOMINAL,526,SIDE_PLUS,False,False,False,True,False,64.94935235023452,64.94935235023452,1.24,1.2,0.0,-0.040000000000000036,64.60935235023499,,1.0,0.3,2.8566477302504367,1.0,0.3,2.6284974030812887,63.44932317733765,64.37291383743286,,,False
u1e5,0,1790476749.811334,62.46065902709961,525,SIDE_MINUS,526,SIDE_PLUS,False,False,False,True,False,64.95935235023452,64.94935235023452,1.24,1.2,-0.010000000000005116,-0.040000000000000036,64.60935235023499,OPPONENT_D3_LOWER,1.0,0.3,2.7730876454663704,1.0,0.3,2.6284974030812887,63.44932317733765,64.37291383743286,,,False
u1e5,0,1790476749.811334,62.46065902709961,526,SIDE_PLUS,526,SIDE_PLUS,True,True,True,True,False,64.94935235023452,64.94935235023452,1.2,1.2,0.0,0.0,64.60935235023499,D3_LOWER,1.0,0.3,2.6284974030812887,1.0,0.3,2.6284974030812887,63.44932317733765,64.37291383743286,,,False
u1e5,0,1790476750.0924213,62.74174618721008,527,NOMINAL,529,SIDE_PLUS,False,False,False,True,False,64.95792061805685,64.96792061805684,1.23,1.21,0.009999999999990905,-0.020000000000000018,64.88792061805725,,1.0,0.2307692307692307,4.218432203481759,1.0,0.2307692307692307,4.154867788696108,63.44932317733765,64.70935225486755,,,False
u1e5,0,1790476750.0924213,62.74174618721008,528,SIDE_MINUS,529,SIDE_PLUS,False,False,False,True,False,64.96792061805684,64.96792061805684,1.23,1.21,0.0,-0.020000000000000018,64.88792061805725,OPPONENT_D3_LOWER,1.0,0.2307692307692307,4.210292160269827,1.0,0.2307692307692307,4.154867788696108,63.44932317733765,64.70935225486755,,,False
u1e5,0,1790476750.0924213,62.74174618721008,529,SIDE_PLUS,529,SIDE_PLUS,True,True,True,True,False,64.96792061805684,64.96792061805684,1.21,1.21,0.0,0.0,64.88792061805725,D3_LOWER,1.0,0.2307692307692307,4.154867788696108,1.0,0.2307692307692307,4.154867788696108,63.44932317733765,64.70935225486755,,,False
u1e5,0,1790476750.3756592,63.02498412132263,530,NOMINAL,530,NOMINAL,True,True,True,True,False,64.93753602027857,64.93753602027857,1.19,1.19,0.0,0.0,65.16753602027893,,1.0,0.25,4.607888640809778,1.0,0.25,4.607888640809778,63.44932317733765,64.98792052268982,,,False
u1e5,0,1790476750.3756592,63.02498412132263,531,SIDE_MINUS,530,NOMINAL,False,False,False,True,False,64.94753602027858,64.93753602027857,1.2,1.19,-0.010000000000005116,-0.010000000000000009,65.16753602027893,OPPONENT_D3_LOWER,1.0,0.25,4.627329908777856,1.0,0.25,4.607888640809778,63.44932317733765,64.98792052268982,,,False
u1e5,0,1790476750.3756592,63.02498412132263,532,SIDE_PLUS,530,NOMINAL,False,False,False,True,False,64.93753602027857,64.93753602027857,1.19,1.19,0.0,0.0,65.16753602027893,OPPONENT_D3_LOWER,1.0,0.25,4.608182652229317,1.0,0.25,4.607888640809778,63.44932317733765,64.98792052268982,,,False
u1e5,0,1790476750.66322,63.31254482269287,533,NOMINAL,533,NOMINAL,True,True,True,True,True,64.94254468917816,64.94254468917816,1.2,1.2,0.0,0.0,65.45254468917847,,1.0,0.2,4.621989396932673,1.0,0.2,4.621989396932673,63.45254468917847,65.0493233203888,,,False
u1e5,0,1790476750.66322,63.31254482269287,534,SIDE_MINUS,533,NOMINAL,False,False,False,True,True,64.95254468917817,64.94254468917816,1.21,1.2,-0.010000000000005116,-0.010000000000000009,65.45254468917847,OPPONENT_D3_LOWER,1.0,0.2,4.667227620068565,1.0,0.2,4.621989396932673,63.45254468917847,65.0493233203888,,,False
u1e5,0,1790476750.66322,63.31254482269287,535,SIDE_PLUS,533,NOMINAL,False,False,False,True,False,,64.94254468917816,1.25,1.2,,-0.050000000000000044,65.45254468917847,OPPONENT_C3_HIGHER,1.0,0.1333333333333333,4.812112120342999,1.0,0.2,4.621989396932673,63.45254468917847,65.0493233203888,,,False
u1e5,0,1790476750.9677677,63.61709237098694,539,NOMINAL,539,NOMINAL,True,True,True,True,True,64.9470922374723,64.9470922374723,1.19,1.19,0.0,0.0,65.75709223747253,,1.0,0.0833333333333333,4.436405233694436,1.0,0.0833333333333333,4.436405233694436,63.75709223747253,65.04932355880737,,,False
u1e5,0,1790476750.9677677,63.61709237098694,540,SIDE_MINUS,539,NOMINAL,False,False,False,False,False,,64.9470922374723,1.13,1.19,,0.06000000000000005,-1790476687.350675,,0.0,0.0,0.0,1.0,0.0833333333333333,4.436405233694436,-1790476687.350675,-1790476687.350675,PREFLIGHT_REJECT,DYNAMICS_FAIL,False
u1e5,0,1790476750.9677677,63.61709237098694,541,SIDE_PLUS,539,NOMINAL,False,False,False,False,False,,64.9470922374723,1.2,1.19,,-0.010000000000000009,-1790476687.350675,,0.0,0.0,0.0,1.0,0.0833333333333333,4.436405233694436,-1790476687.350675,-1790476687.350675,PREFLIGHT_REJECT,DYNAMICS_FAIL,False
u1e5,0,1790476751.2157283,63.86505317687988,542,NOMINAL,542,NOMINAL,True,True,True,True,True,64.94505304336596,64.94505304336596,0.94,0.94,0.0,0.0,66.00505304336548,,1.0,0.1818181818181818,3.76281278771173,1.0,0.1818181818181818,3.76281278771173,64.00505304336548,65.04932403564453,,,False
u1e5,0,1790476751.2157283,63.86505317687988,543,SIDE_MINUS,542,NOMINAL,False,False,False,False,False,,64.94505304336596,0.84,0.94,,0.09999999999999998,-1790476687.350675,,0.0,0.0,0.0,1.0,0.1818181818181818,3.76281278771173,-1790476687.350675,-1790476687.350675,PREFLIGHT_REJECT,DYNAMICS_FAIL,False
u1e5,0,1790476751.2157283,63.86505317687988,544,SIDE_PLUS,542,NOMINAL,False,False,False,False,False,,64.94505304336596,1.23,0.94,,-0.29000000000000004,-1790476687.350675,,0.0,0.0,0.0,1.0,0.1818181818181818,3.76281278771173,-1790476687.350675,-1790476687.350675,PREFLIGHT_REJECT,DYNAMICS_FAIL,False
u1e5,0,1790476751.4918952,64.14122009277344,545,NOMINAL,545,NOMINAL,True,True,True,True,True,64.95121995925938,64.95121995925938,0.67,0.67,0.0,0.0,66.28121995925903,,1.0,0.25,2.252346260219198,1.0,0.25,2.252346260219198,64.28121995925903,65.04932427406311,,,False
u1e5,0,1790476751.4918952,64.14122009277344,546,SIDE_MINUS,545,NOMINAL,False,False,False,False,False,,64.95121995925938,0.42,0.67,,0.25000000000000006,-1790476687.350675,,0.0,0.0,0.0,1.0,0.25,2.252346260219198,-1790476687.350675,-1790476687.350675,PREFLIGHT_REJECT,DYNAMICS_FAIL,False
u1e5,0,1790476751.4918952,64.14122009277344,547,SIDE_PLUS,545,NOMINAL,False,False,False,False,False,,64.95121995925938,0.99,0.67,,-0.31999999999999995,-1790476687.350675,,0.0,0.0,0.0,1.0,0.25,2.252346260219198,-1790476687.350675,-1790476687.350675,PREFLIGHT_REJECT,DYNAMICS_FAIL,False
u1e5,0,1790476751.767213,64.41653823852539,548,NOMINAL,548,NOMINAL,True,True,True,True,True,64.94653810501119,64.94653810501119,0.39,0.39,0.0,0.0,66.55653810501099,,1.0,0.4,0.7878737677005603,1.0,0.4,0.7878737677005603,64.55653810501099,65.04932451248169,,,False
u1e5,0,1790476751.767213,64.41653823852539,549,SIDE_MINUS,548,NOMINAL,False,False,False,False,False,64.81653810501112,64.94653810501119,0.26,0.39,0.1300000000000665,0.13,-1790476687.350675,,0.0,0.0,0.0,1.0,0.4,0.7878737677005603,-1790476687.350675,-1790476687.350675,PREFLIGHT_REJECT,DYNAMICS_FAIL,True
u1e5,0,1790476751.767213,64.41653823852539,550,SIDE_PLUS,548,NOMINAL,False,False,False,False,False,,64.94653810501119,0.72,0.39,,-0.32999999999999996,-1790476687.350675,,0.0,0.0,0.0,1.0,0.4,0.7878737677005603,-1790476687.350675,-1790476687.350675,PREFLIGHT_REJECT,DYNAMICS_FAIL,False
u1e5,0,1790476752.028324,64.67764902114868,551,NOMINAL,551,NOMINAL,True,True,True,True,True,64.94764888763434,64.94764888763434,0.13,0.13,0.0,0.0,66.81764888763428,,1.0,0.6666666666666666,0.1573739775241549,1.0,0.6666666666666666,0.1573739775241549,64.81764888763428,65.04932475090027,,,False
u1e5,0,1790476752.028324,64.67764902114868,552,SIDE_MINUS,551,NOMINAL,False,False,False,True,True,64.94764888763434,64.94764888763434,0.13,0.13,0.0,0.0,66.81764888763428,OPPONENT_D3_LOWER,1.0,0.6666666666666666,0.1573922992930576,1.0,0.6666666666666666,0.1573739775241549,64.81764888763428,65.04932475090027,,,False
u1e5,0,1790476752.028324,64.67764902114868,553,SIDE_PLUS,551,NOMINAL,False,False,False,False,False,,64.94764888763434,0.2,0.13,,-0.07,-1790476687.350675,,0.0,0.0,0.0,1.0,0.6666666666666666,0.1573739775241549,-1790476687.350675,-1790476687.350675,PREFLIGHT_REJECT,DYNAMICS_FAIL,False
u1e5,0,1790476752.3115666,64.96089148521423,554,NOMINAL,554,NOMINAL,True,True,True,True,False,,,0.0,0.0,,0.0,67.10089135169983,,0.0,0.0,0.0,0.0,0.0,0.0,-1790476687.350675,-1790476687.350675,,,False
u2e1,1,1790476758.3186274,70.96795225143433,368,SIDE_MINUS,368,SIDE_MINUS,True,True,True,True,False,,,1.21,1.21,,0.0,73.10795211791992,,0.0,0.0,0.0,0.0,0.0,0.0,-1790476687.350675,-1790476687.350675,,,False
u2e1,1,1790476758.3186274,70.96795225143433,369,SIDE_PLUS,368,SIDE_MINUS,False,False,False,True,False,,,1.33,1.21,,-0.1200000000000001,73.10795211791992,,0.0,0.0,0.0,0.0,0.0,0.0,-1790476687.350675,-1790476687.350675,,,False
u2e1,1,1790476758.645551,71.29487586021423,373,NOMINAL,373,NOMINAL,True,True,True,True,False,,,0.94,0.94,,0.0,73.43487572669983,,0.0,0.0,0.0,0.0,0.0,0.0,-1790476687.350675,-1790476687.350675,,,False
u2e1,1,1790476758.645551,71.29487586021423,374,SIDE_MINUS,373,NOMINAL,False,False,False,True,False,,,0.91,0.94,,0.029999999999999916,73.43487572669983,,0.0,0.0,0.0,0.0,0.0,0.0,-1790476687.350675,-1790476687.350675,,,False
u2e1,1,1790476758.9052224,71.55454730987549,376,NOMINAL,376,NOMINAL,True,True,True,True,False,,,0.99,0.99,,0.0,73.69454717636108,,0.0,0.0,0.0,0.0,0.0,0.0,-1790476687.350675,-1790476687.350675,,,False
u2e1,1,1790476759.1958835,71.84520840644836,382,NOMINAL,382,NOMINAL,True,True,True,True,False,,,0.99,0.99,,0.0,73.98520827293396,,0.0,0.0,0.0,0.0,0.0,0.0,-1790476687.350675,-1790476687.350675,,,False
u2e1,1,1790476759.4784572,72.12778210639954,389,SIDE_MINUS,389,SIDE_MINUS,True,True,True,True,False,,,1.0,1.0,,0.0,74.26778197288513,,0.6666666666666666,0.0,0.2196871909006168,0.6666666666666666,0.0,0.2196871909006168,73.84932327270508,74.08520817756653,,,False
u2e1,1,1790476759.7481563,72.39748120307922,393,SIDE_PLUS,393,SIDE_PLUS,True,True,True,True,False,,,0.87,0.87,,0.0,74.53748106956482,,0.8333333333333333,0.1666666666666666,0.1398268295783692,0.8333333333333333,0.1666666666666666,0.1398268295783692,73.84932327270508,74.3677818775177,,,False
u2e1,1,1790476760.6944067,73.34373164176941,406,NOMINAL,406,NOMINAL,False,False,False,False,False,,,0.62,0.62,,0.0,-1790476687.350675,,0.0,0.0,0.0,0.0,0.0,0.0,-1790476687.350675,-1790476687.350675,PREFLIGHT_REJECT,static map t=0.333333 occupancy=1 pos=30.8224 1.49941 1.42323,False
u2e1,1,1790476760.7059093,73.35523414611816,409,NOMINAL,409,NOMINAL,False,False,False,False,False,,,0.61,0.61,,0.0,-1790476687.350675,,0.0,0.0,0.0,0.0,0.0,0.0,-1790476687.350675,-1790476687.350675,PREFLIGHT_REJECT,static map t=0.3 occupancy=1 pos=30.8069 1.49648 1.42215,False
u2e1,1,1790476760.714228,73.3635528087616,412,NOMINAL,412,NOMINAL,False,False,False,False,False,,,0.6,0.6,,0.0,-1790476687.350675,,0.0,0.0,0.0,0.0,0.0,0.0,-1790476687.350675,-1790476687.350675,PREFLIGHT_REJECT,static map t=0.3 occupancy=1 pos=30.8154 1.50246 1.42256,False
u2e1,1,1790476760.7227242,73.37204909324646,415,NOMINAL,415,NOMINAL,False,False,False,False,False,,,0.6,0.6,,0.0,-1790476687.350675,,0.0,0.0,0.0,0.0,0.0,0.0,-1790476687.350675,-1790476687.350675,PREFLIGHT_REJECT,static map t=0.3 occupancy=1 pos=30.8119  1.5139 1.42249,False
u2e1,1,1790476760.738322,73.38764691352844,418,NOMINAL,418,NOMINAL,False,False,False,False,False,,,0.6,0.6,,0.0,-1790476687.350675,,0.0,0.0,0.0,0.0,0.0,0.0,-1790476687.350675,-1790476687.350675,PREFLIGHT_REJECT,static map t=0.3 occupancy=1 pos=30.8119  1.5139 1.42249,False
u2e1,1,1790476760.752674,73.40199899673462,421,NOMINAL,421,NOMINAL,False,False,False,False,False,,,0.5700000000000001,0.5700000000000001,,0.0,-1790476687.350675,,0.0,0.0,0.0,0.0,0.0,0.0,-1790476687.350675,-1790476687.350675,PREFLIGHT_REJECT,static map t=0.266667 occupancy=1 pos=30.8168  1.5234 1.42274,False
u2e1,1,1790476760.7682142,73.41753911972046,424,NOMINAL,424,NOMINAL,False,False,False,False,False,,,0.55,0.55,,0.0,-1790476687.350675,,0.0,0.0,0.0,0.0,0.0,0.0,-1790476687.350675,-1790476687.350675,PREFLIGHT_REJECT,static map t=0.233333 occupancy=1 pos=30.8058 1.51674 1.42188,False
u2e1,1,1790476760.7825477,73.43187260627747,427,NOMINAL,427,NOMINAL,False,False,False,False,False,,,0.54,0.54,,0.0,-1790476687.350675,,0.0,0.0,0.0,0.0,0.0,0.0,-1790476687.350675,-1790476687.350675,PREFLIGHT_REJECT,static map t=0.233333 occupancy=1 pos=30.8202 1.52712 1.42257,False
u2e1,1,1790476760.795827,73.44515180587769,430,NOMINAL,430,NOMINAL,False,False,False,False,False,,,0.52,0.52,,0.0,-1790476687.350675,,0.0,0.0,0.0,0.0,0.0,0.0,-1790476687.350675,-1790476687.350675,PREFLIGHT_REJECT,static map t=0.2 occupancy=1 pos=30.8045 1.51456 1.42162,False
u2e1,1,1790476760.8123107,73.46163558959961,433,NOMINAL,433,NOMINAL,False,False,False,False,False,,,0.51,0.51,,0.0,-1790476687.350675,,0.0,0.0,0.0,0.0,0.0,0.0,-1790476687.350675,-1790476687.350675,PREFLIGHT_REJECT,static map t=0.2 occupancy=1 pos=30.8212 1.52993 1.42238,False
u2e1,1,1790476760.834611,73.4839358329773,436,NOMINAL,436,NOMINAL,False,False,False,False,False,,,0.48,0.48,,0.0,-1790476687.350675,,0.0,0.0,0.0,0.0,0.0,0.0,-1790476687.350675,-1790476687.350675,PREFLIGHT_REJECT,static map t=0.166667 occupancy=1 pos= 30.812 1.52583 1.42192,False
u2e1,1,1790476760.8643155,73.51364040374756,439,NOMINAL,439,NOMINAL,False,False,False,False,False,,,0.45,0.45,,0.0,-1790476687.350675,,0.0,0.0,0.0,0.0,0.0,0.0,-1790476687.350675,-1790476687.350675,PREFLIGHT_REJECT,static map t=0.133333 occupancy=1 pos=30.8123 1.52459 1.42172,False
u2e1,1,1790476760.9002018,73.54952669143677,442,NOMINAL,442,NOMINAL,False,False,False,False,False,,,0.45,0.45,,0.0,-1790476687.350675,,0.0,0.0,0.0,0.0,0.0,0.0,-1790476687.350675,-1790476687.350675,HANDOFF_REJECT,MISSED_FROZEN_ACTIVATION,False
u2e1,1,1790476760.917015,73.56633996963501,445,NOMINAL,445,NOMINAL,False,False,False,False,False,,,0.44,0.44,,0.0,-1790476687.350675,,0.0,0.0,0.0,0.0,0.0,0.0,-1790476687.350675,-1790476687.350675,HANDOFF_REJECT,MISSED_FROZEN_ACTIVATION,False
u2e1,1,1790476760.9493482,73.59867310523987,448,NOMINAL,448,NOMINAL,False,False,False,False,False,,,0.41,0.41,,0.0,-1790476687.350675,,0.0,0.0,0.0,0.0,0.0,0.0,-1790476687.350675,-1790476687.350675,HANDOFF_REJECT,MISSED_FROZEN_ACTIVATION,False
u2e1,1,1790476760.9545069,73.60383176803589,451,NOMINAL,451,NOMINAL,False,False,False,False,False,,,0.4,0.4,,0.0,-1790476687.350675,,0.0,0.0,0.0,0.0,0.0,0.0,-1790476687.350675,-1790476687.350675,HANDOFF_REJECT,MISSED_FROZEN_ACTIVATION,False
u2e1,1,1790476760.958301,73.60762596130371,454,NOMINAL,454,NOMINAL,False,False,False,False,False,,,0.4,0.4,,0.0,-1790476687.350675,,0.0,0.0,0.0,0.0,0.0,0.0,-1790476687.350675,-1790476687.350675,HANDOFF_REJECT,MISSED_FROZEN_ACTIVATION,False
u2e1,1,1790476760.9616966,73.61102151870728,457,NOMINAL,457,NOMINAL,False,False,False,False,False,,,0.4,0.4,,0.0,-1790476687.350675,,0.0,0.0,0.0,0.0,0.0,0.0,-1790476687.350675,-1790476687.350675,HANDOFF_REJECT,MISSED_FROZEN_ACTIVATION,False
u2e1,1,1790476760.9654665,73.61479115486145,460,NOMINAL,460,NOMINAL,False,False,False,False,False,,,0.39,0.39,,0.0,-1790476687.350675,,0.0,0.0,0.0,0.0,0.0,0.0,-1790476687.350675,-1790476687.350675,HANDOFF_REJECT,MISSED_FROZEN_ACTIVATION,False
u2e1,1,1790476760.968363,73.61768794059753,463,NOMINAL,463,NOMINAL,False,False,False,False,False,,,0.39,0.39,,0.0,-1790476687.350675,,0.0,0.0,0.0,0.0,0.0,0.0,-1790476687.350675,-1790476687.350675,HANDOFF_REJECT,MISSED_FROZEN_ACTIVATION,False
u2e1,1,1790476760.971859,73.6211838722229,466,NOMINAL,466,NOMINAL,False,False,False,False,False,73.94118377685558,73.94118377685558,0.39,0.39,0.0,0.0,-1790476687.350675,,0.0,0.0,0.0,0.0,0.0,0.0,-1790476687.350675,-1790476687.350675,HANDOFF_REJECT,MISSED_FROZEN_ACTIVATION,False
u2e1,1,1790476760.9753897,73.62471437454224,469,NOMINAL,469,NOMINAL,False,False,False,False,False,73.94471427917492,73.94471427917492,0.38,0.38,0.0,0.0,-1790476687.350675,,0.0,0.0,0.0,0.0,0.0,0.0,-1790476687.350675,-1790476687.350675,HANDOFF_REJECT,MISSED_FROZEN_ACTIVATION,False
u2e1,1,1790476760.9762986,73.62562346458435,470,NOMINAL,470,NOMINAL,False,False,False,False,False,73.94562336921703,73.94562336921703,0.38,0.38,0.0,0.0,-1790476687.350675,,0.0,0.0,0.0,0.0,0.0,0.0,-1790476687.350675,-1790476687.350675,HANDOFF_REJECT,MISSED_FROZEN_ACTIVATION,False
u2e1,1,1790476760.977173,73.62649822235107,471,NOMINAL,471,NOMINAL,False,False,False,False,False,,,0.38,0.38,,0.0,-1790476687.350675,,0.0,0.0,0.0,0.0,0.0,0.0,-1790476687.350675,-1790476687.350675,HANDOFF_REJECT,MISSED_FROZEN_ACTIVATION,False
u2e1,1,1790476760.986838,73.63616275787354,472,NOMINAL,472,NOMINAL,False,False,False,False,False,73.94616266250621,73.94616266250621,0.37,0.37,0.0,0.0,-1790476687.350675,,0.0,0.0,0.0,0.0,0.0,0.0,-1790476687.350675,-1790476687.350675,HANDOFF_REJECT,MISSED_FROZEN_ACTIVATION,False
u2e1,1,1790476760.9884946,73.63781952857971,473,NOMINAL,473,NOMINAL,False,False,False,False,False,,,0.37,0.37,,0.0,-1790476687.350675,,0.0,0.0,0.0,0.0,0.0,0.0,-1790476687.350675,-1790476687.350675,HANDOFF_REJECT,MISSED_FROZEN_ACTIVATION,False
u2e1,1,1790476760.9944763,73.64380121231079,474,NOMINAL,474,NOMINAL,False,False,False,False,False,73.94380111694346,73.94380111694346,0.36,0.36,0.0,0.0,-1790476687.350675,,0.0,0.0,0.0,0.0,0.0,0.0,-1790476687.350675,-1790476687.350675,HANDOFF_REJECT,MISSED_FROZEN_ACTIVATION,False
u2e1,1,1790476761.1640997,73.81342458724976,487,NOMINAL,487,NOMINAL,True,True,True,True,False,,,0.14,0.14,,0.0,75.96312284469604,,0.0,0.0,0.0,0.0,0.0,0.0,-1790476687.350675,-1790476687.350675,,,False
u3e1,2,1790476720.475147,33.12447190284729,137,NOMINAL,137,NOMINAL,False,False,False,False,False,36.112654285430345,36.112654285430345,1.19,1.19,0.0,0.0,-1790476687.350675,,0.0,0.0,0.0,0.0,0.0,0.0,-1790476687.350675,-1790476687.350675,HANDOFF_REJECT,MISSED_FROZEN_ACTIVATION,False
u3e1,2,1790476720.475147,33.12447190284729,138,SIDE_MINUS,137,NOMINAL,False,False,False,False,False,35.89265428543039,36.112654285430345,1.02,1.19,0.21999999999995623,0.16999999999999993,-1790476687.350675,,0.0,0.0,0.0,0.0,0.0,0.0,-1790476687.350675,-1790476687.350675,HANDOFF_REJECT,MISSED_FROZEN_ACTIVATION,False
u3e1,2,1790476720.7585616,33.40788650512695,140,NOMINAL,142,SIDE_PLUS,False,False,False,True,False,35.89752512931778,36.11752512931773,1.03,1.19,0.21999999999994913,0.15999999999999992,35.58752512931824,,0.0,0.0,0.0,0.0,0.0,0.0,-1790476687.350675,-1790476687.350675,,,True
u3e1,2,1790476720.7585616,33.40788650512695,141,SIDE_MINUS,142,SIDE_PLUS,False,False,False,True,False,35.88752512931778,36.11752512931773,1.01,1.19,0.22999999999994714,0.17999999999999994,35.58752512931824,,0.0,0.0,0.0,0.0,0.0,0.0,-1790476687.350675,-1790476687.350675,,,True
u3e1,2,1790476720.7585616,33.40788650512695,142,SIDE_PLUS,142,SIDE_PLUS,True,True,True,True,False,36.11752512931773,36.11752512931773,1.19,1.19,0.0,0.0,35.58752512931824,,0.0,0.0,0.0,0.0,0.0,0.0,-1790476687.350675,-1790476687.350675,,,False
u3e1,2,1790476721.0141644,33.66348934173584,143,NOMINAL,144,SIDE_MINUS,False,False,False,True,False,35.991448545455505,36.39144854545543,1.01,1.12,0.3999999999999275,0.1100000000000001,35.84144854545593,,1.0,0.2222222222222222,3.2396534078157084,1.0,0.5555555555555556,1.0360934164166542,34.849323987960815,35.687525033950806,,,True
u3e1,2,1790476721.0141644,33.66348934173584,144,SIDE_MINUS,144,SIDE_MINUS,True,True,True,True,False,36.39144854545543,36.39144854545543,1.12,1.12,0.0,0.0,35.84144854545593,C3_HIGHER,1.0,0.5555555555555556,1.0360934164166542,1.0,0.5555555555555556,1.0360934164166542,34.849323987960815,35.687525033950806,,,False
u3e1,2,1790476721.0141644,33.66348934173584,145,SIDE_PLUS,144,SIDE_MINUS,False,False,False,False,False,35.67144854545557,36.39144854545543,0.86,1.12,0.7199999999998639,0.2600000000000001,-1790476687.350675,,0.0,0.0,0.0,1.0,0.5555555555555556,1.0360934164166542,-1790476687.350675,-1790476687.350675,PREFLIGHT_REJECT,static map t=1.16667 occupancy=1 pos=-1.43182  2.39834  1.49974,True
u3e1,2,1790476721.3048646,33.95418953895569,146,NOMINAL,147,SIDE_MINUS,False,False,False,True,False,36.08707686424216,36.337076864242114,1.06,0.87,0.24999999999995737,-0.19000000000000006,36.12707686424256,,1.0,0.1818181818181818,3.804623163057133,1.0,0.6363636363636364,1.4231867192600478,34.849323987960815,35.9414484500885,,,False
u3e1,2,1790476721.3048646,33.95418953895569,147,SIDE_MINUS,147,SIDE_MINUS,True,True,True,True,False,36.337076864242114,36.337076864242114,0.87,0.87,0.0,0.0,36.12707686424256,C3_HIGHER,1.0,0.6363636363636364,1.4231867192600478,1.0,0.6363636363636364,1.4231867192600478,34.849323987960815,35.9414484500885,,,False
u3e1,2,1790476721.3048646,33.95418953895569,148,SIDE_PLUS,147,SIDE_MINUS,False,False,False,True,True,35.76707686424223,36.337076864242114,0.86,0.87,0.5699999999998866,0.010000000000000009,36.12707686424256,D3_LOWER,1.0,0.1818181818181818,3.475126866161565,1.0,0.6363636363636364,1.4231867192600478,34.849323987960815,35.9414484500885,,,False
u3e1,2,1790476721.8433244,34.49264931678772,149,NOMINAL,150,SIDE_MINUS,False,False,False,True,False,36.37946269035305,36.359462690353055,1.0,0.98,-0.01999999999999602,-0.020000000000000018,36.659462690353394,,1.0,0.4285714285714285,3.4833007534798863,1.0,0.4285714285714285,3.469581063049469,34.849323987960815,36.22707676887512,,,False
u3e1,2,1790476721.8433244,34.49264931678772,150,SIDE_MINUS,150,SIDE_MINUS,True,True,True,True,True,36.359462690353055,36.359462690353055,0.98,0.98,0.0,0.0,36.659462690353394,D3_LOWER,1.0,0.4285714285714285,3.469581063049469,1.0,0.4285714285714285,3.469581063049469,34.849323987960815,36.22707676887512,,,False
u3e1,2,1790476721.8433244,34.49264931678772,151,SIDE_PLUS,150,SIDE_MINUS,False,False,False,True,True,36.09946269035311,36.359462690353055,0.81,0.98,0.2599999999999483,0.16999999999999993,36.659462690353394,OPPONENT_C3_HIGHER,1.0,0.3571428571428571,3.277265400165829,1.0,0.4285714285714285,3.469581063049469,34.849323987960815,36.22707676887512,,,True
u3e1,2,1790476722.122595,34.77191996574402,152,NOMINAL,154,SIDE_PLUS,False,False,False,True,True,36.36383169174166,36.32383169174167,0.98,0.92,-0.03999999999999204,-0.05999999999999994,36.93383169174194,,1.0,0.375,3.959033781468803,1.0,0.375,3.6667737030830088,34.93383169174194,36.5493233203888,,,False
u3e1,2,1790476722.122595,34.77191996574402,153,SIDE_MINUS,154,SIDE_PLUS,False,False,False,True,True,36.35383169174166,36.32383169174167,0.97,0.92,-0.02999999999999403,-0.04999999999999993,36.93383169174194,OPPONENT_D3_LOWER,1.0,0.375,3.898902449712117,1.0,0.375,3.6667737030830088,34.93383169174194,36.5493233203888,,,False
u3e1,2,1790476722.122595,34.77191996574402,154,SIDE_PLUS,154,SIDE_PLUS,True,True,True,True,True,36.32383169174167,36.32383169174167,0.92,0.92,0.0,0.0,36.93383169174194,D3_LOWER,1.0,0.375,3.6667737030830088,1.0,0.375,3.6667737030830088,34.93383169174194,36.5493233203888,,,False
u3e1,2,1790476722.4120874,35.06141233444214,156,SIDE_MINUS,157,SIDE_PLUS,False,False,False,True,False,,36.3786081409452,1.04,0.98,,-0.06000000000000005,37.21860814094544,OPPONENT_D3_LOWER,1.0,0.2307692307692307,3.995877515167082,1.0,0.2307692307692307,3.7486083429373407,35.218608140945435,36.5493233203888,,,False
u3e1,2,1790476722.4120874,35.06141233444214,157,SIDE_PLUS,157,SIDE_PLUS,True,True,True,True,True,36.3786081409452,36.3786081409452,0.98,0.98,0.0,0.0,37.21860814094544,,1.0,0.2307692307692307,3.7486083429373407,1.0,0.2307692307692307,3.7486083429373407,35.218608140945435,36.5493233203888,,,False
u3e1,2,1790476722.664488,35.31381297111511,158,NOMINAL,158,NOMINAL,True,True,True,True,True,36.36793866157514,36.36793866157514,0.9,0.9,0.0,0.0,37.46793866157532,,1.0,0.1,3.4472977936666265,1.0,0.1,3.4472977936666265,35.46793866157532,36.54932379722595,,,False
u3e1,2,1790476722.664488,35.31381297111511,159,SIDE_MINUS,158,NOMINAL,False,False,False,False,False,,36.36793866157514,0.55,0.9,,0.35,-1790476687.350675,,0.0,0.0,0.0,1.0,0.1,3.4472977936666265,-1790476687.350675,-1790476687.350675,PREFLIGHT_REJECT,DYNAMICS_FAIL,False
u3e1,2,1790476722.664488,35.31381297111511,160,SIDE_PLUS,158,NOMINAL,False,False,False,False,False,,36.36793866157514,1.14,0.9,,-0.23999999999999988,-1790476687.350675,,0.0,0.0,0.0,1.0,0.1,3.4472977936666265,-1790476687.350675,-1790476687.350675,PREFLIGHT_REJECT,DYNAMICS_FAIL,False
u3e1,2,1790476722.9422064,35.59153127670288,161,NOMINAL,161,NOMINAL,True,True,True,True,True,36.38250936508166,36.38250936508166,0.64,0.64,0.0,0.0,37.74250936508179,,1.0,0.125,2.5576044108621607,1.0,0.125,2.5576044108621607,35.74250936508179,36.54932403564453,,,False
u3e1,2,1790476722.9422064,35.59153127670288,162,SIDE_MINUS,161,NOMINAL,False,False,False,False,False,,36.38250936508166,0.63,0.64,,0.010000000000000009,-1790476687.350675,,0.0,0.0,0.0,1.0,0.125,2.5576044108621607,-1790476687.350675,-1790476687.350675,PREFLIGHT_REJECT,DYNAMICS_FAIL,False
u3e1,2,1790476722.9422064,35.59153127670288,163,SIDE_PLUS,161,NOMINAL,False,False,False,False,False,,36.38250936508166,0.66,0.64,,-0.020000000000000018,-1790476687.350675,,0.0,0.0,0.0,1.0,0.125,2.5576044108621607,-1790476687.350675,-1790476687.350675,PREFLIGHT_REJECT,DYNAMICS_FAIL,False
u3e1,2,1790476723.232949,35.88227391242981,164,NOMINAL,164,NOMINAL,True,True,True,True,True,36.38080368041985,36.38080368041985,0.35,0.35,0.0,0.0,38.03080368041992,,1.0,0.3333333333333333,0.8327005487307751,1.0,0.3333333333333333,0.8327005487307751,36.03080368041992,36.54932451248169,,,False
u3e1,2,1790476723.232949,35.88227391242981,165,SIDE_MINUS,164,NOMINAL,False,False,False,False,False,,36.38080368041985,0.59,0.35,,-0.24,-1790476687.350675,,0.0,0.0,0.0,1.0,0.3333333333333333,0.8327005487307751,-1790476687.350675,-1790476687.350675,PREFLIGHT_REJECT,DYNAMICS_FAIL,False
u3e1,2,1790476723.232949,35.88227391242981,166,SIDE_PLUS,164,NOMINAL,False,False,False,False,False,,36.38080368041985,0.3,0.35,,0.04999999999999999,-1790476687.350675,,0.0,0.0,0.0,1.0,0.3333333333333333,0.8327005487307751,-1790476687.350675,-1790476687.350675,PREFLIGHT_REJECT,DYNAMICS_FAIL,False
u3e1,2,1790476723.4969814,36.14630627632141,167,NOMINAL,169,SIDE_PLUS,False,False,False,True,True,36.38279756546019,36.38279756546019,0.09,0.09,0.0,0.0,38.292797565460205,,1.0,0.6666666666666666,0.0700962117259908,1.0,0.6666666666666666,0.0700956160664046,36.292797565460205,36.54932475090027,,,False
u3e1,2,1790476723.4969814,36.14630627632141,168,SIDE_MINUS,169,SIDE_PLUS,False,False,False,False,False,,36.38279756546019,0.41,0.09,,-0.31999999999999995,-1790476687.350675,,0.0,0.0,0.0,1.0,0.6666666666666666,0.0700956160664046,-1790476687.350675,-1790476687.350675,PREFLIGHT_REJECT,DYNAMICS_FAIL,False
u3e1,2,1790476723.4969814,36.14630627632141,169,SIDE_PLUS,169,SIDE_PLUS,True,True,True,True,True,36.38279756546019,36.38279756546019,0.09,0.09,0.0,0.0,38.292797565460205,D3_LOWER,1.0,0.6666666666666666,0.0700956160664046,1.0,0.6666666666666666,0.0700956160664046,36.292797565460205,36.54932475090027,,,False
u3e2,2,1790476755.1824946,67.83181953430176,330,SIDE_MINUS,330,SIDE_MINUS,True,True,True,True,False,,,1.26,1.26,,0.0,69.97181940078735,,0.0,0.0,0.0,0.0,0.0,0.0,-1790476687.350675,-1790476687.350675,,,False
u3e2,2,1790476755.1824946,67.83181953430176,331,SIDE_PLUS,330,SIDE_MINUS,False,False,False,True,False,,,1.33,1.26,,-0.07000000000000006,69.97181940078735,,0.0,0.0,0.0,0.0,0.0,0.0,-1790476687.350675,-1790476687.350675,,,False
u3e2,2,1790476755.5557144,68.2050392627716,342,SIDE_MINUS,342,SIDE_MINUS,True,True,True,True,False,,,1.23,1.23,,0.0,70.3450391292572,,0.0,0.0,0.0,0.0,0.0,0.0,-1790476687.350675,-1790476687.350675,,,False
u3e2,2,1790476755.7555754,68.4049003124237,348,SIDE_MINUS,348,SIDE_MINUS,True,True,True,True,False,,,1.39,1.39,,0.0,70.5449001789093,,0.0,0.0,0.0,0.0,0.0,0.0,-1790476687.350675,-1790476687.350675,,,False
u3e2,2,1790476756.009614,68.65893888473511,351,SIDE_MINUS,351,SIDE_MINUS,True,True,True,True,False,,,0.93,0.93,,0.0,70.7989387512207,C3_HIGHER,1.0,1.0,0.0,1.0,1.0,0.0,70.44932341575623,70.64490008354187,,,False
u3e2,2,1790476756.009614,68.65893888473511,352,SIDE_PLUS,351,SIDE_MINUS,False,False,False,True,False,,,1.74,0.93,,-0.8099999999999999,70.7989387512207,,1.0,0.0,0.3291526638486322,1.0,1.0,0.0,70.44932341575623,70.64490008354187,,,False
u3e2,2,1790476756.4231205,69.07244515419006,357,SIDE_MINUS,358,SIDE_PLUS,False,False,False,False,False,,,1.2,1.55,,0.3500000000000001,-1790476687.350675,,0.0,0.0,0.0,1.0,0.0,0.8016133131655019,-1790476687.350675,-1790476687.350675,PREFLIGHT_REJECT,DYNAMICS_FAIL,False
u3e2,2,1790476756.4231205,69.07244515419006,358,SIDE_PLUS,358,SIDE_PLUS,True,True,True,True,False,,,1.55,1.55,,0.0,71.21909475326538,,1.0,0.0,0.8016133131655019,1.0,0.0,0.8016133131655019,70.44932341575623,70.89893865585327,,,False
u3e2,2,1790476756.5923102,69.24163508415222,359,NOMINAL,359,NOMINAL,False,False,False,False,False,,,1.42,1.42,,0.0,-1790476687.350675,,0.0,0.0,0.0,0.0,0.0,0.0,-1790476687.350675,-1790476687.350675,HANDOFF_REJECT,MISSED_FROZEN_ACTIVATION,False
u3e2,2,1790476756.5923102,69.24163508415222,360,SIDE_MINUS,359,NOMINAL,False,False,False,False,False,,,0.86,1.42,,0.5599999999999999,-1790476687.350675,,0.0,0.0,0.0,0.0,0.0,0.0,-1790476687.350675,-1790476687.350675,HANDOFF_REJECT,MISSED_FROZEN_ACTIVATION,False
u3e2,2,1790476756.815899,69.46522355079651,365,NOMINAL,365,NOMINAL,False,False,False,False,False,,,1.26,1.26,,0.0,-1790476687.350675,,0.0,0.0,0.0,0.0,0.0,0.0,-1790476687.350675,-1790476687.350675,HANDOFF_REJECT,MISSED_FROZEN_ACTIVATION,False
u3e2,2,1790476756.815899,69.46522355079651,366,SIDE_MINUS,365,NOMINAL,False,False,False,False,False,71.39209010124297,,0.74,1.26,,0.52,-1790476687.350675,,0.0,0.0,0.0,0.0,0.0,0.0,-1790476687.350675,-1790476687.350675,HANDOFF_REJECT,MISSED_FROZEN_ACTIVATION,False
u3e2,2,1790476756.947714,69.5970389842987,368,NOMINAL,368,NOMINAL,False,False,False,False,False,71.39029467582786,71.39029467582786,1.2,1.2,0.0,0.0,-1790476687.350675,,0.0,0.0,0.0,0.0,0.0,0.0,-1790476687.350675,-1790476687.350675,HANDOFF_REJECT,MISSED_FROZEN_ACTIVATION,False
u3e2,2,1790476756.947714,69.5970389842987,369,SIDE_MINUS,368,NOMINAL,False,False,False,False,False,71.32029467582782,71.39029467582786,0.72,1.2,0.07000000000003581,0.48,-1790476687.350675,,0.0,0.0,0.0,0.0,0.0,0.0,-1790476687.350675,-1790476687.350675,HANDOFF_REJECT,MISSED_FROZEN_ACTIVATION,False
u3e2,2,1790476757.0574253,69.70675015449524,371,NOMINAL,371,NOMINAL,False,False,False,False,False,71.35464165687637,71.35464165687637,1.17,1.17,0.0,0.0,-1790476687.350675,,0.0,0.0,0.0,0.0,0.0,0.0,-1790476687.350675,-1790476687.350675,HANDOFF_REJECT,MISSED_FROZEN_ACTIVATION,False
u3e2,2,1790476757.0574253,69.70675015449524,372,SIDE_MINUS,371,NOMINAL,False,False,False,False,False,71.28464165687633,71.35464165687637,0.87,1.17,0.07000000000003581,0.29999999999999993,-1790476687.350675,,0.0,0.0,0.0,0.0,0.0,0.0,-1790476687.350675,-1790476687.350675,HANDOFF_REJECT,MISSED_FROZEN_ACTIVATION,False
u3e2,2,1790476757.1672275,69.81655263900757,374,NOMINAL,374,NOMINAL,False,False,False,False,False,71.33863196373055,71.33863196373055,1.15,1.15,0.0,0.0,-1790476687.350675,,0.0,0.0,0.0,0.0,0.0,0.0,-1790476687.350675,-1790476687.350675,HANDOFF_REJECT,MISSED_FROZEN_ACTIVATION,False
u3e2,2,1790476757.1672275,69.81655263900757,375,SIDE_MINUS,374,NOMINAL,False,False,False,False,False,,71.33863196373055,1.55,1.15,,-0.40000000000000013,-1790476687.350675,,0.0,0.0,0.0,0.0,0.0,0.0,-1790476687.350675,-1790476687.350675,HANDOFF_REJECT,MISSED_FROZEN_ACTIVATION,False
u3e2,2,1790476757.2908633,69.94018816947937,377,NOMINAL,377,NOMINAL,True,True,True,True,True,71.3563380146033,71.3563380146033,1.17,1.17,0.0,0.0,72.11633801460266,,1.0,0.0,2.709419748079758,1.0,0.0,2.709419748079758,70.44932341575623,71.31909465789795,,,False
u3e2,2,1790476757.2908633,69.94018816947937,378,SIDE_MINUS,377,NOMINAL,False,False,False,False,False,,71.3563380146033,0.48,1.17,,0.69,-1790476687.350675,,0.0,0.0,0.0,1.0,0.0,2.709419748079758,-1790476687.350675,-1790476687.350675,PREFLIGHT_REJECT,DYNAMICS_FAIL,False
u3e2,2,1790476757.2908633,69.94018816947937,379,SIDE_PLUS,377,NOMINAL,False,False,False,False,False,,71.3563380146033,1.18,1.17,,-0.010000000000000009,-1790476687.350675,,0.0,0.0,0.0,1.0,0.0,2.709419748079758,-1790476687.350675,-1790476687.350675,PREFLIGHT_REJECT,DYNAMICS_FAIL,False
u3e2,2,1790476757.553428,70.20275282859802,380,NOMINAL,380,NOMINAL,True,True,True,True,True,71.3830721473699,71.3830721473699,1.0,1.0,0.0,0.0,72.37307214736938,,1.0,0.0,2.878970774506474,1.0,0.0,2.878970774506474,70.44932341575623,71.44932389259338,,,False
u3e2,2,1790476757.553428,70.20275282859802,381,SIDE_MINUS,380,NOMINAL,False,False,False,False,False,,71.3830721473699,0.6,1.0,,0.4,-1790476687.350675,,0.0,0.0,0.0,1.0,0.0,2.878970774506474,-1790476687.350675,-1790476687.350675,PREFLIGHT_REJECT,DYNAMICS_FAIL,False
u3e2,2,1790476757.553428,70.20275282859802,382,SIDE_PLUS,380,NOMINAL,False,False,False,False,False,,71.3830721473699,0.7000000000000001,1.0,,0.29999999999999993,-1790476687.350675,,0.0,0.0,0.0,1.0,0.0,2.878970774506474,-1790476687.350675,-1790476687.350675,PREFLIGHT_REJECT,DYNAMICS_FAIL,False
u3e2,2,1790476757.8480382,70.49736309051514,384,SIDE_MINUS,385,SIDE_PLUS,False,False,False,True,False,,71.39275501251258,1.07,0.72,,-0.3500000000000001,72.6627550125122,OPPONENT_C3_HIGHER,1.0,0.0,3.770643544562152,1.0,0.125,2.5848820051405434,70.6627550125122,71.54932403564453,,,False
u3e2,2,1790476757.8480382,70.49736309051514,385,SIDE_PLUS,385,SIDE_PLUS,True,True,True,True,True,71.39275501251258,71.39275501251258,0.72,0.72,0.0,0.0,72.6627550125122,,1.0,0.125,2.5848820051405434,1.0,0.125,2.5848820051405434,70.6627550125122,71.54932403564453,,,False
u3e2,2,1790476758.1124463,70.76177144050598,387,SIDE_MINUS,388,SIDE_PLUS,False,False,False,True,False,,71.41327785491968,0.8200000000000001,0.49,,-0.33000000000000007,72.92327785491943,OPPONENT_C3_HIGHER,1.0,0.0,1.856672273655246,1.0,0.1666666666666666,1.629718831149782,70.92327785491943,71.54932427406311,,,False
u3e2,2,1790476758.1124463,70.76177144050598,388,SIDE_PLUS,388,SIDE_PLUS,True,True,True,True,True,71.41327785491968,71.41327785491968,0.49,0.49,0.0,0.0,72.92327785491943,,1.0,0.1666666666666666,1.629718831149782,1.0,0.1666666666666666,1.629718831149782,70.92327785491943,71.54932427406311,,,False
u3e2,2,1790476758.6824734,71.33179831504822,392,NOMINAL,392,NOMINAL,True,True,True,True,False,,,0.0,0.0,,0.0,73.48474597930908,,0.0,0.0,0.0,0.0,0.0,0.0,71.48474597930908,71.54932475090027,,,False
u3e2,2,1790476758.6824734,71.33179831504822,393,SIDE_MINUS,392,NOMINAL,False,False,False,True,False,,,0.0,0.0,,0.0,73.48474597930908,K2_BASELINE_UNAVAILABLE,0.0,0.0,0.0,0.0,0.0,0.0,71.48474597930908,71.54932475090027,,,False
u3e2,2,1790476758.6824734,71.33179831504822,394,SIDE_PLUS,392,NOMINAL,False,False,False,True,False,,,0.0,0.0,,0.0,73.48474597930908,K2_BASELINE_UNAVAILABLE,0.0,0.0,0.0,0.0,0.0,0.0,71.48474597930908,71.54932475090027,,,False
u3e3,2,1790476758.1124463,70.76177144050598,387,SIDE_MINUS,388,SIDE_PLUS,False,False,False,True,False,,,2.28,1.93,,-0.34999999999999987,72.92327785491943,OPPONENT_C3_HIGHER,1.0,0.0,1.856672273655246,1.0,0.1666666666666666,1.629718831149782,70.92327785491943,71.54932427406311,,,False
u3e3,2,1790476758.1124463,70.76177144050598,388,SIDE_PLUS,388,SIDE_PLUS,True,True,True,True,False,,,1.93,1.93,,0.0,72.92327785491943,,1.0,0.1666666666666666,1.629718831149782,1.0,0.1666666666666666,1.629718831149782,70.92327785491943,71.54932427406311,,,False
u3e3,2,1790476758.6824734,71.33179831504822,392,NOMINAL,392,NOMINAL,True,True,True,True,False,,,1.08,1.08,,0.0,73.48474597930908,,0.0,0.0,0.0,0.0,0.0,0.0,71.48474597930908,71.54932475090027,,,False
u3e3,2,1790476758.6824734,71.33179831504822,393,SIDE_MINUS,392,NOMINAL,False,False,False,True,False,,,1.07,1.08,,0.010000000000000009,73.48474597930908,K2_BASELINE_UNAVAILABLE,0.0,0.0,0.0,0.0,0.0,0.0,71.48474597930908,71.54932475090027,,,False
u3e3,2,1790476758.6824734,71.33179831504822,394,SIDE_PLUS,392,NOMINAL,False,False,False,True,False,,,1.06,1.08,,0.020000000000000018,73.48474597930908,K2_BASELINE_UNAVAILABLE,0.0,0.0,0.0,0.0,0.0,0.0,71.48474597930908,71.54932475090027,,,False
u3e3,2,1790476758.940019,71.58934378623962,395,NOMINAL,397,SIDE_PLUS,False,False,False,True,False,,,1.07,1.07,,0.0,73.73835563659668,,1.0,0.3333333333333333,0.8300898259555943,1.0,0.3333333333333333,0.8288369447368282,73.04932355880737,73.58474588394165,,,False
u3e3,2,1790476758.940019,71.58934378623962,396,SIDE_MINUS,397,SIDE_PLUS,False,False,False,True,False,,,1.06,1.07,,0.010000000000000009,73.73835563659668,OPPONENT_D3_LOWER,1.0,0.3333333333333333,0.832269610262744,1.0,0.3333333333333333,0.8288369447368282,73.04932355880737,73.58474588394165,,,False
u3e3,2,1790476758.940019,71.58934378623962,397,SIDE_PLUS,397,SIDE_PLUS,True,True,True,True,False,,,1.07,1.07,,0.0,73.73835563659668,D3_LOWER,1.0,0.3333333333333333,0.8288369447368282,1.0,0.3333333333333333,0.8288369447368282,73.04932355880737,73.58474588394165,,,False
u3e3,2,1790476759.2276292,71.87695407867432,399,SIDE_MINUS,399,SIDE_MINUS,True,True,True,True,False,,,1.07,1.07,,0.0,74.02192306518555,C3_HIGHER,1.0,0.375,1.488214042621098,1.0,0.375,1.488214042621098,73.04932355880737,73.83835554122925,,,False
u3e3,2,1790476759.2276292,71.87695407867432,400,SIDE_PLUS,399,SIDE_MINUS,False,False,False,True,False,,,1.47,1.07,,-0.3999999999999999,74.02192306518555,,1.0,0.0,2.682309095093602,1.0,0.375,1.488214042621098,73.04932355880737,73.83835554122925,,,False
u3e3,2,1790476759.5045128,72.15383768081665,401,NOMINAL,402,SIDE_MINUS,False,False,False,True,False,,,1.06,1.05,,-0.010000000000000009,74.29664134979248,,0.9090909090909092,0.1818181818181818,2.8277314375656024,0.9090909090909092,0.1818181818181818,2.812941605487897,73.04932355880737,74.12192296981812,,,False
u3e3,2,1790476759.5045128,72.15383768081665,402,SIDE_MINUS,402,SIDE_MINUS,True,True,True,True,False,,,1.05,1.05,,0.0,74.29664134979248,D3_LOWER,0.9090909090909092,0.1818181818181818,2.812941605487897,0.9090909090909092,0.1818181818181818,2.812941605487897,73.04932355880737,74.12192296981812,,,False
u3e3,2,1790476759.5045128,72.15383768081665,403,SIDE_PLUS,402,SIDE_MINUS,False,False,False,True,False,,,1.29,1.05,,-0.24,74.29664134979248,OPPONENT_C3_HIGHER,0.9090909090909092,0.0,2.59929856417376,0.9090909090909092,0.1818181818181818,2.812941605487897,73.04932355880737,74.12192296981812,,,False
u3e3,2,1790476759.7614694,72.41079425811768,404,NOMINAL,405,SIDE_MINUS,False,False,False,True,False,,,1.04,1.04,,0.0,74.55090355873108,,0.8571428571428571,0.1428571428571428,3.0707651799130637,0.8571428571428571,0.1428571428571428,3.0550598099735846,73.04932355880737,74.39664125442505,,,False
u3e3,2,1790476759.7614694,72.41079425811768,405,SIDE_MINUS,405,SIDE_MINUS,True,True,True,True,False,,,1.04,1.04,,0.0,74.55090355873108,D3_LOWER,0.8571428571428571,0.1428571428571428,3.0550598099735846,0.8571428571428571,0.1428571428571428,3.0550598099735846,73.04932355880737,74.39664125442505,,,False
u3e3,2,1790476759.7614694,72.41079425811768,406,SIDE_PLUS,405,SIDE_MINUS,False,False,False,True,False,,,1.04,1.04,,0.0,74.55090355873108,D3_LOWER,0.8571428571428571,0.1428571428571428,3.069293271509552,0.8571428571428571,0.1428571428571428,3.0550598099735846,73.04932355880737,74.39664125442505,,,False
u3e3,2,1790476760.035645,72.68496990203857,408,SIDE_MINUS,409,SIDE_PLUS,False,False,False,True,False,,73.99496976852477,1.13,0.81,,-0.31999999999999984,74.82496976852417,,0.0,0.0,0.0,0.0,0.0,0.0,-1790476687.350675,-1790476687.350675,,,False
u3e3,2,1790476760.035645,72.68496990203857,409,SIDE_PLUS,409,SIDE_PLUS,True,True,True,True,True,73.99496976852477,73.99496976852477,0.81,0.81,0.0,0.0,74.82496976852417,,0.0,0.0,0.0,0.0,0.0,0.0,-1790476687.350675,-1790476687.350675,,,False
u3e3,2,1790476760.3152127,72.96453762054443,411,SIDE_MINUS,412,SIDE_PLUS,False,False,False,True,False,,74.07453748703053,1.22,0.89,,-0.32999999999999996,75.10453748703003,,0.0,0.0,0.0,0.0,0.0,0.0,-1790476687.350675,-1790476687.350675,,,False
u3e3,2,1790476760.3152127,72.96453762054443,412,SIDE_PLUS,412,SIDE_PLUS,True,True,True,True,True,74.07453748703053,74.07453748703053,0.89,0.89,0.0,0.0,75.10453748703003,,0.0,0.0,0.0,0.0,0.0,0.0,-1790476687.350675,-1790476687.350675,,,False
u3e3,2,1790476761.0068853,73.65621018409729,452,NOMINAL,452,NOMINAL,False,False,False,False,False,74.07621005058303,74.07621005058303,0.28,0.28,0.0,0.0,-1790476687.350675,,0.0,0.0,0.0,0.0,0.0,0.0,-1790476687.350675,-1790476687.350675,CERTIFICATE_REJECT,,False
u3e3,2,1790476761.0068853,73.65621018409729,453,SIDE_MINUS,452,NOMINAL,False,False,False,False,False,74.08621005058303,74.07621005058303,0.29,0.28,-0.010000000000005116,-0.009999999999999953,-1790476687.350675,,0.0,0.0,0.0,0.0,0.0,0.0,-1790476687.350675,-1790476687.350675,CERTIFICATE_REJECT,,False
u3e3,2,1790476761.0068853,73.65621018409729,454,SIDE_PLUS,452,NOMINAL,False,False,False,False,False,74.07621005058303,74.07621005058303,0.28,0.28,0.0,0.0,-1790476687.350675,,0.0,0.0,0.0,0.0,0.0,0.0,-1790476687.350675,-1790476687.350675,CERTIFICATE_REJECT,,False
u3e3,2,1790476761.1523488,73.80167365074158,467,NOMINAL,467,NOMINAL,False,False,False,False,False,74.08167351722724,74.08167351722724,0.14,0.14,0.0,0.0,-1790476687.350675,,0.0,0.0,0.0,0.0,0.0,0.0,-1790476687.350675,-1790476687.350675,CERTIFICATE_REJECT,,False
u3e3,2,1790476761.1523488,73.80167365074158,468,SIDE_MINUS,467,NOMINAL,False,False,False,False,False,74.08167351722724,74.08167351722724,0.14,0.14,0.0,0.0,-1790476687.350675,,0.0,0.0,0.0,0.0,0.0,0.0,-1790476687.350675,-1790476687.350675,CERTIFICATE_REJECT,,False
u3e3,2,1790476761.1523488,73.80167365074158,469,SIDE_PLUS,467,NOMINAL,False,False,False,False,False,74.08167351722724,74.08167351722724,0.14,0.14,0.0,0.0,-1790476687.350675,,0.0,0.0,0.0,0.0,0.0,0.0,-1790476687.350675,-1790476687.350675,CERTIFICATE_REJECT,,False
u3e3,2,1790476761.177471,73.82679581642151,471,SIDE_MINUS,472,SIDE_PLUS,False,False,False,True,True,74.07679568290716,74.07679568290716,0.11,0.11,0.0,0.0,75.9667956829071,,0.0,0.0,0.0,0.0,0.0,0.0,-1790476687.350675,-1790476687.350675,,,False
u3e3,2,1790476761.177471,73.82679581642151,472,SIDE_PLUS,472,SIDE_PLUS,True,True,True,True,True,74.07679568290716,74.07679568290716,0.11,0.11,0.0,0.0,75.9667956829071,,0.0,0.0,0.0,0.0,0.0,0.0,-1790476687.350675,-1790476687.350675,,,False
u3e3,2,1790476761.4215212,74.07084608078003,473,NOMINAL,473,NOMINAL,True,True,True,True,False,,,0.0,0.0,,0.0,76.21084594726562,,1.0,1.0,0.0,1.0,1.0,0.0,74.21084594726562,76.06679558753967,,,False
