episode,drone,candidate,kind,batch_s,primary,seed_recovery,final_recovery,seed_loss,final_loss,seed_j,final_j,winner,winner_kind,winner_executed,winner_loss,selected,reason,terminal_gate
u1e1,0,35,SIDE_MINUS,6.997150182723999,B,8.72715004920956,8.837150049209558,0.81,0.86,3.39805478312928,1.3492333952259836,34,SIDE_PLUS,True,0.86,False,OPPONENT_D3_LOWER,QUALITY_LOSS_OR_DEGRADED_SELECTED
u1e2,0,77,SIDE_MINUS,10.073018312454224,B,11.723018178939787,11.963018178939782,1.27,1.5,7.678308963734071,3.611906130493491,75,NOMINAL,True,1.49,False,OPPONENT_D3_LOWER,QUALITY_LOSS_OR_DEGRADED_SELECTED
u1e2,0,80,SIDE_MINUS,10.32414197921753,B,11.774141845703095,10.844141845703115,1.31,1.47,6.087022468818263,315.99470664788123,78,NOMINAL,True,1.45,False,,DYNAMICS_FAIL
u1e2,0,83,SIDE_MINUS,10.6002676486969,B,11.850267515182471,11.100267515182487,1.11,1.14,3.097813294601093,318.98515834227686,81,NOMINAL,True,1.16,False,,DYNAMICS_FAIL
u1e3,0,167,SIDE_MINUS,24.49640774726868,B,26.19374327659631,26.37374327659634,1.25,1.42,3.798458272013496,2.585266611391668,167,SIDE_MINUS,True,1.42,True,D3_LOWER,QUALITY_LOSS_OR_DEGRADED_SELECTED
u1e5,0,531,SIDE_MINUS,63.02498412132263,B,64.72753602027862,64.94753602027858,1.03,1.2,4.973458623911584,1.7349385808376403,530,NOMINAL,True,1.19,False,OPPONENT_D3_LOWER,QUALITY_LOSS_OR_DEGRADED_SELECTED
u1e5,0,534,SIDE_MINUS,63.31254482269287,B,64.8125446891782,64.95254468917817,1.08,1.21,3.731702769610211,1.7197646644675333,533,NOMINAL,True,1.2,False,OPPONENT_D3_LOWER,QUALITY_LOSS_OR_DEGRADED_SELECTED
u1e5,0,540,SIDE_MINUS,63.61709237098694,B,64.89709223747231,64.11709223747246,1.14,1.13,3.8924324582515273,292.30368097839937,539,NOMINAL,True,1.19,False,,DYNAMICS_FAIL
u3e1,2,151,SIDE_PLUS,34.49264931678772,K,36.1194626903531,36.09946269035311,0.8,0.81,10.268388189872374,13.388332981968606,150,SIDE_MINUS,True,0.98,False,OPPONENT_C3_HIGHER,C3_LOSS
u3e1,2,154,SIDE_PLUS,34.77191996574402,B,36.183831691741695,36.32383169174167,0.84,0.92,9.378538625850275,9.81093432224442,154,SIDE_PLUS,True,0.92,True,D3_LOWER,QUALITY_LOSS_OR_DEGRADED_SELECTED
u3e3,2,406,SIDE_PLUS,72.41079425811768,B,73.99090355873182,74.25090355873195,0.93,1.04,15.611769083922251,1.9560966142211405,405,SIDE_MINUS,True,1.04,False,D3_LOWER,QUALITY_LOSS_OR_DEGRADED_SELECTED
