episode,drone,candidate,static_body_clearance,dynamic_body_clearance,swarm_ellipsoid_distance
u1e1,0,35,1.0042318713043188,6.169726956421255,2.6729606660717984
u1e2,0,77,0.4888044380258836,4.15482958222691,2.349687500990361
u1e2,0,80,0.5036305100974137,4.041754414918734,2.261630010329086
u1e2,0,83,0.5400915683038277,4.15377143997557,2.415980270140836
u1e3,0,167,0.6004118789088235,4.418655121329195,2.364779507044246
u1e5,0,531,0.4891271159696005,1.7079075189829702,2.1236646765863005
u1e5,0,534,0.5649875066353189,1.7661949063143625,2.239630089290738
u1e5,0,540,0.5798414053753573,1.8865718930142008,2.362428097762699
u3e1,2,151,0.6301749116389461,3.462331599549445,2.704439703861315
u3e1,2,154,0.6649688060889638,3.587740187576438,2.7000207879718765
u3e3,2,406,0.6153000182867969,2.2346283590526386,1.7875176641057653
